:020000040800F2
:1060000000FC002045780008FD7800088979000828
:10601000F5790008F7790008F97900080000000018
:10602000000000000000000000000000FB790008F4
:10603000FD79000800000000FF790008FF790008E2
:10604000D1780008D17800081D7A0008D1780008BE
:10605000D1780008D1780008737A0008797A0008AE
:106060007F7A0008857A00088B7A0008297A000870
:10607000357A0008417A00084D7A0008D178000886
:10608000D1780008D1780008D1780008D1780008CC
:10609000D1780008D1780008917A0008D1780008FA
:1060A000D1780008D1780008D1780008D1780008AC
:1060B000D1780008D1780008D1780008D17800089C
:1060C000EDAE0208F9AE0208D1780008D1780008D8
:1060D000597A0008717A0008257B0008D1780008F9
:1060E000D1780008D17A0008057A0008D178000834
:1060F000D1780008D1780008D1780008D17800085C
:10610000D1780008D1780008117A00083D7B00089A
:10611000D1780008D1780008D1780008D17800083B
:10612000D1780008D1780008D1780008D17800082B
:08613000D1780008D1780008C5
:1061400010B5054C237833B9044B13B10448AFF3B1
:1061500000800123237010BDE80F00200000000024
:106160007800030808B5034B1BB103490348AFF39C
:10617000008008BD00000000EC0F0020780003083C
:1061800010F8012B11F8013B012A28BF9A42F7D0E1
:10619000D01A7047034613F8012B002AFBD1181AB6
:1061A00001387047000000000000000000000000FF
:1061B00001F0FF01102A2BDB10F0070F08D010F8B8
:1061C000013B013A8B422DD010F0070F42B3F6D1BC
:1061D000F0B441EA012141EA014122F007047FF0D5
:1061E00000070023F0E80256083C85EA010586EA2C
:1061F000010685FA47F5A3FA87F586FA47F6A5FA68
:1062000087F68EB9EED1F0BC01F0FF0102F0070273
:1062100032B110F8013B013A83EA010313B1F8D11E
:106220000020704701387047002D06BF35460338FF
:10623000073815F0010F07D1013015F4807F02BF38
:10624000013015F4C03F0130F0BC0138704700BF89
:1062500081F0004102E000BF83F0004330B54FEA17
:1062600041044FEA430594EA050F08BF90EA020F84
:106270001FBF54EA000C55EA020C7FEA645C7FEA17
:10628000655C00F0E2804FEA5454D4EB5555B8BF3A
:106290006D420CDD2C4480EA020281EA030382EAAB
:1062A000000083EA010180EA020281EA0303362D3D
:1062B00088BF30BD11F0004F4FEA01314FF4801C10
:1062C0004CEA113102D0404261EB410113F0004F22
:1062D0004FEA03334CEA133302D0524263EB4303D9
:1062E00094EA050F00F0A780A4F10104D5F1200E77
:1062F0000DDB02FA0EFC22FA05F2801841F10001D2
:1063000003FA0EF2801843FA05F359410EE0A5F1A5
:1063100020050EF1200E012A03FA0EFC28BF4CF0D6
:10632000020C43FA05F3C01851EBE37101F000458C
:1063300007D54FF0000EDCF1000C7EEB00006EEB99
:106340000101B1F5801F1BD3B1F5001F0CD3490823
:106350005FEA30004FEA3C0C04F101044FEA44527A
:1063600012F5800F80F09A80BCF1004F08BF5FEA01
:10637000500C50F1000041EB045141EA050130BDE1
:106380005FEA4C0C404141EB0101013C28BFB1F5F3
:10639000801FE9D291F0000F04BF01460020B1FA3E
:1063A00081F308BF2033A3F10B03B3F120020CDA11
:1063B0000C3208DD02F1140CC2F10C0201FA0CF0EF
:1063C00021FA02F10CE002F11402D8BFC2F1200C54
:1063D00001FA02F120FA0CFCDCBF41EA0C0190400A
:1063E000E41AA2BF01EB0451294330BD6FEA040453
:1063F0001F3C1CDA0C340EDC04F11404C4F120023E
:1064000020FA04F001FA02F340EA030021FA04F34F
:1064100045EA030130BDC4F10C04C4F1200220FAA6
:1064200002F001FA04F340EA0300294630BD21FAE4
:1064300004F0294630BD94F0000F83F4801306BFAA
:1064400081F480110134013D4EE77FEA645C18BF9E
:106450007FEA655C29D094EA050F08BF90EA020F35
:1064600005D054EA000C04BF1946104630BD91EA2D
:10647000030F1EBF0021002030BD5FEA545C05D130
:106480004000494128BF41F0004130BD14F580046F
:106490003CBF01F5801130BD01F0004545F0FE41E3
:1064A00041F470014FF0000030BD7FEA645C1ABF18
:1064B000194610467FEA655C1CBF0B46024650EA4F
:1064C000013406BF52EA033591EA030F41F400217B
:1064D00030BD00BF90F0000F04BF0021704730B501
:1064E0004FF4806404F132044FF000054FF00001D6
:1064F00050E700BF90F0000F04BF0021704730B597
:106500004FF4806404F1320410F0004548BF40426B
:106510004FF000013EE700BF42004FEAE2014FEAC0
:1065200031014FEA02701FBF12F07F4393F07F4F9B
:1065300081F06051704732F07F4208BF704793F09E
:106540007F4F04BF41F40021704730B54FF46074B1
:1065500001F0004521F000411CE700BF50EA0102B4
:1065600008BF704730B54FF000050AE050EA01025D
:1065700008BF704730B511F0004502D5404261EBCD
:1065800041014FF4806404F132045FEA915C3FF40E
:10659000D8AE4FF003025FEADC0C18BF03325FEAAB
:1065A000DC0C18BF033202EBDC02C2F1200300FA5C
:1065B00003FC20FA02F001FA03FE40EA0E0021FA81
:1065C00002F11444BDE600BF70B54FF0FF0C4CF46F
:1065D000E06C1CEA11541DBF1CEA135594EA0C0F21
:1065E00095EA0C0F00F0DEF82C4481EA030621EA5C
:1065F0004C5123EA4C5350EA013518BF52EA033597
:1066000041F4801143F4801338D0A0FB02CE4FF048
:106610000005E1FB02E506F00042E0FB03E54FF078
:106620000006E1FB03569CF0000F18BF4EF0010E70
:10663000A4F1FF04B6F5007F64F5407404D25FEA6C
:106640004E0E6D4146EB060642EAC62141EA55511F
:106650004FEAC52040EA5E504FEACE2EB4F1FD0C61
:1066600088BFBCF5E06F1ED8BEF1004F08BF5FEADF
:10667000500E50F1000041EB045170BD06F0004691
:1066800046EA010140EA020081EA0301B4EB5C043E
:10669000C2BFD4EB0C0541EA045170BD41F4801136
:1066A0004FF0000E013C00F3AB8014F1360FDEBF5B
:1066B000002001F0004170BDC4F10004203C35DA37
:1066C0000C341BDC04F11404C4F1200500FA05F3BA
:1066D00020FA04F001FA05F240EA020001F000425B
:1066E00021F0004110EBD37021FA04F642EB0601D1
:1066F0005EEA430E08BF20EAD37070BDC4F10C04FB
:10670000C4F1200500FA04F320FA05F001FA04F2BE
:1067100040EA020001F0004110EBD37041F10001AA
:106720005EEA430E08BF20EAD37070BDC4F12005B5
:1067300000FA05F24EEA020E20FA04F301FA05F21D
:1067400043EA020321FA04F001F0004121FA04F2C5
:1067500020EA020000EBD3705EEA430E08BF20EA95
:10676000D37070BD94F0000F0FD101F000464000CF
:1067700041EB010111F4801F08BF013CF7D041EA51
:10678000060195F0000F18BF704703F00046520055
:1067900043EB030313F4801F08BF013DF7D043EA26
:1067A0000603704794EA0C0F0CEA135518BF95EADC
:1067B0000C0F0CD050EA410618BF52EA4306D1D163
:1067C00081EA030101F000414FF0000070BD50EA82
:1067D000410606BF1046194652EA430619D094EA0C
:1067E0000C0F02D150EA013613D195EA0C0F05D1F6
:1067F00052EA03361CBF104619460AD181EA03014A
:1068000001F0004141F0FE4141F470014FF0000001
:1068100070BD41F0FE4141F4780170BD70B54FF09C
:10682000FF0C4CF4E06C1CEA11541DBF1CEA13551C
:1068300094EA0C0F95EA0C0F00F0A7F8A4EB0504FE
:1068400081EA030E52EA03354FEA013100F08880F5
:106850004FEA03334FF0805545EA131343EA1263BE
:106860004FEA022245EA111545EA10654FEA002673
:106870000EF000419D4208BF964244F1FD0404F52C
:10688000407402D25B084FEA3202B61A65EB030588
:106890005B084FEA32024FF480104FF4002CB6EB45
:1068A000020E75EB030E22BFB61A754640EA0C00C5
:1068B0005B084FEA3202B6EB020E75EB030E22BF05
:1068C000B61A754640EA5C005B084FEA3202B6EB46
:1068D000020E75EB030E22BFB61A754640EA9C0005
:1068E0005B084FEA3202B6EB020E75EB030E22BFD5
:1068F000B61A754640EADC0055EA060E18D04FEA93
:10690000051545EA16754FEA06164FEAC30343EA32
:1069100052734FEAC2025FEA1C1CC0D111F4801FFF
:106920000BD141EA00014FF000004FF0004CB6E7F8
:1069300011F4801F04BF01430020B4F1FD0C88BF97
:10694000BCF5E06F3FF6AFAEB5EB030C04BFB6EBA2
:10695000020C5FEA500C50F1000041EB045170BD95
:106960000EF0004E4EEA113114EB5C04C2BFD4EBC2
:106970000C0541EA045170BD41F480114FF0000E46
:10698000013C90E645EA060E8DE60CEA135594EAC2
:106990000C0F08BF95EA0C0F3FF43BAF94EA0C0FC5
:1069A0000AD150EA01347FF434AF95EA0C0F7FF43A
:1069B00025AF104619462CE795EA0C0F06D152EA8E
:1069C00003353FF4FDAE1046194622E750EA410672
:1069D00018BF52EA43067FF4C5AE50EA41047FF483
:1069E0000DAF52EA43057FF4EBAE12E74FF0FF3CE8
:1069F00006E000BF4FF0010C02E000BF4FF0010CB9
:106A00004DF804CD4FEA410C7FEA6C5C4FEA430C31
:106A100018BF7FEA6C5C1BD001B050EA410C0CBF80
:106A200052EA430C91EA030F02BF90EA020F0020E2
:106A3000704710F1000F91EA030F58BF994208BF49
:106A400090422CBFD8176FEAE37040F00100704706
:106A50004FEA410C7FEA6C5C02D150EA013C07D15D
:106A60004FEA430C7FEA6C5CD6D152EA033CD3D0A8
:106A70005DF8040B704700BF8446104662468C46A2
:106A80001946634600E000BF01B5FFF7B7FF0028D5
:106A900048BF10F1000F01BD4DF808EDFFF7F4FFFE
:106AA0000CBF012000205DF808FB00BF4DF808ED89
:106AB000FFF7EAFF34BF012000205DF808FB00BFAC
:106AC0004DF808EDFFF7E0FF94BF012000205DF8CE
:106AD00008FB00BF4DF808EDFFF7CEFF94BF012083
:106AE00000205DF808FB00BF4DF808EDFFF7C4FF7C
:106AF00034BF012000205DF808FB00BF4FEA410CC5
:106B00007FEA6C5C02D150EA013C0AD14FEA430CA7
:106B10007FEA6C5C02D152EA033C02D14FF00000E4
:106B200070474FF0010070474FEA410212F5001222
:106B300015D211D56FF47873B3EB625212D94FEAC4
:106B4000C12343F0004343EA505311F0004F23FAAE
:106B500002F018BF404270474FF00000704750EA03
:106B6000013005D111F0004008BF6FF000407047C0
:106B70004FF00000704700BF80F0004002E000BF0F
:106B800081F0004142001FBF5FEA410392EA030F18
:106B90007FEA226C7FEA236C6AD04FEA1262D2EB62
:106BA0001363C1BFD218414048404140B8BF5B4267
:106BB000192B88BF704710F0004F40F4000020F000
:106BC0007F4018BF404211F0004F41F4000121F016
:106BD0007F4118BF494292EA030F3FD0A2F1010260
:106BE00041FA03FC10EB0C00C3F1200301FA03F19E
:106BF00000F0004302D5494260EB4000B0F5000FC1
:106C000013D3B0F1807F06D340084FEA310102F17F
:106C10000102FE2A51D2B1F1004F40EBC25008BF31
:106C200020F0010040EA03007047490040EB0000FB
:106C3000013A28BFB0F5000FEDD2B0FA80FCACF1FC
:106C4000080CB2EB0C0200FA0CF0AABF00EBC25029
:106C500052421843BCBFD0401843704792F0000F17
:106C600081F4000106BF80F400000132013BB5E76A
:106C70004FEA41037FEA226C18BF7FEA236C21D0E0
:106C800092EA030F04D092F0000F08BF0846704745
:106C900090EA010F1CBF0020704712F07F4F04D113
:106CA000400028BF40F00040704712F100723CBF26
:106CB00000F50000704700F0004343F0FE4040F450
:106CC000000070477FEA226216BF08467FEA23630E
:106CD0000146420206BF5FEA412390EA010F40F4F9
:106CE000800070474FF0000304E000BF10F0004345
:106CF00048BF40425FEA000C08BF704743F096432C
:106D000001464FF000001CE050EA010208BF704746
:106D10004FF000030AE000BF50EA010208BF7047CD
:106D200011F0004302D5404261EB41015FEA010CE2
:106D300002BF84460146002043F0B64308BFA3F1DA
:106D40008053A3F50003BCFA8CF2083AA3EBC253BC
:106D500010DB01FA02FC634400FA02FCC2F12002DB
:106D6000BCF1004F20FA02F243EB020008BF20F012
:106D70000100704702F1200201FA02FCC2F1200278
:106D800050EA4C0021FA02F243EB020008BF20EA6D
:106D9000DC7070474FF0FF0C1CEAD0521EBF1CEA9B
:106DA000D15392EA0C0F93EA0C0F6FD01A4480EA89
:106DB000010C400218BF5FEA41211ED04FF0006372
:106DC00043EA501043EA5111A0FB01310CF000409E
:106DD000B1F5000F3EBF490041EAD3715B0040EAC4
:106DE000010062F17F02FD2A1DD8B3F1004F40EB94
:106DF000C25008BF20F00100704790F0000F0CF067
:106E0000004C08BF49024CEA502040EA51207F3A2A
:106E1000C2BFD2F1FF0340EAC250704740F4000005
:106E20004FF00003013A5DDC12F1190FDCBF00F0F6
:106E300000407047C2F10002410021FA02F1C2F1A4
:106E4000200200FA02FC5FEA310040F1000053EA40
:106E50004C0308BF20EADC70704792F0000F00F08E
:106E6000004C02BF400010F4000F013AF9D040EA94
:106E70000C0093F0000F01F0004C02BF490011F428
:106E8000000F013BF9D041EA0C018FE70CEAD15326
:106E900092EA0C0F18BF93EA0C0F0AD030F0004CA6
:106EA00018BF31F0004CD8D180EA010000F000405A
:106EB000704790F0000F17BF90F0004F084691F018
:106EC000000F91F0004F14D092EA0C0F01D1420252
:106ED0000FD193EA0C0F03D14B0218BF084608D11B
:106EE00080EA010000F0004040F0FE4040F4000065
:106EF000704740F0FE4040F4400070474FF0FF0CF8
:106F00001CEAD0521EBF1CEAD15392EA0C0F93EA3E
:106F10000C0F69D0A2EB030280EA010C49024FEA90
:106F2000402037D04FF0805343EA111143EA101349
:106F30000CF000408B4238BF5B0042F17D024FF401
:106F4000000C8B4224BF5B1A40EA0C00B3EB510FDC
:106F500024BFA3EB510340EA5C00B3EB910F24BFC5
:106F6000A3EB910340EA9C00B3EBD10F24BFA3EB4A
:106F7000D10340EADC001B0118BF5FEA1C1CE0D112
:106F8000FD2A3FF650AF8B4240EBC25008BF20F0C5
:106F9000010070470CF0004C4CEA50207F32C2BF19
:106FA000D2F1FF0340EAC250704740F400004FF0B6
:106FB0000003013A37E792F0000F00F0004C02BFE7
:106FC000400010F4000F013AF9D040EA0C0093F0B1
:106FD000000F01F0004C02BF490011F4000F013B0B
:106FE000F9D041EA0C0195E70CEAD15392EA0C0F73
:106FF00008D142027FF47DAF93EA0C0F7FF470AFAB
:10700000084676E793EA0C0F04D14B023FF44CAFED
:1070100008466EE730F0004C18BF31F0004CCAD182
:1070200030F000427FF45CAF31F000437FF43CAFBE
:107030005FE700BF4FF0FF3C06E000BF4FF0010CE0
:1070400002E000BF4FF0010C4DF804CD4FEA4002C2
:107050004FEA41037FEA226C18BF7FEA236C11D00C
:1070600001B052EA530C18BF90EA010F58BFB2EBBF
:10707000030088BFC81738BF6FEAE17018BF40F03F
:10708000010070477FEA226C02D15FEA402C05D1F3
:107090007FEA236CE4D15FEA412CE1D05DF8040B78
:1070A000704700BF844608466146FFE70FB5FFF70B
:1070B000C9FF002848BF10F1000F0FBD4DF808EDC3
:1070C000FFF7F4FF0CBF012000205DF808FB00BFB4
:1070D0004DF808EDFFF7EAFF34BF012000205DF80E
:1070E00008FB00BF4DF808EDFFF7E0FF94BF01205B
:1070F00000205DF808FB00BF4DF808EDFFF7D2FF58
:1071000094BF012000205DF808FB00BF4DF808ED9A
:10711000FFF7C8FF34BF012000205DF808FB00BF67
:1071200053B94AB9002908BF00281CBF4FF0FF31EE
:107130004FF0FF3000F074B9ADF1080C6DE904CEEA
:1071400000F006F8DDF804E0DDE9022304B0704742
:107150002DE9F047089E0D4604468846002B4DD188
:107160008A42944668D9B2FA82F252B101FA02F325
:10717000C2F1200120FA01F10CFA02FC41EA0308F5
:1071800094404FEA1C45210CB8FBF5FE1FFA8CF722
:1071900005FB1E8341EA03430EFB07F199420BD91D
:1071A0001CEB03030EF1FF3080F01E81994240F288
:1071B0001B81AEF1020E63445B1AA4B2B3FBF5F07F
:1071C00005FB103344EA034400FB07F7A7420AD942
:1071D0001CEB040400F1FF3380F00881A74240F269
:1071E000058164440238E41B40EA0E4000211EB1D0
:1071F000D4400023C6E90043BDE8F0878B4208D99C
:10720000002E00F0EE800021C6E900050846BDE82A
:10721000F087B3FA83F100294AD1AB4202D382420C
:1072200000F2F980841A65EB030301209846002ED2
:10723000E2D0C6E90048DFE702B9FFDEB2FA82F227
:10724000002A40F09180A1EB0C054FEA1C471FFA81
:107250008CFE0121B5FBF7F307FB1350250C45EA23
:1072600000450EFB03F0A84208D91CEB050503F10D
:10727000FF3802D2A84200F2CB8043462D1AA4B2B6
:10728000B5FBF7F007FB105544EA05440EFB00FE82
:10729000A64508D91CEB040400F1FF3502D2A6452F
:1072A00000F2BB802846A4EB0E0440EA03409EE7B0
:1072B000C1F120078B4022FA07FC4CEA030C20FAAC
:1072C00007F405FA01F31C43FD404FEA1C4900FA9C
:1072D00001F3B5FBF9F8200C1FFA8CFE09FB1855D9
:1072E00040EA054508FB0EF0A84202FA01F20BD96C
:1072F0001CEB050508F1FF3A80F08880A84240F2B7
:107300008580A8F1020865442D1AA4B2B5FBF9F0F6
:1073100009FB105544EA054500FB0EFEAE4508D9B1
:107320001CEB050500F1FF346CD2AE456AD902387A
:10733000654440EA0840A0FB0294A5EB0E05A54277
:10734000C846A64656D353D05EB1B3EB080265EBF0
:107350000E0505FA07F722FA01F3CD401F43C6E9EF
:1073600000750021BDE8F087C2F1200320FA03F187
:107370000CFA02FC25FA03F395400D434FEA1C4733
:107380001FFA8CFEB3FBF7F107FB11302B0C43EA1D
:10739000004301FB0EF0984204FA02F408D91CEBFA
:1073A000030301F1FF382FD298422DD902396344EB
:1073B0001B1AADB2B3FBF7F007FB103345EA0345E8
:1073C00000FB0EF3AB4208D91CEB050500F1FF38BA
:1073D00016D2AB4214D902386544ED1A40EA014195
:1073E00038E73146304607E78646E5E61846FAE6CE
:1073F0004B45A9D2B9EB020864EB0C0E0138A3E7A8
:107400004046EAE7204694E74146D1E7D0467BE78D
:10741000023B654432E7084609E76444023842E724
:10742000704700BF10B59AB04822002108A825F087
:1074300041FD1822002102A825F03CFD10F0CEF8F5
:107440004FF0B0420024D2F8903023F01803C2F875
:107450009030D2F8003423F4C06343F40073C2F8D0
:107460000034D2F80034119403F4C06301934FF454
:107470008072019B0C922E234022089381230B9350
:107480000D920123B02208A8CDE90E341093129278
:1074900013940FF047FB08B100F0C0F94F2302210D
:1074A00002A8CDE90234CDE90444CDE906440FF049
:1074B000DBFD08B100F0B2F91AB010BD13B50378C6
:1074C000082B00F2A280DFE803F013848BA09494D1
:1074D00005A09A00047920460CF03EFA204607F0F9
:1074E000E1FD0021204602B0BDE810400CF03CBA9E
:1074F00000200CF031FA012826D101200CF02CFAE2
:10750000012804D001200DF0E3FC00282ADC022031
:107510000CF022FA012804D002200DF0D9FC00283A
:107520003BDC02B010BD012201A900200DF098FB48
:1075300000200CF011FA044630B90DF0A5FC48B952
:107540009DF8041007F01AFD00200DF0C1FC002882
:10755000E9DCD2E70128F7D19DF8041020460DF0B0
:10756000EDFBF1E7012201A910460DF079FB0120A6
:107570000CF0F2F90028C5D101200DF085FC28B9E6
:107580009DF80410012007F0F9FCBBE70128B9D1F0
:107590009DF804100DF0D2FBB4E7012201A90220EE
:1075A0000DF05EFB02200CF0D7F90028B4D10220C8
:1075B0000DF06AFC28B99DF80410022007F0DEFCEB
:1075C000AAE70128A8D19DF8041002200DF0B6FB0F
:1075D000A2E717F02DF802B0BDE8104007F0B4BCE8
:1075E0000E4B1B68002B9CD0406802B0BDE81040D9
:1075F0001847406802B0BDE810400DF001BD40687A
:1076000002B0BDE810400DF09DB9054B1B6E002B7C
:1076100087D002B0BDE81040184700BFF01E002020
:10762000002C030830B52D4B2D4A9A6085B00DF023
:1076300099FDFFF7F7FE4FF0B0430B209A6C42F034
:1076400004029A649A6C02F004020392039A9A6C00
:1076500042F001029A649B6C002203F00103114680
:107660000293029B0FF012FF0B200FF041FF0DF071
:10767000BBFC0CF037F90CF01FFA0024014605465C
:10768000234603220120CDE900440DF013FA2346DE
:10769000032229460220CDE900440DF00BFA0CF03C
:1076A000CDFF0CF0A7FA02F0FFFFE5B228460CF080
:1076B00053F910B9284607F0F5FC0134032CF4D136
:1076C0000DF07AFC0CF0A8FF012804D105B0BDE84C
:1076D000304004F03BB805B030BD00BF00ED00E025
:1076E0000060000808B50DF075FCBDE8084007F023
:1076F0002BBC000013B5FFF795FF4FF0B043DA6CD9
:1077000042F00202DA64DB6C03F002030193019B96
:1077100022F03EFE00F05AF8F0B1164801F071FD7B
:10772000154B16481A68164B196801F06AFD154882
:107730000DF05AFA05F0DAFA01280FD002280FD01E
:1077400010B911480DF050FA104CFFF7CBFF237819
:1077500043B922F01FFEF8E70D48DFE70D48F1E7D7
:107760000D48EFE70CF040F90028EED000200DF0B6
:107770006BF9EAE732030308D00F0020480303083F
:10778000C40F0020580303086C03030804100020F2
:107790003D030308780303088303030800F08CBF4C
:1077A00000F08FBF70470000BFF34F8F0549064BB5
:1077B000CA6802F4E0621343CB60BFF34F8F00BF8F
:1077C000FDE700BF00ED00E00400FA0570B586B0EB
:1077D0001022002102A825F06DFB4FF0B0430E4DA2
:1077E000DA6C42F00202DA64DB6C03F002034FF45D
:1077F0008056009301A92846009B019610F028F9B5
:107800003146284610F04AFA31460446284610F020
:10781000D1F9204606B070BD00040048BFF34F8F79
:107820000549064BCA6802F4E0621343CB60BFF31C
:107830004F8F00BFFDE700BF00ED00E00400FA0538
:107840007047000017488546FFF7FAFF16481749AA
:10785000174A002302E0D458C4500433C4188C42A1
:10786000F9D3144A144C002301E013600432A242FD
:10787000FBD312481249134A002302E0D458C450E3
:107880000433C4188C42F9D30F4A104C002301E092
:1078900013600432A242FBD325F090FAFFF72AFFCF
:1078A000FEE7000000FC002000000020E80F0020A0
:1078B00028380308E80F002050A70020000000200F
:1078C000E80F002028380308E80F002050A7002008
:1078D00000F05AB80368074A934206D1DA69D20623
:1078E00006D510221A6201F0A9B9034A9342F5D0D5
:1078F000704700BF00800040003801404FF0B043A7
:107900004FF0FF319A6B9963DA6BD9639A6B00225F
:107910009A63D86BDA63186C1964186C1A64586C23
:107920005964586C5A64986A9962986A9A62D86ADB
:10793000D962D86ADA62186B1963196B1A635A6CC8
:1079400042F001025A645A6C22F001025A64D3F8E0
:10795000902042F48032C3F89020D3F8902022F493
:107960008032C3F89020BFF34F8F0549054BCA689A
:1079700002F4E0621343CB60BFF34F8F00BFFDE71B
:1079800000ED00E00400FA054FF0B0434FF0FF3186
:107990009A6B9963DA6BD9639A6B00229A63D86BFE
:1079A000DA63186C1964186C1A64586C5964586C52
:1079B0005A64986A9962986A9A62D86AD962D86A4F
:1079C000DA62186B1963196B1A635A6C42F0010280
:1079D0005A645A6C22F001025A64D3F8902042F49F
:1079E0008032C3F89020D3F8902022F48032C3F87C
:1079F0009020FEE7FEE7FEE7FEE7704770470DF0D8
:107A0000C7BB0000014813F019BF00BF3C130020A2
:107A1000014810F05ABB00BFECA20020014814F04E
:107A2000DDB800BF3C13002001480FF0A7BF00BF26
:107A30004418002001480FF0A1BF00BF74130020BC
:107A400001480FF09BBF00BFD413002001480FF086
:107A500095BF00BFA418002010B5044C20460EF0BE
:107A6000DBF82046BDE81040FFF734BF9419002032
:107A70007047012010F01EB9022010F01BB904203D
:107A800010F018B9082010F015B9102010F012B934
:107A90000E4BDA68920602D5202010F00BB9DA6896
:107AA000500601D54020F8E7DA68110601D580209C
:107AB000F3E7DA68D20502D54FF48070EDE7DB68B2
:107AC0009B0502D54FF40070E7E7704700080058A7
:107AD000134BDA68510503D54FF4806010F0EAB813
:107AE000DA68120502D54FF40060F7E7DA68D004CF
:107AF00002D54FF48050F1E7DA68910402D54FF4D3
:107B00000050EBE7DA68520402D54FF48040E5E715
:107B1000DB681B0402D54FF40040DFE7704700BF6D
:107B20000008005810B5044C20460EF075F82046A9
:107B3000BDE81040FFF7CEBE04190020014811F047
:107B400067B900BF6C1000204FF0B04382B0DA6C10
:107B50000243DA64DB6C18400190019B02B070476D
:107B60001FB514284FF00003CDE902330C460CD8A2
:107B7000092812D90A380A280FD8DFE800F07B0E4E
:107B80000E0E0E820E0E74116D00FE2800F0838022
:107B9000FF2800F08280FD287AD06FF0030059E0C2
:107BA0003F4A404B0193137843F0010313703E4862
:107BB0003E4A4FF00043C0E900233D4B04221B68BE
:107BC0008360426100230122C2614FF4805106228A
:107BD0000383C0E90333C0E90933C0E90C1283769B
:107BE00080F8203080F82C30836380F83C30C36408
:107BF0000DF018FB08B1FFF711FE2B480DF0DCFE6D
:107C000008B1FFF70BFE0023274801A9CDE9023395
:107C10000DF090FC08B1FFF701FE23480DF0F6FDD2
:107C200008B1FFF7FBFD0A211F480DF025FC1E4897
:107C30000DF0A4FE1C480DF07AFC1E4B019A80B298
:107C40009A42208004BF00EB4000208016480DF0CF
:107C500041FE002004B010BD114A174B0193137868
:107C600043F00203A2E70E4A144B0193137843F04A
:107C700004039BE70A4A124B0193137843F008036D
:107C800094E7074A0F4B0193137843F010038DE7F5
:107C90000D4B01938BE70D4BFBE7064BF9E700BF5C
:107CA00005100020040000080810002000240140F6
:107CB00008000020004000B80800000C1000001070
:107CC000400000180008002C001000B0002000B494
:107CD00070477047014B1878704700BF0D000020B7
:107CE000014B1878704700BF0C00002010B5044607
:107CF00086B01422002101A825F0DCF822685E4B32
:107D00009A4240F08E804FF0B0435C4C1A6E42F4C1
:107D100000721A661B6E03F400730093009B2378B5
:107D2000DA0708D5132000F095FAB0F1904F7AD118
:107D30000120FFF709FF23789B0708D5142000F0E6
:107D400089FAB0F1904F76D10120FFF7FDFE23783C
:107D5000580708D5122000F07DFAB0F1904F72D18B
:107D60000120FFF7F1FE2378190708D50A2000F05B
:107D700071FAB0F1904F6ED10120FFF7E5FE237844
:107D8000DA0608D50F2000F065FAB0F1904F6AD1FD
:107D90000120FFF7D9FE00234FF0030CCDE902C309
:107DA0002378DB0709D5132000F059FA019013203E
:107DB00000F050FA01A90FF04BFE2378980709D57F
:107DC000142000F04CFA0190142000F043FA01A9AD
:107DD0000FF03EFE2378590709D5122000F03FFA34
:107DE0000190122000F036FA01A90FF031FE23783D
:107DF0001A0709D50A2000F032FA01900A2000F093
:107E000029FA01A90FF024FE2378DB0609D50F20FB
:107E100000F025FA01900F2000F01CFA01A90FF0E4
:107E200017FE06B010BD132000F014FA144B984250
:107E300081D102207DE7142000F00CFA104B98420B
:107E400085D1022081E7122000F004FA0C4B984201
:107E500089D1022085E70A2000F0FCF9084B9842FE
:107E60008DD1022089E70F2000F0F4F9044B9842ED
:107E700091D102208DE700BF0024014005100020B1
:107E80000004004838B5334B02689A4260D14FF085
:107E9000B042314C136E23F4007313662378DD0770
:107EA0000ED5132000F0D6F90546132000F0D7F9BF
:107EB000014628460FF07EFE237823F0010323704D
:107EC000237898070ED5142000F0C4F90546142035
:107ED00000F0C5F9014628460FF06CFE237823F028
:107EE00002032370237859070ED5122000F0B2F94F
:107EF0000546122000F0B3F9014628460FF05AFE5D
:107F0000237823F00403237023781A070ED50A2060
:107F100000F0A0F905460A2000F0A1F90146284624
:107F20000FF048FE237823F0080323702378DB0644
:107F30000ED50F2000F08EF905460F2000F08FF9C6
:107F4000014628460FF036FE237823F010032370F5
:107F500038BD00BF00240140051000200A4B00F18D
:107F60001002C1781970817859704178997010F8B1
:107F7000041BD970904203F10403F2D1034B102289
:107F80001A800020704700BF781100200E000020EA
:107F90002DE9F04FDFF8FC80DFF8FCC0DFF8FCB023
:107FA00085B002AF0446164640460022C8E900C22A
:107FB000C8E909223D8ED7F834A079609946C8F8FF
:107FC0000820C8F80CB0C8F81420C8F82C2010F00D
:107FD00018FB08B1FFF722FC2E4810F036FB08B161
:107FE000FFF71CFC2C480422C8E900020022C8F854
:107FF0000820002C3AD1C8F814400022012125485D
:10800000C8F80CB0C8E90912C8F82C2010F0F9FA29
:1080100008B1FFF703FC2B071DBF25F00F04103438
:10802000A4B22C46A300073323F00703ADEB030DE6
:1080300002AE22460021304624F03CFF2A46494643
:10804000304624F00FFF7A68FF2300935346BAB9F5
:1080500010482246314610F06FFD70B90D4810F0FF
:10806000F4FA98B90C37BD46BDE8F08F012C0CBF6F
:1080700020224022C8E90462BFE76FF00600F1E762
:1080800022463146034810F0EBFDE6E7FFF7C6FB5A
:108090000020E7E76C10002000180058881100202D
:1080A00021F00803102B10B501D0202913D10B4B60
:1080B00000F11002C4781C7084785C7044789C7065
:1080C00010F8044BDC70904203F10403F2D1044B2E
:1080D0000020198010BD6FF01F00FBE78811002001
:1080E0009811002007B5CDE9001200220346114681
:1080F0001046FFF74DFF03B05DF804FB70B586B086
:1081000004460D4616460021102202A824F0D2FE95
:10811000074B08491A8802A824F0A4FECDE90056AE
:10812000234602AA00210120FFF732FF06B070BDEE
:108130000E0000207811002070B586B004460D4670
:1081400016460021102202A824F0B4FE074B08496D
:108150001A8802A824F086FE0121CDE900562346A4
:1081600002AA0846FFF714FF06B070BD0E000020FB
:108170007811002008B5FFF793FFC0B208BD08B51D
:1081800010230A461946FFF7ADFFC0B208BD70B50F
:108190001446054618460E46FFF7E0FE23019BB243
:1081A000324619462846FFF7A9FFC0B270BD70B528
:1081B0001446054618460E46FFF7D0FE23019BB233
:1081C000324619462846FFF7B7FFC0B270BD00001F
:1081D000034B00221A70034B01221A70704700BF34
:1081E000AA820020A8820020C26891FAA1F0B0FA09
:1081F00080F0430003209840104091FAA1F1B1FAB9
:1082000081F14900C8407047024B53F8203003B158
:10821000184770477C120020002201230342D1B28C
:1082200002F101020DD02F290ED8084B0848002278
:108230001A70082300F8313000EBC10041600CF0E7
:10824000C3BE5B009BB2E9E7704700BFAA82002073
:10825000FC110020000900F590108002704700F02A
:108260000F030120984080B270472F2808B50346BD
:1082700000D908BDFFF7EEFF03F00F0201230168EC
:10828000934093FAA3F2B2FA82F0420003209040A6
:10829000084093FAA3F3B3FA83F35B00D840E8D025
:1082A00001284FF0000008BF0120E2E730B52F2879
:1082B00087B00B4623D800F00F040121A140022211
:1082C000032B019104921CD8012B1DD94FF4881364
:1082D0000293FFF7BFFF0546FFF786FF012819D07D
:1082E000022817D001A928460FF0B2FBA4B9062036
:1082F000224602210FF0CAF806200FF0F9F807B065
:1083000030BD043B012B02D94FF44413E0E74FF496
:108310000413DDE70390E5E7012C06D107200022D6
:1083200002210FF0B3F80720E7E7022C06D108205E
:10833000002221460FF0AAF80820DEE7032C06D120
:108340000920002202210FF0A1F80920D5E7042C12
:1083500006D10A20002202210FF098F80A20CCE76B
:10836000053C042C4FF000024FF0020104D8162007
:108370000FF08CF81620C0E729200FF087F829208D
:10838000BBE70000044B00F00F0053F820200AB9AF
:1083900043F82010002070477C120020F8B50F4DE4
:1083A0000F4E104F00240F2C05DDA4F11203052BF6
:1083B00001D91C2C0ED155F824305BB906EB4403CF
:1083C0005B783BB139782046FFF770FF06492046BD
:1083D000FFF7D8FF0134302CE5D1F8BD7C12002026
:1083E0009A11002010000020D18100082DE9F041F1
:1083F000194D1A4E86B0002402270F2C05DDA4F17A
:108400001203052B01D91C2C1FD155F82430E3B9D8
:1084100016F81410012918D104F00F0399402046D2
:1084200001910497FFF716FF8046FFF7DDFE0390EA
:108430002046FFF71AFF012801D1029001E0002831
:10844000FBD001A940460FF003FB0134302CD4D1FE
:1084500006B0BDE8F08100BF7C1200209A11002018
:1084600000B58DB02C22002101A824F023FD17486F
:10847000174B03604FF080420023C0E90433C0E98A
:108480000723836083614FF48073436213F054FACF
:1084900008B1FFF7C3F90D4813F076FB08B1FFF7F9
:1084A000BDF94FF07C5300220793084808924FF41F
:1084B000807301A9029206920B9313F099FA08B106
:1084C000FFF7ACF900200DB05DF804FB3C13002071
:1084D0000028004007B5074B0DF106001B699847BF
:1084E000BDF806304FF47A7202FB0030002103B071
:1084F0005DF804FB743203087047704708B50A48FA
:108500000FF095FE002211460C200EF0BFFF0C204C
:108510000EF0EEFF00220D2011460EF0B7FFBDE871
:1085200008400D200EF0E4BF14000020704700004A
:1085300038B5054D002415F8013B0BB1FFF7DEFF00
:108540000134042CF7D138BD34140020F0B50646B0
:1085500089B01422002103A824F0ACFC3268404BFF
:108560009A426BD14FF0B0440520236E43F4805300
:108570002366236E03F480530093009BFFF76AFE8B
:10858000B0F1904F5CD1E36C43F00103E364E36C22
:1085900003F001030193019B0520FFF760FE0446F1
:1085A0000620FFF75CFE0443039405240025022700
:1085B00020460794CDE904750695FFF74BFE03A905
:1085C0000FF046FA0720FFF74AFECDE90307072020
:1085D0000794CDE90575FFF73DFE03A90FF038FAC2
:1085E000204C214925620823C4E900131023C4E963
:1085F000023520468023C4E90435C4E906550FF04E
:1086000039F808B1FFF70AF9184A7465A662184CE0
:108610000723C4E9002300238022C4E90233C4E90C
:108620000423C4E9063320464FF4005323620FF0BD
:1086300021F808B1FFF7F2F8B465A66209B0F0BD01
:108640000520FFF707FE0B4B9842A5D1E36C43F0E2
:108650000203E364E36C03F002030293029B9BE7D3
:1086600000300140D4130020300002401C000240C2
:10867000741300200004004870B50D4614460646E9
:108680000CF0BAFD30600CF0BDFD28600CF0C0FDB0
:10869000206070BDBFF34F8F0549064BCA6802F4D6
:1086A000E0621343CB60BFF34F8F00BFFDE700BF15
:1086B00000ED00E00400FA0572B6EFF310830360EA
:1086C0007047036883F3108862B6704770474FF0B5
:1086D000B04382B09A6C02439A649B6C184001903C
:1086E000019B02B070474FF0B04382B0DA6C024396
:1086F000DA64DB6C18400190019B02B07047000007
:1087000010B5064C0649802220460DF0D3FF2268A2
:10871000136843F01003136010BD00BF041900205C
:10872000241A0020012810B50BD1094C09498022D8
:1087300020460DF0BFFF2268136843F0100313605A
:1087400010BD0228FCD1BDE81040FFF7D9BF00BF23
:1087500094190020AC1A00202DE9F7439DF8285009
:108760009DF82C80012B14BF00274FF40057012DDA
:1087700004460E4669D0032D6AD0002D6BD000252B
:10878000013AD2B2022A6BD8664B53F82290012CE0
:1087900070D10420FFF79BFF2046FFF798FF0022CF
:1087A00011460E200EF072FE0E200EF0A1FE5E4B62
:1087B0005E4883F801805E4B0561C0E900360C24F9
:1087C0000023C0E90297C0E90543C0E907334362CB
:1087D000B8F1000F49D0B8F1020F01BF082383623E
:1087E0004FF40043836351480DF0D8FE08B1FFF702
:1087F00015F84E4800210EF041F808B1FFF70EF8C9
:108800004A4800210EF05FF808B1FFF707F8474823
:108810000EF015F808B1FFF701F80120FFF782FF0D
:108820004FF44013009302AB13E906003F480DF0EC
:108830008FFF08B1FEF7F2FF4FF0B042936843F4A8
:108840000043936003B0BDE8F0834FF4C06597E741
:108850004FF4806594E7022A05D14FF0805996E7DE
:108860004FF0000993E7A94691E7C0F828800DF082
:1088700063FEBBE7022CE5D12B4B2E4C83F8028024
:108880000420FFF724FF0120FFF721FF00221146FB
:108890000B200EF0FBFD0B200EF02AFE264B25616F
:1088A000C4E900360C2200232046C4E90297C4E93B
:1088B0000523C4E90833A36263660DF03DFE08B1E9
:1088C000FEF7ACFF1B4800210DF0D8FF08B1FEF702
:1088D000A5FF184800210DF0F6FF08B1FEF79EFF36
:1088E00014480DF0ACFF08B1FEF798FFFFF708FF42
:1088F0004FF44013009302AB13E906000D480DF04E
:1089000027FF08B1FEF78AFF0C4AD2F8803043F007
:108910008053C2F880302268936843F480039360E8
:108920008AE700BF2C040308501B00209419002084
:108930000038014004190020008000400008005861
:108940002DE9F3419DF820809DF824C0CDE9008CED
:1089500016461D4604460F46FFF7FEFE064B0C204A
:108960004443181901221A5547600672457280F86F
:108970000A8002B0BDE8F0812C1B0020022810B54F
:1089800004460BD107480DF0A9F808B1FEF746FFE1
:108990000C20054B444300221A5510BD0128F7D185
:1089A0000248F0E7041900202C1B00209419002035
:1089B0000128F8B505460E461F462BD194B2184A39
:1089C0005278013A012A17D816480DF0F8FA2246D3
:1089D00014483B4631460DF01FFD044611480DF08A
:1089E00013FB84B9104B1B680BB90020F8BD21465E
:1089F000284698472046F9E70A4822460DF00CFD24
:108A000004460028F6D0022C14BF6FF006006FF069
:108A10000500EBE70228E8D1044892B2EEE700BF78
:108A2000501B0020941900203C1400200419002041
:108A3000012802D1044800F079BB022801D1034883
:108A4000F9E76FF006007047780000208C000020E6
:108A5000012807B50AD10A480DF1070100F0A3FB70
:108A600050B16FF0060003B05DF804FB0228F8D1A6
:108A700004480DF10701F1E79DF80700F3E700BF97
:108A8000780000208C00002070470000012802D1EF
:108A9000044800F0EFBA022801D10348F9E76FF06B
:108AA00006007047780000208C000020F8B5224DA9
:108AB000224F00240C23224A63439B5CCBB1022C3F
:108AC0001BD1204E3368DA69D103FCD4DA69520233
:108AD000FCD51C480DF087FE33681A4810221A6234
:108AE0001A6822F010021A600DF019F8F06F0EF0FB
:108AF00033FE0134032CDDD1F8BD012CF9D108235C
:108B00002B624FF480132B6255E8003F43F00203C1
:108B100045E80032002AF7D157E8003F43F48003CC
:108B200047E80032002AF7D1074AD2F8803043F0F4
:108B30008063C2F88030DCE700380140083801402B
:108B40002C1B0020041900200008005873B50B4CA2
:108B50000B4E4FF0FF35012D0BD923784BB13378F5
:108B60000193A37A0093227A637A61680020FFF769
:108B7000F3FD0135022DEED102B070BD2C1B00209B
:108B8000501B002070B51D4B02689A42044615D157
:108B90000CF0C5FF1A4E002516F8011B0220013506
:108BA0000CF0AAF9802DF7D1154916482A4600F095
:108BB00070FA13492A4620460DF07CFD2268124BBC
:108BC0009A4216D120460CF0AAFF104E002516F846
:108BD000011B012001350CF08FF9802DF7D10B49D5
:108BE0000B482A4600F055FA08492A4620460DF05F
:108BF00061FDBDE8704007480CF0E6B90080004018
:108C0000241A00208C00002000380140AC1A0020FB
:108C100078000020A41A00200268054B9A4205D172
:108C2000044B1B6813B1012108461847704700BF69
:108C3000003801403C14002070470000F8B52F4B6D
:108C400002689A4204461DD10CF069FF2C4B2D4F4F
:108C50001B685D68C5F18005ADB20026B5423FDCFA
:108C6000284929482A4600F014FA8022254920463E
:108C70000DF020FD254B1A78012A03D100221A702D
:108C80000BF0DAFE2268224B9A4224D120460CF0E7
:108C900046FF204B204F1B685D68C5F18005ADB2D3
:108CA0000026B54223DC1C491C482A4600F0F1F995
:108CB0008022194920460DF0FDFC144B1A78012A38
:108CC00003D100221A700BF0B7FE154B1B6813B1CD
:108CD000012108469847BDE8F84012480CF074B9E5
:108CE00017F8011B02200CF007F90136B6E717F858
:108CF000011B01200CF000F90136D2E70080004092
:108D000044180020241A00208C0000203814002071
:108D100000380140A4180020AC1A00207800002080
:108D20003C140020A41A002073B5314B00261E709D
:108D300003685A6A8DF807202E4A9342054619D1D6
:108D40002D482E4C0DF065FD2D4926621523C4E9F2
:108D5000001320468023C4E90266C4E90436C4E94E
:108D600006660EF087FC08B1FEF758FDEC67A562B9
:108D7000FFF7C6FC2A68234B9A421BD12248234C9A
:108D80000DF047FD224A1123C4E9002320460023A9
:108D90008022C4E90233C4E90423C4E90633236210
:108DA0000EF068FC08B1FEF739FDEC670120A56202
:108DB000FFF7B8FC2C680F4B9C420DD19DF80710B3
:108DC00002200CF099F82B68A34205D1114801222A
:108DD0000DF1070100F05DF90F480CF0F5F80F4BAD
:108DE0001A781AB901221A700BF01EFE02B070BD7B
:108DF000AA820020008000400419002044180020AE
:108E0000080002400038014094190020A4180020F6
:108E1000440002408C000020A41A002038140020D6
:108E200070B596B005461422002103A824F042F83C
:108E30003822002108A824F03DF82B685F4A9342AD
:108E400066D15F4B012408A8CDE908430EF02EFA45
:108E500008B1FEF7E3FC4FF0B04316201A6E42F45F
:108E600080421A661B6E03F480430193019BFFF757
:108E7000F1F9B0F1904F38D10120FFF734FC022016
:108E8000FFF731FC4F4B9B6A082B36D11720FFF7B9
:108E9000E6F912230390002604930123CDE9053659
:108EA00049484A4C072303A907930EF0D1FD4848CF
:108EB00026621123C4E9000380232046C4E9026628
:108EC000C4E90436C4E906660EF0D4FB08B1FEF727
:108ED000A5FC00222420EC671146A5620EF0D6FA0C
:108EE00024200EF005FB16B070BD1620FFF7B2F976
:108EF000354B9842C3D10220BFE71620FFF7AFF9E8
:108F000004461720FFF7ABF9044303940223C2E79A
:108F1000304A9342E7D1202308936B68B3F5166F6C
:108F200094BF4FF440634FF4006308A80C930EF015
:108F3000BDF908B1FEF772FC4FF0B0430120DA6DC5
:108F400042F00102DA65DB6D03F001030293029B3C
:108F5000FFF7C9FB0220FFF782F904460320FFF761
:108F60007EF90222012300260443CDE9042303A94C
:108F700008234FF09040CDE9066303940EF068FD9E
:108F8000154C1649A6611523C4E900138023C4E9D2
:108F9000043620462023C4E90266C4E907360EF0F1
:108FA00069FB08B1FEF73AFC00222620EC67114667
:108FB000A5620EF06BFA262093E700BF003801404F
:108FC000020003009419002000040048A4180020A7
:108FD0004400024000800040441800200800024085
:108FE00070B51B4A0368934204461DD14FF0B0424E
:108FF0001620136E23F480431366FFF72BF9054602
:109000001620FFF72CF906461720FFF728F946EA45
:10901000000128460EF0CEFDE06F0EF09DFB2420EF
:10902000BDE870400EF072BA0A4A93420FD14FF079
:10903000B0420C21D36D23F00103D3654FF0904073
:109040000EF0B8FDA06F0EF087FB2620E8E770BD9C
:10905000003801400080004008B5054B02689A4284
:1090600005D10CF0F6FFBDE80840FFF749BB08BD8D
:1090700000800040C26803699A4282BF40681B18A2
:109080000133981A704708B54168FFF7F3FF081AD3
:1090900008BD2DE9F743044601A8164688460BF0A3
:1090A0009DFF2046FFF7EFFF864228BF0646204679
:1090B000FFF7E9FFE3682569A268AB429CBF6368DC
:1090C00001335D1B814623692068AE4202FB030029
:1090D00013D87243414623F0C5FE236962683344C6
:1090E000934296BF236900239B19236101A80BF0CB
:1090F00077FF304603B0BDE8F08305FB02F73A4640
:10910000414623F0AFFEA2682068751B6A4308EB56
:10911000070123F0A7FE4E452561E7D92369626860
:10912000934234BF01330023E360DFE72DE9F341CD
:10913000044601A8164688460BF050FF2046FFF76C
:1091400099FFE768E5682369A2682168864228BF1D
:1091500006469D4284BF636801335D1BAE4202FB3D
:10916000071110D87243404623F07CFE62683744F2
:10917000974288BF0027E76001A80BF031FF304617
:1091800002B0BDE8F08105FB02F73A46404623F005
:1091900069FEA2682168751B6A4308EB070023F08B
:1091A00061FEE560E8E710B504460846E268236919
:1091B0009A4223D0A268E1682368541E072C18D86D
:1091C000DFE804F00408170C171717105B5C037036
:1091D000002010BD33F811300380F9E753F8213037
:1091E0000360F5E703EBC103D3E90023C0E90023E3
:1091F000EEE701FB023123F035FEE9E76FF00E00E8
:10920000E7E70FB400B5ADF5037D0AF0EDFCC0B2A1
:1092100001280AD185AB849A01934FF4007102A80A
:1092200012F0AAF902A80BF0DFFC0DF5037D5DF842
:1092300004EB04B070470AF0CBBC08B50AF0D4FCCC
:10924000C0B208BD014B00221A707047AA820020EC
:109250007047000008B503F008FF024658B1064BFE
:10926000064900209A4208BF042003F5C31303F502
:1092700020638B42F6D108BDC0AFD235C0FF953612
:1092800008B503F0F2FE024658B1064B064900202D
:109290009A4208BF062003F5C31303F520638B42EF
:1092A000F6D108BD6086973660D65A3703F0DDBE2A
:1092B00001480BF099BC00BF3804030808B5034807
:1092C0000BF082FE024B00221A7008BDE80000205D
:1092D000AA82002030B58BB00446342368468DF84E
:1092E000003014F097FA14B3019D14F015FAF0B998
:1092F000E30702D528460AF07FFFA00703D505F152
:1093000038000AF091FF610703D505F158000AF013
:10931000A3FF220703D505F5EE700AF0B7FFA306F9
:1093200003D505F564700AF0CBFF14F0EBF90BB030
:1093300030BD10B514F0F0F90128044604D030B95E
:109340000BF05CFE204610BD6FF00500FBE76FF0F0
:109350000600F8E710B5134B134A1B680446407823
:1093600060B92179117003B198472378012B17D187
:1093700023792BB10D480BF037FC05E00021F1E714
:1093800061780B480BF030FC002002F009FB207CD8
:1093900002F00AFD21460020BDE8104005F0B4BDF2
:1093A0000448E8E7FC1E0020CB1D00204A04030807
:1093B000630403088404030870B5044601468AB0B8
:1093C000032005F0A1FD23780A2B10D00E2B0CD121
:1093D0003E480BF009FC3E4A0023684613708DF8A6
:1093E00000308DF8043014F063FB0AB070BD637870
:1093F0000D2B64D137480BF0F7FB354B1A78042A54
:109400001CD0022600201E700BF0F8FD002232490D
:1094100010460BF0EFFD0546B8B90BF0FFFD4242D8
:1094200002F01F0200F01F004FF47A7158BF504243
:1094300000FB0111324628460BF0DEFDA37D032B15
:109440001FD8DFE803F00B24272A40F2023123481B
:109450000BF0CAFB00200BF0D1FDEFE7204A002300
:109460001380237E617E1B0243EA0143E17D0B43AF
:109470005360E37E217F1B0243EA0143A17E0B433D
:109480009360D4E90101174B83E80300ADE7144A68
:109490000123E5E7124A0223E2E7237E617E104AB8
:1094A0001B0243EA0143E17D0B43D360E37E217F4E
:1094B0001B0243EA0143A17E0B431361E1E70E2B3C
:1094C000DFD109480BF090FBDBE700BF93040308F2
:1094D000C41C00209E040308859B0008AB040308FD
:1094E000A81C0020BC1C0020BB040308704703F02C
:1094F000BCBD7FB5054603F0B6FD431EDBB2012BB4
:10950000044603D900F0FD03082B1DD101A80AF081
:1095100083FB002201A91346012011F8016B1EB143
:1095200000FA02F633439BB201320C2AF5D104F063
:10953000FD02082A01D0012C02D123F480739BB2D2
:109540002B80002004B070BD6FF00200FAE7F0B588
:109550008FB006460F4603F086FDFF23ADF80030BE
:109560004FF47F43ADF80230431EDBB20024012BE1
:10957000CDE901440546039403D900F0FD03082B0F
:109580007ED1FFF7D6FE044600286FD1338823B979
:10959000012D50D140F2FF1333800C22002101A88D
:1095A00023F088FC3088002240FA02F1CE07D3B2C3
:1095B0000ED50EAE03F0FE0103F00103314406EBBD
:1095C000430331F8346C33F8383C334321F8343CEE
:1095D00001320C2AE8D105F0FD03082B01D0012D42
:1095E0000ED1BDF80C30002203F47F43ADF80C30EF
:1095F00011460126D5B2072D28D909B1ADF80C3096
:1096000023238DF8103004A801AB059314F050FA11
:10961000054668B924238DF8103004A801AB0593E2
:1096200014F046FA0AF07EFED8B914F06BF800B3D5
:109630006FF006041AE005F0FD03082B04BFFF23BA
:109640003380022DA9D140F6FF73A5E740FA02F559
:10965000ED0741BF06FA02F10B439BB20121013233
:10966000C8E728460AF064FE0028DED020460FB086
:10967000F0BD002FFAD001A80AF0D8FA0446F5E7A9
:109680006FF00204F2E700002DE9F04395B00446C4
:109690000D4690461F4603F038FB611C064629D153
:1096A0006A1C0AD0003D18BF012503F0BAFC8542B0
:1096B00003D0284603F0B7FC50BBB8F1FF3F07D0FA
:1096C00003F0B3FC404503D0404603F0B0FCF8B9CA
:1096D0007B1C07D003F0ADFCB84203D0384603F042
:1096E000AAFCA8B9BCB920460BF088FC754B1C60DD
:1096F00000200DE0B4F1000918BF4FF0010903F09C
:109700008CFC8145CCD0484603F089FC0028C7D0AA
:1097100015B0BDE8F08303F0A6FC03F0B8FC002808
:1097200000F0CC80012E40F096808DF800600AF0A9
:10973000FBFB02238DF8050068468DF8043014F019
:1097400063FE614B049A1A600446002854D103F06A
:10975000B7FB012808BF5D4B0AA808BF1C70342363
:109760008DF8283014F056F80B9B988803F073FCA2
:10977000FFF763FD0028CBD034230AA88DF82830EA
:1097800014F048F80AA814F045F80028B0D1504D5C
:109790000B9B2A7893F858404E480C2606FB023360
:1097A000D3F890130BF020FA012C0B9A01D0082C5F
:1097B0006ED12B78D2F8C420474903F0070301FB90
:1097C000032146480BF010FA0B9B4548D3F8C41010
:1097D0000BF00AFA0B9B434893F949100BF004FA7B
:1097E0000B9B414893F948100BF0FEF90B9B3F4847
:1097F000D9680BF0F9F97BE7012812D00B282BD19F
:10980000304D00200BF0FAFB2C6801342C6003F083
:1098100010FC844208D900232B60049934480BF0D3
:10982000E3F96FF0050073E70022324910460BF0B0
:10983000E1FB044648B903F0F8FB4FF47A71414369
:10984000224620460BF0D8FBE7E740F284612A4825
:109850000BF0CAF9E1E716B16FF0060058E70123F3
:1098600068468DF800308DF8043014F021F9002896
:10987000F2D103F025FB022807D18DF804006846D9
:109880008DF8006014F014F972E703F019FB6FE72C
:10989000022C297809D13023B1FBF3F003FB10111E
:1098A000CBB2D2F8C420154989E706FB0122D2F8D1
:1098B0009413002985D1D2F8901382E76FF010003D
:1098C00026E700BFA41C0020481C0020C41C002068
:1098D000CC290020F9040308C0270900F604030876
:1098E000080503081A0503083005030845050308A1
:1098F000DE04030801990008C8040308400D0300B2
:109900004FF0FF331A4619460120FFF7BDBE000095
:109910002DE9F0419AB00D4602A981E80C0080467D
:109920000AF002FB074603F0F2F90646002800F0B1
:10993000038113F023F910B16FF005009BE004F0F0
:1099400059FD04460028F7D103F0BAFA022840F086
:1099500095808DF8440010A88DF8404014F0A8F8C8
:109960008DF826700AF082FB60B10AF07FFB0128B7
:1099700002D1002003F04AFB052310A88DF84030E7
:1099800014F042FD6F4B1B78012B05D1092310A861
:109990008DF8403014F038FD05A9E8B213F0DAFE76
:1099A0000746FFF74AFC60B19DF814309DF815207A
:1099B0006549664851F82710D21A00922A460BF0E2
:1099C00013F9002F79D000238DF818300893ADF8E3
:1099D000243006A815F0ECFB5D4B0A9A1A60054688
:1099E000FFF72BFC00283FD0342310A88DF840301F
:1099F00013F010FF10A813F00DFF002834D1554FBD
:109A0000119B3A7893F8586053484FF00C0808FBC4
:109A10000233D3F890130BF0E7F8012E119A01D01E
:109A2000082E66D13B78D2F8C4204C4903F00703D6
:109A300001FB03214A480BF0D7F8119B4948D3F8A2
:109A4000C4100BF0D1F8119B474893F949100BF063
:109A5000CBF8119B454893F948100BF0C5F8119BC2
:109A60004348D9680BF0C0F8002D58D1002C0CBF2A
:109A70006FF0020000201AB0BDE8F08103F020FA78
:109A800001287FF46DAF3B4B1B787BB1022B7FF439
:109A900067AF20460BF0B2FA0C238DF82C3003F0A0
:109AA00055FA00F007008DF8300002E009238DF828
:109AB0002C300BA814F0A8FC52E79DF808308DF864
:109AC0001C309DF80B30ADF82450CDF8208053B1F8
:109AD0009DF80C305BB900238DF81830264B00221E
:109AE0001A70344675E703F087F90028F3D0012394
:109AF000F2E7022E397809D13023B1FBF3F003FBF2
:109B00001011CBB2D2F8C4201C4991E708FB012206
:109B1000D2F8941300298DD1D2F890138AE7A5F1D9
:109B20000E03DBB2012B7FF607AF0B2D07D10A998D
:109B300013480BF059F8FFE66FF00B009BE76FF04E
:109B4000060098E7051F002088090308510503084F
:109B5000481C0020CC290020F9040308C027090074
:109B6000F6040308080503081A050308300503086E
:109B700045050308C41C0020CB1D0020400D030038
:109B8000DE0403081FB501238DF808308DF8093075
:109B9000002103238DF80A308DF80B10009104ABDF
:109BA00013E90C000248FFF7B3FE05B05DF804FBB3
:109BB000600A03082DE9F04F43788DB00446002B6E
:109BC00040F0AA80B0F90E00794F7A4E237C38809D
:109BD00040B2337002F0EEF8237B002B3BD0607C68
:109BE0007549B7F9002051F8201096F900307348F4
:109BF000DFF8CC91DFF8CCA10AF0F6FFA378012BB7
:109C00000CBF714871480AF0EFFFE17870480AF024
:109C1000EBFF4FF000085FFA88FB584609F09CFE06
:109C2000054640B9227BEBB29A4200F2A68051462B
:109C300058460AF0A3FF08F10108B8F1030FEAD172
:109C4000227BA168634823F00DF9634B227B1A70D5
:109C5000624BE2781A706379012B00F096802378CA
:109C6000012B05D10020FFF78DFF5D4B01221A70FB
:109C70005C4B1A782AB3DFF8709100221A7099F8B9
:109C80000030F3B996F90030584DDFF86481009345
:109C90002A78B7F9003098F8001056480AF0A4FF67
:109CA000554B1B686BB1554899F80020027098F825
:109CB000002042702A7882703A88828032788271DD
:109CC0009847E278E02A11D04D4B1B6873B14D489C
:109CD000027022794270A2684260227B0272E2899D
:109CE0004281227C02736269026198472146012009
:109CF00005F00AF9444890F802316BB1002380F86E
:109D000002318DF80B3000938DF80930DDE9022324
:109D1000B0F80011FFF7FCFDFFF78FFA50B33423C2
:109D200002A88DF8083013F075FD02A813F072FD3B
:109D3000002838D1637C73BB34480AF055FFA16911
:109D400033480AF051FFE17832480AF04DFFB4F988
:109D50000E1031480AF048FF94F910102F480AF00D
:109D600043FF21792E480AF03FFF039B2D48996954
:109D70000AF03AFF0DB0BDE8F08FA2684946D25C08
:109D800058460AF0FBFE01354CE703F099F800282D
:109D90007FF465AF66E7012B01D12348CDE7022BA5
:109DA000CDD12248C9E722480AF01EFFE2E700BFF2
:109DB000EC1E0020041F0020080A0308A305030866
:109DC000C80503085E0A0308B4050308BF050308B5
:109DD0001D0D0308CC1D0020CC1E0020CD1E002030
:109DE0004C1C0020D61E0020D71E0020A01C0020E6
:109DF000451C0020CD050308F41E0020CE1E0020C7
:109E0000F81E0020D81E0020C61C0020EC05030808
:109E1000490603085B060308650603086F06030886
:109E200078060308880603080906030826060308BF
:109E300096060308F0B591B0002603ACC4E90166AC
:109E40000546039603F00FF9431EDBB2012B0AD936
:109E5000082808D005286AD00A2804D06FF0060424
:109E6000204611B0F0BD15BB2046ADF8185009F0E2
:109E7000D3FE0028F2D1BDF818302A46012114F88B
:109E8000010B20B101FA05F213439BB20122013507
:109E90000C2DF4D10AB1ADF81830002106A8FFF757
:109EA00056FB04460028D9D10AF042FAD8E71A2313
:109EB00001A98DF8043017F065FD1E230090C6B28D
:109EC00006A88DF8183013F0A5FC079B0022A3F11B
:109ED0000C010C20D3B29E4203D859D16FF002047A
:109EE000BEE7013200FB02F7CF59AF42F2D11A09A7
:109EF00010A901EB420203F00F03012101FA03F361
:109F000022F8343C06A823238DF81830079413F068
:109F1000CFFD0028A2D1242306A807948DF818307D
:109F200013F0C6FD0446002898D12846BCE7CDB9F9
:109F30000723ADF80C3006A823238DF818300794BA
:109F400013F0B6FD002889D1242306A88DF8183017
:109F5000079413F0ADFD002880D128460AF0E8F9F7
:109F600004467DE71E2306A88DF8183013F052FC36
:109F7000079933460C2000FB03F28A58AA4203D10A
:109F8000012202FA03F3D4E70133042BF3D1A5E74E
:109F9000002465E7014B1868704700BFBC1C002017
:109FA000014BB3F900007047EC1E0020014B93F900
:109FB00000007047041F002070B5094E34789442A9
:109FC00028BF1446054622460846064922F04AFFA5
:109FD000054B1A782A7000221A703270204670BD24
:109FE000CC1E0020CC1D0020CD1E0020014B187877
:109FF000704700BFCB1D002030B58BB00C46054626
:10A0000003F031F803F043F8B8B12D2368468DF81A
:10A0100000308DF8045013F04BFD38B9094B9D60AA
:10A0200074B1284609F086FF0BB030BD03280CBF81
:10A030006FF002006FF00600F6E76FF01000F3E734
:10A040002046F1E704010020F0B5044601468BB03C
:10A05000022004F059FF2378013B0B2B4AD8DFE89C
:10A0600013F00C00490049004900D10049004900A3
:10A0700049008C004900F400B90065787A4E7B4FA6
:10A08000002D39D17A480AF0AFFD28460AF0B6FF14
:10A09000356002F015FF02280AD18DF804006846E9
:10A0A0008DF8005013F004FD10B172480AF09CFDC9
:10A0B0003B680BB10020984709F036FF0021FFF7FD
:10A0C0009BFF02F0FDFEFFF7B8F898B13423684615
:10A0D0008DF8003013F09EFB684613F09BFB0028C0
:10A0E00047D165480AF080FD019B6448D3F8E4102D
:10A0F0000AF07AFD0BB0F0BD022D1CD0EB1E012B37
:10A100001BD85F480AF070FD00200AF077FF356821
:10A110000135356002F08DFF854213D9002333608D
:10A120003B6823B15748637843600AF04DFF564BB4
:10A13000DB6A9847C5E75548E4E7294654480AF0E2
:10A1400053FDE1E70022534910460AF053FF05464C
:10A1500048B902F06AFF4FF47A7141432A46284613
:10A160000AF04AFFDCE740F2412149480AF03CFD91
:10A17000D6E749480AF038FDBCE7484D64782E78A8
:10A18000DCB9012E09D146480AF02EFD454B1B686B
:10A190000BB12046984700232B7002F091FE012856
:10A1A000A8D1414B1A78042AA4D018700B23684612
:10A1B0008DF8003014F028F99CE7012E9AD13B4825
:10A1C0000AF012FD374B1B680BB13046984700234D
:10A1D0002B708FE76378002B8CD1334A8DF80030D9
:10A1E00004210123684611708DF8043013F060FCDF
:10A1F00000287FF47FAF2E480AF0F6FC0220FFF71C
:10A20000C1FC77E72B4B01221A702B4B227A1A7074
:10A210002A4B627A1A706378294C2370002B3FF422
:10A2200069AF28480AF0E0FC274B1A68002A3FF47F
:10A2300061AF2648237803700023437083708380C6
:10A2400083710BB0BDE8F04010476378002B3FF4FA
:10A2500051AF1F480AF0C8FC134B1A78042A1CBFE0
:10A2600003221A700923A2E7A41C0020F01E00207C
:10A27000BA060308C8060308190703082F070308CE
:10A28000DD060308F0000020002C0308FB0603088D
:10A29000C80403080199000896060308051F00205A
:10A2A0003E070308001F0020C41C002050070308BD
:10A2B00066070308D61E0020451C0020A01C0020B5
:10A2C000D71E002071070308F41E0020CE1E0020B8
:10A2D000BB04030870B58AB00C46054602F0C3FE05
:10A2E00002F0D5FEC8B12E236EB268468DF800305C
:10A2F0008DF8046013F0DCFB40B90A4B83F824604E
:10A3000074B1284609F0A6FE0AB070BD03280CBF40
:10A310006FF002006FF00600F6E76FF01000F3E751
:10A320002046F1E70401002030B58BB00C4605460D
:10A3300002F099FE02F0ABFE00283AD002F0E7FCF2
:10A34000B8B1002368468DF8003013F063FA10B1FD
:10A350006FF0060011E09DF80430012B1CD0022B99
:10A3600022D0002BF4D1012D09D0022D0BD0002DCD
:10A37000EED10CB3284609F0CBFD0BB030BD0F4B2E
:10A3800000221A70F5E702238DF80430684613F0B6
:10A390008FFB0028EDD0DBE7012DF7D0022DF2D0A6
:10A3A000002DD5D10023EFE7012DE8D0022DF7D104
:10A3B000DFE76FF01000E0E72046DEE7C41C002076
:10A3C000022813B5044609D016480AF00DFC0021F6
:10A3D000084602B0BDE81040FFF7A6BF12480AF0D9
:10A3E00003FCFF238DF803300DF103024FF004331B
:10A3F00001210E4801930AF007FA01AA04210C4832
:10A400000AF002FA20460AF07DFB01200AF07AFBEE
:10A410004FF000635A681B6883F30888904702B0C6
:10A4200010BD00BF8C070308A10703080040000807
:10A430000440000830B58FB00D46044602F013FE0C
:10A4400002F025FE002800F0A58001238DF81030D1
:10A45000002C4DD18DF8143004A813F029FB0028EE
:10A460004AD1002C53D11021684609F043FC0F2338
:10A4700004A88DF81030CDF814D013F019FB002883
:10A480003AD10421684609F05DFC07238DF81030AD
:10A49000009B04A81BBA059313F00AFB60BB1021B4
:10A4A000684609F0ADFC0C2304A88DF81030CDF8F7
:10A4B00014D013F0FDFAF8B90D2304A88DF810306C
:10A4C000CDF814D013F0F4FAB0B90E2304A88DF827
:10A4D0001030CDF814D013F0EBFA68B909F012FD82
:10A4E0002146FFF721FF48B9002D45D1284605E058
:10A4F00004A813F08FF918B16FF006000FB030BD4B
:10A500009DF81430012B08BF8DF81400A4E7082132
:10A51000684609F03FFC022304A88DF81030CDF8FE
:10A5200014D013F0C5FA0028E6D10821684609F0D6
:10A5300091FB032304A88DF81030CDF814D013F04C
:10A54000B7FA0028D8D11021684609F0ABFB0823E0
:10A5500004A88DF81030CDF814D013F0A9FA002813
:10A56000CAD1092304A88DF81030CDF814D013F007
:10A570009FFA0028B8D0BFE709F0A0FCA04205D0A0
:10A5800009F0E2F909F0D6F902F03EFF204609F0A1
:10A590009BFCB3E76FF01000B0E710B5012100B1EC
:10A5A0000846FFF747FF4FF0FF33BDE810401A465B
:10A5B00019460120FFF768B870B5044D06460446F9
:10A5C0000FCD0FC42B682360304670BDA81C00203F
:10A5D000014B1878704700BFC41C0020014B18784D
:10A5E000704700BF051F002010B5044602F08FFB26
:10A5F00028B1012C06D8054B00201C7010BD6FF04F
:10A600000B00FBE76FF00200F8E700BF051F00201A
:10A6100038B504460D46032829D8DFE800F0021FAC
:10A62000222503F045FB10B3124B134A43F82400D4
:10A63000426253F824201149916253F824201049B2
:10A64000D16253F824200F49116353F824300E4986
:10A650005B682846F2229847002038BD03F016FCBC
:10A66000E1E703F0C3FEDEE704F0E4F8DBE74FF0D8
:10A67000FF30F2E78C51002051920008ED94000861
:10A680009BA500085DEE0008531B002000B58BB0B1
:10A6900030238DF8003068461923019313F008FA2F
:10A6A0000BB05DF804FB0000F0B58FB00546FDF778
:10A6B00079F802F01BFB012828D002F067F900248A
:10A6C00002F0FEFB022805D002F01FFB10B1AB4BDD
:10A6D000DB6A984702F00AFB012814D19CB902F00A
:10A6E000A0FC80B102F099FC054602F09AFC0646F7
:10A6F00002F09BFC074602F09CFC3A4603463146BA
:10A700002846FEF7C1FF20460FB0F0BDCDB917F0C7
:10A7100097FC9B489B4B03609B4B43609B4B9C4926
:10A7200083609C4BC3600023C1E900339A4B8B606C
:10A730002A469A4BCB6012F009FE88B16FF00604EE
:10A74000BEE7142D04D1022017F07AFC0025E0E7C3
:10A75000152D01D10320F7E7162DDAD10420F3E7F8
:10A760008F4B01221A7035238DF8103004A88D4BC1
:10A77000059313F09DF90028E0D16B1E012B03D93E
:10A7800005F0FD03082B29D1002301A8ADF8023004
:10A7900009F042FA0446002892D1BDF8023001AA1D
:10A7A0000146012412F8016B26B104FA00F10B43B3
:10A7B0009BB2012101300C28F4D109B1ADF802306F
:10A7C00002F053FC0146002800F0B78002F04DFC77
:10A7D000FFF730FB044600287FF472AF052D00F030
:10A7E000B18009F06BFB0021FFF724FE044600282E
:10A7F0007FF466AF01F090FA044600287FF460AF62
:10A8000009F080FB2146FFF78FFD044600287FF406
:10A8100057AF09F065FB214602F0BBFC0446002857
:10A820007FF44EAF09F080FB2146FFF7E5FB0446BD
:10A8300000287FF445AF09F089FB214602F0B1FD05
:10A84000044600287FF43CAF09F0C2FB214602F029
:10A8500082FD09F08DFB214602F0C1FC0446002870
:10A860007FF42EAF09F0BAFB214602F0F6FC044655
:10A8700000287FF425AF09F0C3FB214602F00DFD4F
:10A88000044600287FF41CAF09F0DEFB2146FFF7E9
:10A8900021FD044600287FF413AF09F05DFE00217E
:10A8A00002F017FB044600287FF40AAF342304A803
:10A8B0008DF8103012F0AEFF059D02F0CAFBA880A3
:10A8C00002F0CFFB003818BF012085F8AF0102F07D
:10A8D0001CFA002843D0344818F04CFE33481FF0CF
:10A8E000C7F9FFF7D3FE12F00DFF054600287FF4ED
:10A8F00025AF2F492F4804F09DFA2F492846FFF72E
:10A9000087FE014600287FF419AF0120FFF780FE83
:10A91000014600287FF412AF0220FFF779FE0028DD
:10A920007FF40CAF25490320FFF772FE00287FF467
:10A9300005AF234803F078FDC2E60DF10200FEF7F3
:10A9400006FE47E702F091FB00283FF44AAF0020E3
:10A95000FFF770FA044600283FF443AFB0E602F078
:10A9600053FD02F0ABFA0028B5D009F0DDFA21461C
:10A97000FFF742FB0028AED0A2E600BF002C030880
:10A98000901C002055930008B59B000849A00008C2
:10A99000801C0020B9930008D5920008BD920008E1
:10A9A000CA1D002000030001D8000020E0000020A4
:10A9B000501C0020A0000020601C0020701C002003
:10A9C00045920008F0B58BB00646FCF7FFFEC0B21A
:10A9D000002800F08180022E04D16FF01004204680
:10A9E0000BB0F0BD042EF8D002F03DFBB04200F0F9
:10A9F0009F80304602F04BFB0028EED0FEF799FC1A
:10AA0000044618B14B4B1B78002BE8D101F0B6F986
:10AA10000028E4D109F08CFC07460028DFD1002E85
:10AA20005FD1012017F00CFB3546434943482A46C5
:10AA300012F08CFC002878D12C2368468DF8003069
:10AA400012F0E8FE002870D19DF8040009F072FAB7
:10AA500004460028C3D1202768468DF8007012F004
:10AA6000D9FE002861D19DF8080009F075FA044666
:10AA70000028B4D168468DF8007012F0CBFE002893
:10AA800053D1019809F098FA04460028A7D12F2342
:10AA900068468DF8003012F0BDFE002845D19DF8C3
:10AAA000040009F0D7FA0446002898D16B1EDBB2E7
:10AAB000012B28D905F0FD03082B24D0002E18BF48
:10AAC0003546284609F09CF80446002887D12846D8
:10AAD000FFF7EAFD044682E7022E85D0042E83D0DC
:10AAE0007BE7142E04D1022017F0AAFA3D469CE71A
:10AAF000152E01D10320F7E7162E01D10420F3E72C
:10AB00003546064691E7242368468DF8003012F05A
:10AB100081FE50B9019809F089F8044600287FF4B5
:10AB20005EAF09F005FC0028C8D06FF0060456E7B8
:10AB3000002454E7CA1D0020801C0020901C002027
:10AB400038B502F0D3F8012809D008F091FDD8B14A
:10AB50001D491E480AF048F86FF0060412E002F0A2
:10AB600082FAA0F11403DBB2022B054698BF002540
:10AB7000FEF7DFFB04460028E7D0284616F0FDFE6E
:10AB80000028E2D0204638BD01F0F8F80028E3D1D3
:10AB900002F0ACF8012801D00024F3E702F063FAD8
:10ABA000A0F11403DBB2022B054698BF002502F08A
:10ABB0005AFAFFF779FD04460028EDD0284616F032
:10ABC000DCFE0028E8D0DDE7E8090308B607030843
:10ABD00013B5064C6368984728B9E36A019302B03D
:10ABE000BDE81040184702B010BD00BF002C03089C
:10ABF000014B5B68184700BF002C030808B5034BE6
:10AC00005B689847003818BF012008BD002C030876
:10AC100008B509F009FF024A13680133136008BD43
:10AC200064220020F7B5164C164E2368164D306886
:10AC30002F68013B2360154B21681A686423434346
:10AC4000511A3844B3FBF0F3114809F0CDFF2368E3
:10AC500010493BB14B6B019341F2883003B0BDE822
:10AC6000F04018470C48336002782B600B6B01935F
:10AC700022F00802027003B0BDE8F040184700BFA0
:10AC80005C2100202C1F0020301F002060210020AC
:10AC9000200A0308002C0308341F0020024A13680E
:10ACA00001331360FFF7BEBF2C1F0020FFF7F6BF74
:10ACB00010B5064C206801302060114604481A4641
:10ACC00009F092FFBDE81040FFF7ACBF301F002035
:10ACD0003E0A0308F8B52D4D2D4F2B78BA6A2D4C3E
:10ACE0002D4E002B33D0236D2C48013B2365E17D95
:10ACF0009047616C2A4809F077FF3268216D294836
:10AD0000511A09F071FFE26C636C13446364626C66
:10AD1000A36C9A4282BF244B1B686364606CFB681F
:10AD20009847236D23B1BDE8F840204810F0DEB904
:10AD30001F4A1E48137823F00403137010F026F9FD
:10AD400010B11A4810F082F900232B70F8BD194D8C
:10AD500012482B68013B2B60E17D904732682968DF
:10AD60001048511A09F040FF2B68002BDBD1104A24
:10AD70000E48137823F00403137010F007F900282D
:10AD8000E4D0BDE8F840094810F060B9582100202F
:10AD9000002C030804010020602100206421002011
:10ADA000610A0308730A030854210020381F002099
:10ADB000341F00205C210020F8B52E4D2E4F2B783B
:10ADC000BA6A2E4C2E4E002B35D0236D2D48013BF8
:10ADD0002365E17D9047616C2B4809F005FF3268DF
:10ADE000216D2A48511A09F0FFFE226D33689B1A23
:10ADF000274A1278B3FBF2F102FB1133254A52F8CD
:10AE000023306364606CFB689847236D23B1BDE811
:10AE1000F840214810F06AB9204A1F48137823F0FF
:10AE20000403137010F0B2F810B11B4810F00EF9C3
:10AE300000232B70F8BD1A4D12482B68013B2B6084
:10AE4000E17D9047326829681048511A09F0CCFE1C
:10AE50002B68002BDBD1114A0F48137823F0040331
:10AE6000137010F093F80028E4D0BDE8F8400A48C9
:10AE700010F0ECB858210020002C03080401002039
:10AE80006021002064210020610A0308730A03087E
:10AE9000501F0020541F0020381F0020341F0020A6
:10AEA0005C21002010B5094B1B6813B1084B1B6DCA
:10AEB0003BB9084C236823B109F0BEFD2368013B70
:10AEC0002360BDE81040044809F08EBE5C210020DC
:10AED00004010020642200208F0A030870B50D4C85
:10AEE000C00000220221824200D170BDC1F30013D4
:10AEF00083EA1123D51043EA410302F00706C3F3A6
:10AF0000080103F00103B340665D3343635501322A
:10AF1000E9E700BF64210020064B10B5064C1B6B0F
:10AF20009847236823B109F087FD2368013B23601C
:10AF300010BD00BF002C03086422002038B50D4D61
:10AF4000287810F0010411D1FFF762FE2B7843F04E
:10AF500001032B70084B186B93F82410074B4FF626
:10AF6000FF72DB6B49B29847204638BD6FF0050091
:10AF7000FBE700BF341F002004010020002C030861
:10AF80000F4B104810B500221A700FF0FFFF10B1E0
:10AF90000C4810F05BF80C480FF0F8FF10B10A48AD
:10AFA00010F054F8094B0A4CDB6A9847236803B940
:10AFB00010BD09F041FD2368013B2360F6E700BFA7
:10AFC000341F0020381F00205C230020002C0308C1
:10AFD000642200202DE9F04F284A137899078DB09C
:10AFE000064648D4264C274D206B43F002031370CD
:10AFF000EB689847206894F82410A26A6368A768F1
:10B000000A9394F80CB00B97A78A94F816C094F89A
:10B0100018E094F8198094F81A9094F81BA0E36A49
:10B02000BFB2CDE907A30B9B0093CDE901B70A9B03
:10B03000EF69CDE90589CDE903CE49B2C0B2B84781
:10B04000636BB3B96B6B6FF07F409847322009F0A8
:10B050002DFB2B6C00209847EB6A30809847074AFD
:10B06000B6F90000137823F0020313700DB0BDE8A9
:10B07000F08F6B6EE7E76FF00500F7E7341F0020F5
:10B0800004010020002C030810B50446FFF7C0FDA2
:10B09000226B144B1344144A934220D894F8243062
:10B0A0000933DBB21F2B1AD86368062B17D8A368A5
:10B0B000053B072B13D8237B013B032B0FD82368B9
:10B0C000022B0CD8A36A094AA3F59653934206D8DB
:10B0D00007485422214609F0C8FF002010BD6FF038
:10B0E0000200FBE7802E0FF7809E4730780D0700A7
:10B0F0000401002008B50349542209F0B6FF0020DE
:10B1000008BD00BF040100202DE9F04F324C257826
:10B110008DB015F004050B905BD1FFF779FD237816
:10B120002E482F4E43F00403237009F05DFD2D4897
:10B130002D4B03602D4B83602D4B43602D4B2E4CCC
:10B14000C3602E4B036133689847E07DFFF7C6FE6E
:10B15000206BF3689847206894F82410A26A63680B
:10B16000A7680A9794F80CC0A78A94F816E094F898
:10B17000188094F8199094F81AA094F81BB0E46A17
:10B18000BFB2CDE907B40A9C0094CDE903E8CDE94C
:10B1900001C749B2C0B2CDE9059AF469A047184B7E
:10B1A0000B9A1A601A68174B17481A604FF0FF3154
:10B1B000164B00952A460FF0CFFE4FF4FA71124855
:10B1C0000FF0CEFF10480FF091FF28460DB0BDE8FC
:10B1D000F08F6FF00500F9E7341F00209A0A03088A
:10B1E000002C0308081F0020A5AE0008B1AC000821
:10B1F00019AF00089DAC000804010020ADAC0008A8
:10B200005C21002060210020381F0020D5AC000800
:10B210002DE9F04F2C4D0446287810F008088DB029
:10B220004FD1002C4DDDFFF7F3FC2B78274843F07E
:10B2300008032B70264B0360264B8360264B274D5B
:10B240004360274BC360274B03612B689847264B0D
:10B250001C601A68254C264B206B1A60EB689847D7
:10B2600020686168A268237B26690A96A68A276AF5
:10B2700094F816C094F817E094F81890CDF82C9034
:10B2800094F8199094F81AA094F81BB0247FCDF884
:10B290000CC0CDE908B40B9CB6B2CDE904E4BFB252
:10B2A0000A9C0094C0B2CDE9069ACDE90167AC6969
:10B2B000A04741F288306B6B984740460DB0BDE81F
:10B2C000F08F6FF00500F9E7341F0020081F002001
:10B2D000A5AE0008B1AC000819AF0008002C0308A7
:10B2E0009DAC0008ADAC00085C21002004010020EA
:10B2F000602100202DE9F04F364C257815F004052B
:10B300008DB0074663D1FFF783FC23783248334E74
:10B3100043F004032370324B324C01221A70324B3B
:10B320000360324B8360324B4360324BC360324B1D
:10B330000361336898477B6C6364BB6CA364FB6CEC
:10B34000E3643B6D2365E07DFFF7C8FD2B4B626C2A
:10B350001A602B4B226D1A60606CF3689847206866
:10B3600094F82410A26A6368A7680B9794F80CC03D
:10B37000A78A94F816E094F8188094F8199094F835
:10B380001AA094F81BB0E46ABFB2CDE907B40B9CD5
:10B390000094CDE903E8CDE901C749B2C0B2CDE9D7
:10B3A000059AF469A047174B174800952A464FF0B5
:10B3B000FF310FF0D1FD4FF4FA7113480FF0D0FEBA
:10B3C00011480FF093FE28460DB0BDE8F08F6FF0E6
:10B3D0000500F9E7341F0020081F0020002C030897
:10B3E0005821002004010020A5AE0008B1AC0008DF
:10B3F00019AF00089DAC0008ADAC00085421002036
:10B4000060210020D5AC0008381F00202DE9F04F46
:10B41000944D297811F004048BB0064640F01E814B
:10B42000DFF84482FFF7F4FB214690484FF40072A6
:10B4300021F040FD88F80040214623468B4C8029AE
:10B44000CAB203D19BB188F8001009E0F06C736CAC
:10B4500000FB0133B06C83421CD9013A88F800200C
:10B4600000276FF0004998F80030BB4217DC01F06C
:10B47000FAFD7F4B0A2800F2EE80DFE810F04A0068
:10B48000B600BC00C200C800CE00D400DA00E00064
:10B49000EC00E60044F8213001310123CFE709F048
:10B4A000BDFD98F8002054F82710D31B99FBF3F347
:10B4B000013390FBF3F33B449F4208BF002354F851
:10B4C0002300414044F8271054F8271054F8230073
:10B4D000414044F8231054F8271054F82300414009
:10B4E00044F8271054F8231054F82200414044F83F
:10B4F000231054F8231054F82200414044F822103D
:10B5000054F8231054F822204A4044F823200137ED
:10B51000A9E79A68574998688F56574919F0CAFFA2
:10B5200004462B785548DFF8588143F004032B700C
:10B53000544B4F4D01221A70534B0360534B8360A1
:10B54000534B4360534BC360534B0361D8F80030F7
:10B550009847464B1B686B64B36CAB64F36CEB644D
:10B56000336D2B65E87DFFF7B9FC4C4B6A6C1A60B4
:10B570004B4B2A6D1A60686CD8F80C3098472868D5
:10B5800095F82410AA6A2E7BAB8A95F816C095F818
:10B5900018E095F8199095F81AA095F81BB0ED6A87
:10B5A00000979BB2CDE903CECDE907B5CDE90163A4
:10B5B00049B22346C0B20024CDE9059AD8F81C5000
:10B5C000A847384B3848009422464FF0FF310FF01F
:10B5D000C3FC4FF4FA7134480FF0C2FD32480FF04B
:10B5E00085FD20460BB0BDE8F08F9A682F4998681A
:10B5F0008F562F4992E79A682E4998688F562E49A0
:10B600008CE79A682D4998688F562D4986E79A6885
:10B610002C4998688F562C4980E79A682B4998687E
:10B620008F562B497AE79A682A4998688F562A4993
:10B6300074E79A68294998688F5629496EE79A688D
:10B64000284998688F56284968E79A682749986872
:10B650008F56274962E70024072762E76FF005004D
:10B66000C0E700BF341F0020501F0020541F0020DF
:10B67000040100203C0C0308A40A0308081F002052
:10B68000002C030858210020A5AE0008B1AC00082A
:10B6900019AF00089DAC0008ADAC00085421002093
:10B6A00060210020B9AD0008381F0020440C0308B9
:10B6B000C40A03083C0C0308040B03083C0C0308F1
:10B6C000240B03083C0C0308440B03083C0C030840
:10B6D000640B0308540C0308A40B03083C0C030878
:10B6E000840B03085A0C0308FC0B0308440C0308E2
:10B6F000BC0B030808B503490C2209F0B6FC002076
:10B7000008BD00BFF800002038B505460B4CFFF718
:10B710007FFAAB68A3602B68094823606B68094D0A
:10B720006360094B43602B6898472068EB6B228964
:10B7300094F904109847002038BD00BFF80000209D
:10B74000081F0020002C030819AF000810B58AB0AC
:10B7500088B301F0DAFA0128044609D101F0D7FADA
:10B7600030B94FF0FF331A4619462046FDF78CFFDB
:10B77000002013F0E1FD01221149042009F03AFCF8
:10B78000024698B941F28831042009F035FC46237D
:10B79000012468468DF800308DF8044012F088F9D5
:10B7A000204601F05AFC00200AB010BD4721054890
:10B7B00009F01AFAEBE7042009F020FCF3E700BFD8
:10B7C00075B80008770403082DE9F043254D264E8F
:10B7D000264FDFF89C8085B0062301223370AA70C3
:10B7E000002302222B706B70EA702B716B718DF845
:10B7F00008008DF809308DF80B304FF0E00957F84C
:10B80000042BDCB2B2B11369A3B1204603F072FB82
:10B8100080B157F8043CDB68984758B198F80A2083
:10B82000D8F80C10284621F01DFB98F80A30337028
:10B830008DF80890631CDAB2042A5BB2DFD10023D2
:10B84000009304AB13E90C0031780648FEF760F86A
:10B8500020B9074B587005B0BDE8F0834FF0FF30BA
:10B86000F9E700BF682200205A2300208C510020F5
:10B87000182B002010B501F048FA0128044609D120
:10B8800001F045FA30B94FF0FF331A461946204609
:10B89000FDF7FAFEBDE810400220FFF795BF00005B
:10B8A000F0B54FF4807285B000213948394D3A4CDB
:10B8B00021F000FB00232B7011F078F980B2C8282A
:10B8C00084BF143880B2E36806389842606143D37D
:10B8D0000021A17023712B782D4E2278F2545A1C2E
:10B8E000D2B26078B0549A1CD2B2A078B054DA1CAC
:10B8F000D2B2E078B054581D0433DBB22279F2544E
:10B90000A368C0B219442870304421F0ABFA2B78F8
:10B9100021791944C9B200233046DAB291422FD8B6
:10B920001E4B1B481B788DF8083001238DF80B3017
:10B93000A369003B18BF01238DF80C3000238DF85C
:10B9400009300093013104ABC9B213E90C0029702E
:10B95000FDF7DEFF05B0F0BD21695B1AB3FBF0F621
:10B96000F2B200FB16364EB9A270A278984202F1EC
:10B97000FF3228BF1846A2702071ACE70132F3E70E
:10B9800016F8012B475C3A4442540133C5E700BF27
:10B9900074230020742400207C28002075240020BB
:10B9A0000D4A1378BBB10D4B80B9997809B9117064
:10B9B00070471A78197960F341021A70DA78013207
:10B9C000DA701A690A441A61FFF76ABF1A7842F0FE
:10B9D00002021A70F8E77047982800207C2800209F
:10B9E0002DE9F8431C46431EDBB2DE2B0E4605460E
:10B9F00011462AD8B4F5806F27D8164F164BDFF8BA
:10BA00005C904FF001082246384683F8008021F010
:10BA100029FAC9F80040124C237823F0030343EAC3
:10BA200008032370FF2009F0DDFA00232361D9F811
:10BA30000030E3600B4B607084F80380A760A66160
:10BA40001D70BDE8F843FFF72BBF6FF00200BDE8A3
:10BA5000F88300BF76240020982800207828002052
:10BA60007C2800207524002084B0F0B58BB010AC89
:10BA700084E80F00684D00238DF803300A4605EB7B
:10BA8000830149688A4200F0C4800D33342BF6D11B
:10BA9000614B00245868E6B2002840F0AF8010AB3C
:10BAA0004FF4807713F8081B8DF87040CDE902231E
:10BAB00016ABCDE9043002294FF6FF7306938DF8DB
:10BAC0001C101A9BADF804708DF8066059D163B351
:10BAD00008939DF86C308DF8243001A812F038FBE3
:10BAE000002840F096809DF806000DF1030207A99A
:10BAF00012F0D8FB9DF8033023F003031843C0B2C3
:10BB0000002840F08680342210A902FB045021F066
:10BB1000A9F9414808F0F2FB002818BF6FF00600B1
:10BB20000BB0BDE8F04004B0704701F09CFA0A2861
:10BB30006FD8DFE800F0060A161A1C1E20220A241D
:10BB40000A00364B0893022302E0354B0893082382
:10BB50008DF82430089B1A939DF824308DF86C30B2
:10BB6000BBE7304B08930023F2E72F4BFAE72F4B4C
:10BB7000F8E72F4BF6E72F4BF4E72F4BE2E72F4B7D
:10BB8000F0E74BB108939DF86C308DF82430BDF888
:10BB90006E30ADF82630A0E701F065FA0A2838D8F3
:10BBA000DFE800F0060A161A1C1E20220A262800CA
:10BBB000234B0893032302E0194B089308238DF8C5
:10BBC0002430089B1A939DF824308DF86C30DEE702
:10BBD0001C4B08930223F2E71B4BEAE7134BE8E701
:10BBE000134BE6E7194BE4E7134B08930423E6E70E
:10BBF000174BDEE70A4B08930A23E0E70134042CD5
:10BC000003F134037FF446AF12483422002121F0BF
:10BC100051F96FF00F0083E79C28002000EA0637F7
:10BC2000A070083720441E1E8068D92E2876E81997
:10BC300008E6D333E013F336F080A633E069CD3362
:10BC400040F7093720937F1D4026CA2E60630537D1
:10BC500010D62D056C290020104A38B50023144653
:10BC60005168814213D1342505FB034494F8300018
:10BC700012F0E8FA014638B92A46204621F01AF9AE
:10BC8000064808F03BFB08B16FF0060038BD0133F1
:10BC9000042B02F13402E3D1F6E700BF9C28002018
:10BCA000F0B58FB01B4E05463422002101A821F0CB
:10BCB00001F9012386F83130022386F86530032329
:10BCC00086F89930042334220DEB0301284686F8C8
:10BCD000CD3021F0B7F840B90E493422284621F082
:10BCE000C1F86FF00D000FB0F0BD374600243422CC
:10BCF0003946284621F0A6F830B9032CF3D0342277
:10BD000004FB02213144E9E70134042C07F1340734
:10BD1000EDD1E1E79C2800202DE9F043BFB008F009
:10BD2000E9FAD02201460AA821F09CF80AAE4FF0A9
:10BD300000084FF03409736853B908F10108B8F1ED
:10BD4000040F06F13406F6D100203FB0BDE8F083C1
:10BD50003EAB09FB0834A4F1D007C03C0FCC6D46C4
:10BD60000FC50FCC0FC523682B6097E80F00FFF7B6
:10BD70007BFE0028E1D06FF00600E6E738B5094DFC
:10BD8000002405EB8403586820B90D34342CF8D115
:10BD9000002038BDFFF760FF0028F6D06FF00600E6
:10BDA000F7E700BF9C280020014B1870704700BFC8
:10BDB000CC290020024B034A1B78D054704700BFA7
:10BDC000CC2900206C2900202DE9F0438BB02323DF
:10BDD000054668468DF8003011F01CFD024600282B
:10BDE00052D12B4B2B4ED3F800E093F90680074637
:10BDF000BCB2002006EB020C00EB0209CE4581B27A
:10BE000030D11CF90090C1452CD10F291CD1052C33
:10BE100006D14FF0FF321A6000200BB0BDE8F0836E
:10BE20000134A4B22101019A196032F8142002F001
:10BE300001029A80725C9A7115490822284621F005
:10BE400011F86FF00D00E8E7013188B212FA81F2C3
:10BE50000121814001981A6030F81700B25C01405E
:10BE60009980E8E701301028C6D10137062F02F18A
:10BE70001002BDD100221A60019A128802F001025C
:10BE80009A80044A1278D6E76FF00600C5E700BF33
:10BE9000580100206C29002010B5064B1B68044691
:10BEA00003B19847044B0CB100225A7000225A711A
:10BEB00010BD00BF0C2B0020F32A002038B5114C18
:10BEC00000236370A37007F0E7FFC0B2B0B90E485B
:10BED00008F08AFE0D4B02225A720D4A156815B100
:10BEE00093E80700A847E37853B9237943B9094B8E
:10BEF0001B6B9847BDE8384008F09EBD0648E7E751
:10BF000038BD00BFF32A00206A0C0308FC2A002079
:10BF1000082B0020002C0308850C030813B5144CD3
:10BF200000236370FDF789F918B11249124808F02F
:10BF30005BFE124B1B6803B1984707F0ADFFC0B220
:10BF400090B90F4808F050FE08F076FD23796BB1E8
:10BF5000012363700B4C236B9847636B01930020A4
:10BF600002B0BDE8104018470748EBE702B010BD2B
:10BF7000F32A0020550D0308930D0308102B002011
:10BF8000A00C0308002C0308B20C030808B5064BEC
:10BF900000225A70FDF751F928B1BDE80840034965
:10BFA000034808F021BE08BDF32A00205E0D0308F7
:10BFB000930D030810B5124B00225A709A781AB9E3
:10BFC000DA780AB91A7912B101225A7010BD07F055
:10BFD00063FFC0B290B90B4808F006FE0A4B01227D
:10BFE0005A720A4A146814B193E80700A047084B34
:10BFF0001B6B9847BDE8104008F01EBD0548EBE7F5
:10C00000F32A0020C40C0308FC2A0020082B00207F
:10C01000002C0308E10C030808B507F03DFFC0B28F
:10C0200008BD0000044B587820B9987810B9D8782A
:10C0300000B91879704700BFF32A002008F084B9CE
:10C040000A4B0B4A0344934210B5044605D8FBF74C
:10C05000BDFB084B20B19C4205D86FF0020010BD1B
:10C060009C42FCD9F9E70020F9E700BF802E0FF7CA
:10C07000809E47300046C32308F078B9053807286A
:10C080008CBF6FF002000020704708B508F080F9FF
:10C090007D2806D0FA2806D0B0F5FA7F08BF022026
:10C0A00008BD0020FCE70120FAE7000010B50446B7
:10C0B00007F0F2FEC0B268B97D2C01D1002010BD9E
:10C0C000FA2CFBD0B4F5FA7FF8D0092CF6D96FF032
:10C0D0000200F4E707F0E0FEC0B20228EED1024B06
:10C0E000A4F596549C42F1E7780D070008F06CB96E
:10C0F00003288CBF6FF002000020704708F076B96B
:10C10000042894BF6FF002000020704708F080B947
:10C11000053811288CBF6FF002000020704708F02E
:10C1200089B908F08DB908F097B908F0A3B908F0FB
:10C13000BBB908F0C7B908B508F05CFA003818BFF9
:10C14000012008BD08F05CBA2DE9F041FF29ADF5EA
:10C15000087D0C46174633D848AE0A46014630469D
:10C1600020F080FE14F00F030ABF1022C3F1100369
:10C170001346204618BFDAB21C4484421DDC10214D
:10C1800007A8FFF7D4FF0DF12C08102103A8FFF733
:10C19000CAFF4246102103A8FBF7ECFFE5B2CDF839
:10C1A000008007ABC4F3031239463046FBF7EFFFBC
:10C1B00028460DF5087DBDE8F08132540130DCE7FA
:10C1C0006FF00200F5E7F0B5C9B00D460646102144
:10C1D00007A814460BAFFFF7AAFF102103A8FFF72B
:10C1E000A2FF3A46102103A8FBF7C4FF07AB2A09B8
:10C1F000009721463046FBF7DAFF6219284612F80D
:10C20000013C012B03D1681EC0B249B0F0BD022B26
:10C2100005D112F8023C022BF6D1A81EF4E7032B3D
:10C2200009D112F8023C032BEED112F8033C032B88
:10C23000EAD1E81EE8E7042B0DD112F8023C042BEA
:10C24000E2D112F8033C042BDED112F8043C042B9B
:10C25000DAD1281FD8E7052B11D112F8023C052BA3
:10C26000D2D112F8033C052BCED112F8043C052B99
:10C27000CAD112F8053C052BC6D1681FC4E7062BAE
:10C2800015D112F8023C062BBED112F8033C062B46
:10C29000BAD112F8043C062BB6D112F8053C062B95
:10C2A000B2D112F8063C062BAED1A81FACE7072B83
:10C2B00019D112F8023C072BA6D112F8033C072B28
:10C2C000A2D112F8043C072B9ED112F8053C072B93
:10C2D0009AD112F8063C072B96D112F8073C072B8F
:10C2E00092D1E81F90E7082B22D112F8023C082BCC
:10C2F0008AD112F8033C082B86D112F8043C082B93
:10C3000082D112F8053C082B7FF47EAF12F8063C70
:10C31000082B7FF479AF12F8073C082B7FF474AF39
:10C3200012F8083C082B7FF46FAFA5F108006BE70B
:10C33000092B2AD112F8023C092B7FF465AF12F8C1
:10C34000033C092B7FF460AF12F8043C092B7FF407
:10C350005BAF12F8053C092B7FF456AF12F8063C90
:10C36000092B7FF451AF12F8073C092B7FF44CAF37
:10C3700012F8083C092B7FF447AF12F8093C092B4F
:10C380007FF442AFA5F109003EE70A2B2FD112F846
:10C39000023C0A2B7FF438AF12F8033C0A2B7FF4DF
:10C3A00033AF12F8043C0A2B7FF42EAF12F8053C91
:10C3B0000A2B7FF429AF12F8063C0A2B7FF424AF36
:10C3C00012F8073C0A2B7FF41FAF12F8083C0A2B27
:10C3D0007FF41AAF12F8093C0A2B7FF415AF12F85C
:10C3E0000A3C0A2B7FF410AFA5F10A000CE70B2BD7
:10C3F00034D112F8023C0B2B7FF406AF12F8033C49
:10C400000B2B7FF401AF12F8043C0B2B7FF4FCAE36
:10C4100012F8053C0B2B7FF4F7AE12F8063C0B2B01
:10C420007FF4F2AE12F8073C0B2B7FF4EDAE12F85E
:10C43000083C0B2B7FF4E8AE12F8093C0B2B7FF481
:10C44000E3AE12F80A3C0B2B7FF4DEAE12F80B3C85
:10C450000B2B7FF4D9AEA5F10B00D5E60C2B39D10F
:10C4600012F8023C0C2B7FF4CFAE12F8033C0C2BDD
:10C470007FF4CAAE12F8043C0C2B7FF4C5AE12F860
:10C48000053C0C2B7FF4C0AE12F8063C0C2B7FF45D
:10C49000BBAE12F8073C0C2B7FF4B6AE12F8083C8A
:10C4A0000C2B7FF4B1AE12F8093C0C2B7FF4ACAE30
:10C4B00012F80A3C0C2B7FF4A7AE12F80B3C0C2BA5
:10C4C0007FF4A2AE12F80C3C0C2B7FF49DAEA5F1CC
:10C4D0000C0099E60D2B3ED112F8023C0D2B7FF497
:10C4E00093AE12F8033C0D2B7FF48EAE12F8043C91
:10C4F0000D2B7FF489AE12F8053C0D2B7FF484AE32
:10C5000012F8063C0D2B7FF47FAE12F8073C0D2B82
:10C510007FF47AAE12F8083C0D2B7FF475AE12F85A
:10C52000093C0D2B7FF470AE12F80A3C0D2B7FF402
:10C530006BAE12F80B3C0D2B7FF466AE12F80C3C80
:10C540000D2B7FF461AE12F80D3C0D2B7FF45CAE29
:10C55000A5F10D0058E60E2B43D112F8023C0E2B2C
:10C560007FF452AE12F8033C0E2B7FF44DAE12F85E
:10C57000043C0E2B7FF448AE12F8053C0E2B7FF4E2
:10C5800043AE12F8063C0E2B7FF43EAE12F8073C89
:10C590000E2B7FF439AE12F8083C0E2B7FF434AE2C
:10C5A00012F8093C0E2B7FF42FAE12F80A3C0E2B2A
:10C5B0007FF42AAE12F80B3C0E2B7FF425AE12F856
:10C5C0000C3C0E2B7FF420AE12F80D3C0E2B7FF4AA
:10C5D0001BAE12F80E3C0E2B7FF416AEA5F10E002A
:10C5E00012E60F2B48D112F8023C0F2B7FF40CAE51
:10C5F00012F8033C0F2B7FF407AE12F8043C0F2B0C
:10C600007FF402AE12F8053C0F2B7FF4FDAD12F85B
:10C61000063C0F2B7FF4F8AD12F8073C0F2B7FF48C
:10C62000F3AD12F8083C0F2B7FF4EEAD12F8093C85
:10C630000F2B7FF4E9AD12F80A3C0F2B7FF4E4AD29
:10C6400012F80B3C0F2B7FF4DFAD12F80C3C0F2BD4
:10C650007FF4DAAD12F80D3C0F2B7FF4D5AD12F854
:10C660000E3C0F2B7FF4D0AD12F80F3C0F2B7FF454
:10C67000CBADA5F10F00C7E5102B08BFA5F1100049
:10C68000C2E500002DE9F04F324E4FF00009C1B075
:10C6900005460C4690461F4686F8019086F80290A3
:10C6A00007F0C8FE00283FD04FF480724946684624
:10C6B00020F000FC23071EBF24F00F041034A4B2A6
:10C6C00021466A462846FFF77EFDC4B222466946E7
:10C6D000214820F0C7FB07F0DFFBC0B23A464146D5
:10C6E00028BB1E48DFF870A0DFF874B008F07CFAB1
:10C6F0002546D146EDB91B4808F076FA1A4B1B487F
:10C700001B68A0F8068007720471C0F8009045729B
:10C710000BB107C89847F3780BB933798BB1012374
:10C72000737041B0BDE8F08F22462946D0E710482B
:10C73000D8E71AF8011B5846013D08F055FAADB28A
:10C74000D8E70C4B1B6B984741B0BDE8F04F08F0A1
:10C7500073B900BFF32A0020F4290020FE0C03085F
:10C76000220D03085E0A0308082B0020FC2A002083
:10C77000100D0308002C030807F0D6BE07F0DABE40
:10C7800007F002BFF82801D807F004BF6FF00200DD
:10C79000704707F0E7BE07F0EBBE07F007BF07F0F2
:10C7A0000BBF07F015BF000070B5074B5D6C04466A
:10C7B000010A4FF4E860A847E1B22B4640F241700D
:10C7C000BDE87040184700BF002C03082DE9F04F6A
:10C7D0009BB007F0EBFE0B9007F0C4FE0C9007F047
:10C7E000D3FE0F9007F0A6FE109007F09DFE0D906F
:10C7F00007F0EEFE119007F039FF002800F0A3804B
:10C8000014A807F03FFFDDF850B09DF864809DF854
:10C810005470BDF8625007F03FFBC0B2002840F0F2
:10C820008A80169C9DF86060013607F035FB10F099
:10C83000FF0244D1129207F0A7FE6FF07F430893E6
:10C840000C9BDFF844A107930B9B129A0E90CDE945
:10C850000253DAF81C30129301205FFA86F9DDF8F2
:10C8600048C00490CDE90522CDE9007923464FFA6E
:10C8700088F11392E0470E9B139A0092B3FA83F368
:10C880005B0909930C9B08930B9B0393BDF83C3009
:10C89000CDE90153DAF818300B930120CDE90420DB
:10C8A000CDE906224B463A4621460B9FB847012068
:10C8B000DAF85430FF2198471198FFF775FF07F019
:10C8C000EBFAC0B20228304F2ED100206FF07F4328
:10C8D000CDE907030D9B0093FB690B934FF0010A11
:10C8E000F6B2CDE90500CDE9030ACDE90165109A5C
:10C8F000DDF82CC023464FFA88F1E04700200523DD
:10C90000CDE90153CDE90700CDE905A0CDE903004C
:10C91000009033462146BD690D9ACDF824A0A84762
:10C920007B6DFF21504698475846FB68984700208A
:10C930001BB0BDE8F08F07F0AFFAC0B2022804BF09
:10C94000179C64086EE707F0FFFC834607F060FD64
:10C95000804607F00BFD074607F048FD054607F047
:10C960009BFAC0B230B9FFF790FB044607F02CFDEC
:10C97000461C5AE707F090FAC0B20228F6D1FFF73A
:10C9800084FB4408F2E700BF002C03080A4808B5FE
:10C990000A4B03600A4B83600A4B43600A4BC36037
:10C9A0000A4B03610A4B83610A4B1B689847FFF7E8
:10C9B0000DFF002008BD00BFD02900201DBF0008CA
:10C9C00085C600088DBF0008B5BF0008BDBE0008C1
:10C9D00099BE0008002C0308F8B5254D6B78064673
:10C9E0000C46174623B12B7913B96FF00500F8BD3B
:10C9F000FFF7ECFE07F01EFD10B321461D4A30463E
:10CA0000FFF7A2FBC4B21C4E08F00EF8336B984738
:10CA100001236B70D7B9B36A164821469847FCF7D3
:10CA20000CFC0028E3D021461448124D144E08F0A7
:10CA3000DBF8A4B2A4B9134808F0D6F82046D6E72C
:10CA4000224631460B4820F00DFADCE76B71B36BE0
:10CA500098476B79002BFCD16B78002BDBD1C4E7B6
:10CA600015F8011B3046013C08F0BEF8A4B2E1E71E
:10CA7000F32A0020F4290020002C0308270D0308C6
:10CA8000220D03085E0A0308B0F5803F70B5044626
:10CA900041D2431E0D2B214898BF0F240C220021A8
:10CAA00020F008FA1E4B5CB19A781AB9DA780AB904
:10CAB0001A792AB11B4808F097F86FF0050070BD8D
:10CAC0000122194D5A704CB99C705C70DC701C715D
:10CAD00007F0B2FF2B6B98470020F0E74FF6FF718D
:10CAE0008C426E6B09D19A70FFF770FE2B6B9847E2
:10CAF0000020B04707F098FFEEE74FF6FE718C423A
:10CB000001D1DA70F0E74FF6FD718C4201D11A7154
:10CB1000EAE72046EDE76FF00200D0E7FC2A0020AC
:10CB2000F32A0020410D0308002C03080C4B0D4A8A
:10CB30000344934210B5044602D96FF0020010BDC1
:10CB4000FAF744FE084B40B19C42F6D9204607F064
:10CB500001FCFFF73BFE0020F1E79C42F6D9ECE731
:10CB6000802E0FF7809E47300046C32308B5431F31
:10CB7000072B05D807F000FCFFF728FE002008BDB2
:10CB80006FF00200FBE7000010B5044607F084F9DF
:10CB900010F0FF000CD17D2C14D0FA2C1CD0B4F571
:10CBA000FA7F1BD0092C0ED96FF00204204610BD6D
:10CBB00007F072F9C0B2022805D1094BA4F59652CC
:10CBC0009A42F0E70446204607F0ECFB04460028B2
:10CBD000ECD1FFF7FBFDE9E70124F4E70224F2E7DB
:10CBE000780D0700032808B505D807F0F3FBFFF719
:10CBF000EDFD002008BD6FF00200FBE7042808B53A
:10CC000005D907F0F9FBFFF7E1FD002008BD6FF043
:10CC10000200FBE708B5431F112B05D807F0FEFB08
:10CC2000FFF7D4FD002008BD6FF00200FBE7000015
:10CC3000084BA0F516729A4210B5044606D8FFF7C5
:10CC4000C5FD2046BDE8104007F056BC6FF002005D
:10CC500010BD00BFE80A0300084BA0F516729A4207
:10CC600010B5044606D8FFF7B1FD2046BDE81040D8
:10CC700007F04EBC6FF0020010BD00BF88910400A9
:10CC800010B507F0ABFC0446FAF78CFDFFF79EFDEC
:10CC9000204610BD70B50C46064608F01BFA00256C
:10CCA000043CA9B28C4205F1010503D8BDE87040EF
:10CCB00008F02EBA0122314408F010FAF1E7000022
:10CCC0000EB403B5054A04AB182101930EF054FCD1
:10CCD00002B05DF804EB03B0704700BF6A0D0308B3
:10CCE00006F0B8BF06F0DEBF07F054B808B507F08D
:10CCF000D3F8C0B208BD022808B503D807F0D2F8AF
:10CD0000002008BD6FF00600FBE707F0D7B800B5BC
:10CD10008BB0012368468DF8003010F07BFD38B9E8
:10CD20009DF80400003818BF01200BB05DF804FB2B
:10CD30000020FAE730B58BB005460C4607F0BEF888
:10CD400030B9214628460BB0BDE8304006F0D2BFCE
:10CD50000F2C03D86FF006000BB030BDFFF7D7FFE4
:10CD6000044630B901461022284620F0A3F8204698
:10CD7000F2E70F2368468DF8003010F04BFD0446B3
:10CD80000028E7D101991022284620F06BF8EEE741
:10CD900030B58BB005460C4607F090F830B9214607
:10CDA00028460BB0BDE8304006F0CCBF032C03D8BA
:10CDB0006FF006000BB030BDFFF7A9FF044630B995
:10CDC00001460422284620F075F82046F2E70723A2
:10CDD00068468DF8003010F01DFD0028E8D1019B59
:10CDE0001BBA2B60E6E707F033B8072801D807F035
:10CDF00035B86FF00200704707F03CB807F040B854
:10CE000030B58BB005460C4607F058F830B92146CE
:10CE100028460BB0BDE8304006F0F2BF0F2C03D817
:10CE20006FF006000BB030BDFFF771FF044630B95C
:10CE300001461022284620F03DF82046F2E70E2356
:10CE400068468DF8003010F0E5FC04460028E7D174
:10CE500001991022284620F005F8EEE730B58BB096
:10CE600005460C4607F02AF830B9214628460BB093
:10CE7000BDE8304006F0B6BF032C03D86FF00600C3
:10CE80000BB030BDFFF743FF044630B90146042222
:10CE9000284620F00FF82046F2E7062368468DF872
:10CEA000003010F0B7FC04460028E7D104220DEB57
:10CEB000020128461FF0D6FFEDE7704707F010B8D3
:10CEC00007F020B808B507F047FB003818BF01206D
:10CED00008BD38B50C46054612F02EFA24B1284696
:10CEE000BDE8384007F02CBB204638BD00B58BB0FC
:10CEF0002D2368468DF8003010F08CFC9DF804005E
:10CF00000BB05DF804FB07F033B807F043B807F047
:10CF100065B800B58BB006F0D1FF01280DD1FFF741
:10CF2000F6FE50B1272368468DF8003010F072FCF1
:10CF300000B901980BB05DF804FB0BB05DF804EB91
:10CF400007F05EB807F06EB807F07EB807F0A0B83B
:10CF500007F0A4B81FB52E238DF8083006F04AFE5E
:10CF600002A914F00FFD05B05DF804FB1FB53023D6
:10CF70008DF8083006F03EFE02A914F003FD05B05E
:10CF80005DF804FB10B590B0044605A80EF0D8F982
:10CF9000059807A912380EF05BFA0C9B094903F2B9
:10CFA0006C7303930A9B02930B9B01330193079BC2
:10CFB00000932046DDE90832FFF782FE002010B022
:10CFC00010BD00BF6A0D030800B58BB01F23684673
:10CFD0008DF8003010F01EFC18B901980BB05DF808
:10CFE00004FB6FF00600F9E700B58BB01F2368461D
:10CFF0008DF8003010F00EFC20B99DF808000BB041
:10D000005DF804FBF920FAE707F030B8022801D8F0
:10D0100007F032B86FF00200704707F04BB807F026
:10D020004FB807F059B807F05DB807F067B807F0D8
:10D030006BB807F075B807F079B807F083B807F058
:10D0400087B807F091B807F095B807F09FB807F0D8
:10D05000A3B807F0ADB807F0B1B800B1012007F0F0
:10D06000B9B807F0C3B806F0C5BD08B506F0C2FDF3
:10D07000431EDBB2012B03D900F0FD00082803D1C9
:10D08000BDE8084007F04EB96FF0060008BD10B5C6
:10D09000044614F072FC40B914B1143C022C04D8BC
:10D0A000BDE81040002014F068BC10BD30B58BB056
:10D0B0000D46044606F09EFDFFF7E9FFA0B10323ED
:10D0C00068468DF80030019410F0F2FC38B1012868
:10D0D0000CBF6FF005006FF006000BB030BD2946A5
:10D0E000204606F0C5FDF8E76FF01000F5E730B513
:10D0F0008BB00D46044606F07DFDFFF7C8FFE8B192
:10D10000082368468DF80030019410F0D1FC38B146
:10D1100001280CBF6FF005006FF006000BB030BDAA
:10D12000092368468DF80030019410F0C1FC0028F6
:10D13000EED12946204606F0C3FDEFE76FF0100060
:10D14000ECE730B58BB00D46044606F053FDFFF713
:10D150009EFFD8B106F0A0FEC0B201280FD1022375
:10D1600068468DF80030019410F0A2FC38B1012817
:10D170000CBF6FF005006FF006000BB030BD294604
:10D1800020460BB0BDE8304006F012BE6FF0100034
:10D19000F3E730B58BB00C46054606F02BFDFFF7E4
:10D1A00076FF88B1052368468DF800308DF804506D
:10D1B00010F07EFC03280AD001280BD06CB1284661
:10D1C00006F094FE0BB030BD6FF01000FAE76FF080
:10D1D0000200F7E76FF00500F4E72046F2E730B50C
:10D1E0008BB00C46054606F005FDFFF750FF68B111
:10D1F000292368468DF80030019510F059FC40B99C
:10D2000054B1284606F0BAFE0BB030BD6FF01000E6
:10D21000FAE76FF00600F7E72046F5E730B58BB088
:10D220000C46054606F0E6FCFFF731FF68B12A23FD
:10D2300068468DF80030019510F03AFC40B954B1C1
:10D24000284606F0ADFE0BB030BD6FF01000FAE7D7
:10D250006FF00600F7E72046F5E730B58BB00C46D7
:10D26000054606F0C7FCFFF712FF70B11D236846A4
:10D270008DF800308DF8045010F01AFC40B954B10C
:10D28000284606F0B1FE0BB030BD6FF01000FAE793
:10D290006FF00600F7E72046F5E770B58AB00C4658
:10D2A000054606F0A7FCFFF7F2FE00B32723684609
:10D2B0008DF80030019510F0FBFB18B16FF00600FF
:10D2C0000AB070BD282305F57A7668468DF80030DF
:10D2D000019610F0EDFB0028F0D15CB1304606F06D
:10D2E000A7FE0028ECD1284606F090FEE8E76FF094
:10D2F0001000E5E72046E3E770B58AB00C46054626
:10D3000006F078FCFFF7C3FE00B3282368468DF8CB
:10D310000030019510F0CCFB18B16FF006000AB098
:10D3200070BD2723A5F57A7668468DF80030019602
:10D3300010F0BEFB0028F0D15CB1304606F066FE6E
:10D340000028ECD1284606F073FEE8E76FF01000E5
:10D35000E5E72046E3E730B58BB00C46054606F01E
:10D3600049FCFFF794FE88B11F2368468DF8003012
:10D3700010F050FA68B96846019510F099FB58B959
:10D380006CB1284606F018FE0BB030BD6FF01000EF
:10D39000FAE76FF00600F7E76FF00200F4E72046C7
:10D3A000F2E770B58AB00C46054606F023FCFFF79D
:10D3B0006EFE30B31F2668468DF8006010F02AFA22
:10D3C000B8B9212368468DF800308DF8085010F068
:10D3D0006FFB68468DF800608DF8085010F068FB10
:10D3E00028B94CB1284606F0B7FD0AB070BD032835
:10D3F00004D06FF00600F8E72046F6E76FF0020071
:10D40000F3E76FF01000F0E72DE9F0438BB0342321
:10D4100068468DF8003010F0FDF9019C06F000FF21
:10D42000804606F015FF074606F02CFF064606F07C
:10D4300043FF054606F05AFF382181464046FFF774
:10D4400029FCD8F83430984204D13822414620468D
:10D450001FF008FD20213846FFF71CFCFB699842AD
:10D4600005D12022394604F138001FF0FBFC4FF4AF
:10D47000C2713046FFF70EFCD6F88031984206D1D3
:10D480004FF4C272314604F158001FF0EBFC4FF428
:10D49000D0712846FFF7FEFBD5F89C31984206D1A3
:10D4A0004FF4D072294604F5EE701FF0DBFC002328
:10D4B00009F1040204F5657459F8231019B152F802
:10D4C000231044F823100333B3F5907FF4D10BB04D
:10D4D000BDE8F08330B58BB00D46044606F08AFBFC
:10D4E000FFF7D5FDD0B10F2368468DF800300194C9
:10D4F00010F0DEFA38B101280CBF6FF005006FF0B4
:10D5000006000BB030BD06F01FFA06F013FAFFF765
:10D510007BFF2946204606F0FBFBF2E76FF0100088
:10D52000EFE730B58BB00D46044606F063FBFFF71E
:10D53000AEFDE0B107238DF80030236868461BBAC2
:10D54000019310F0B5FA38B101280CBF6FF0050057
:10D550006FF006000BB030BD06F0F6F906F0EAF900
:10D56000FFF752FF2946204606F0FAFBF2E76FF07C
:10D570001000EFE730B58BB00D46044606F03AFBDD
:10D58000FFF785FD60B30C2368468DF800300194E9
:10D5900010F08EFA38B101280CBF6FF005006FF063
:10D5A00006000BB030BD0D2368468DF800300194A5
:10D5B00010F07EFA0028EED10E2368468DF8003078
:10D5C000019410F075FA0028E5D106F0BDF906F0D7
:10D5D000B1F9FFF719FF2946204606F01FFCE0E7E6
:10D5E0006FF01000DDE730B58DB00D46044606F053
:10D5F0009BFC003D18BF01258DF8160001A960783D
:10D600008DF8085010F0A6F8A0B100238DF808306E
:10D610000493ADF81430092307A88DF81C3010F0DE
:10D62000F3FE02A811F0C4FD003818BF01204042EB
:10D630000DB030BD23788DF80C306378ADF8143020
:10D6400063680493E7E70000014B1878704700BF58
:10D65000182B0020014B5878704700BF182B002072
:10D6600002482022002107F014BD00BF2C2B00200F
:10D6700038B50B4D0B4C78B171B1012323700A4BB7
:10D68000E16062722860836000252582FFF7E8FF71
:10D690006570A574A58638BD00232B602370F3E761
:10D6A000142B0020182B002031DC000810B50E4C84
:10D6B00094F835306BB194F83600002184F83510B9
:10D6C00018B90146FCF730FE03E00128FAD0022821
:10D6D000F8D094F8343033B1002384F83430BDE806
:10D6E0001040FAF761B810BD182B002070B54E4BF2
:10D6F0006422196AB1FBF2F2D968012041249872C0
:10D700000C70997ADC681D7D0E189E726554997AAA
:10D71000DC68DD8A0E189E7265549C7AD98ADD68B1
:10D72000090A26189E722955997ADC680D189D728F
:10D730006254997ADC680D189D72150A6554997ABD
:10D74000DC680D18120C9D726254D9689A7A14180C
:10D750009C7293F824408C549A7AD968B3F9264085
:10D7600015189D728C549A7AD96893F92740151828
:10D770009D728C549A7AD96893F9284015189D7235
:10D780008C549A7AD96814189C7293F829408C5456
:10D790009A7AD9689C6915189D728C54DC689A69CC
:10D7A000997A120A0D189D7262549A7AD9685C8B24
:10D7B00015189D728C549A7AD968DC7E15189D7262
:10D7C0008C549A7AD96814189C7293F82A408C5415
:10D7D0009A7AD96814189C7293F82B408C549A7AD0
:10D7E000D96814189C7293F82C408C549A7AD96892
:10D7F00014189C7293F82D408C549A7AD968141896
:10D800009C7293F82E408C549A7AD96814189C72A2
:10D8100093F82F408C549A7AD96814189C7293F814
:10D8200030408C54587070BD182B00202DE9F04703
:10D83000B04C23788CB0002B52D0C3780BB9837CCA
:10D8400013B1238A01332382437B002B48D0C37852
:10D85000E02B45D10025A572876897F80080B8F1C4
:10D86000220F27D8B8F1220F35D8DFE818F0C7000B
:10D87000D800DC00FB00020113011A0135014B0145
:10D880006301760134003400340034003400340085
:10D8900034003400340034003400340034003400E8
:10D8A0003400340034003400340034003400780193
:10D8B00087018B01B8F17D0F00F07F8113D8B8F19B
:10D8C000420F00F06B81B8F1430F00F07481B8F1A2
:10D8D000400F00F05D81A37A003B18BF0123637005
:10D8E0000CB0BDE8F087B8F17E0F00F08781B8F189
:10D8F0007F0FF0D1362301A88DF804300FF08AFF96
:10D9000094F80A90E6689DF808009DF809509DF883
:10D910000A709DF80BC09DF80D309DF80E209DF803
:10D920000F109DF80CE009F1010A84F80AA006F82E
:10D930000980714E94F80A903668D4F80C8009F189
:10D94000010A84F80AA096F803A008F809A094F840
:10D950000A90D4F80C8009F1010A84F80AA096F81C
:10D9600002A008F809A094F80A90D4F80C8009F1F4
:10D97000010A84F80AA096F801A008F809A094F812
:10D980000A9009F1010A84F80AA096F80080E66876
:10D9900006F8098094F80A80E66808F1010984F81D
:10D9A0000A9006F808C094F80AC0E6680CF101086D
:10D9B00084F80A8006F80C70A77AE66807F1010C73
:10D9C00084F80AC0F555A57AE6686F1CA7727055F1
:10D9D000A07AE568461CA6722954A17AE0684D1C1D
:10D9E000A5724254A27AE168501CA0728B54A37AAB
:10D9F000E268591CA17202F803E06CE7E3680122B7
:10DA00000021A2721970A37AE1689818A07206200A
:10DA1000C854A37AE1689818A072CA545BE701233E
:10DA200084F8343057E7FFF71EFB00F0FD03082BA6
:10DA3000014604D1FF23ADF80430012105E001289F
:10DA40000BD140F2FF13ADF8043001A8FBF77FFDC6
:10DA50002A4BDB6A012098473DE70228F8D140F6BF
:10DA6000FF73E8E77B7884F83630012384F835309B
:10DA700031E705238DF804307B78003B18BF012384
:10DA800001A88DF8083010F013F89DF8080006F092
:10DA90002DFA20E77878003818BF012011F04CFCEF
:10DAA00019E7174E0FCE01AD0FC50FCE0FC596E883
:10DAB000070085E807007B780A2B3FF60CAF0E4A7B
:10DAC00012685268002A3FF406AF0CA901EB8303E9
:10DAD00053F82C0C9047FEE67878431E012B3FF656
:10DAE000FAAE054B01381B6818BF012020729B68F5
:10DAF000B1E700BF182B0020142B0020600100208C
:10DB000090000308E26801230821A3721170627A71
:10DB1000057BA17AAA4228BF2A469342BFF4DBAE16
:10DB200085685A1CEB5CE56801334E1CA6726B5489
:10DB3000D3B2ECE7E3680122A27209221A70A37A39
:10DB4000E268218A581CA072D154238AA27AE16823
:10DB50001B0A501CA0728B54BDE62582BBE6052330
:10DB600001A88DF8043010F04FFC2F4B9B6A002B5E
:10DB70003FF4B1AE059A01A99847ACE62A4B1B6B5E
:10DB80009847A8E6294B78781B686075DB6862E7E0
:10DB90007B78003B18BF0123A3749CE6E368012255
:10DBA000A27283F80080A37AE268E18A581CA0720E
:10DBB000D154E38ACAE7E5828DE6037B072B7FF425
:10DBC0008AAE06238DF80430B7F80130ADF808307E
:10DBD0007B793A791B0443EA0223FA7813436422DF
:10DBE00053430393BB798DF810300F4B01A89D6A06
:10DBF00010F00AFC059A01A9A8476CE6462301A883
:10DC00008DF804308DF808500FF052FF84F834502E
:10DC1000FFF77BF8012802D1034BDB6A984700200D
:10DC2000FFF71BFA57E600BF60010020142B00200D
:10DC300008B9FFF7E3B80128FBD0704703780B2B36
:10DC400010B506D14378044C23B9FFF709FD012331
:10DC5000237510BD0023FBE7182B002070B5124E72
:10DC60003378FBB103780A2B09D00E2B1AD1FFF7BA
:10DC7000F7FCB37CB3B1BDE87040FFF737BD437824
:10DC80000D2B06D1337D0BB901233375F38A013394
:10DC9000F382041D0FCC054D0FC594E8070085E8FD
:10DCA0000700E6E770BD00BF182B0020302B0020D6
:10DCB0000048704760010020054B31B19A70012285
:10DCC00059601A7000225A7070471970FAE700BF45
:10DCD000502B0020014B1878704700BF502B0020BC
:10DCE000014B5878704700BF502B00202DE9F74FAB
:10DCF000C378CA2B074600F0948003B0BDE8F08FCC
:10DD0000B968C85C5A1CD2B203280FD8DFE800F00B
:10DD100002105F81716800230B55601CA31CDBB2ED
:10DD2000C0B201250D540334CD54E4B292463BE019
:10DD300000207073387F03F1060A5FFA8AFA002820
:10DD400032D1581DC0B2357A085C05F00F0500F0DD
:10DD50000F00854228D18D5C9A1CD2B2EB468A5CBA
:10DD600005EB0225DA1CD2B20433DBB28A5CCB5C51
:10DD700005EB0245584605EB03650DF0E1FA009B03
:10DD80002B4400939BE803000DF0B2FA337AC3F3FF
:10DD90000302013262F303033372D9F834301BB14A
:10DDA0000135022D00D8984753463A7B9A42A7D8AE
:10DDB000002CA2D0CA238DF800301E4B8DF80140F4
:10DDC0005B68019300216846FFF70DFC95E77268D8
:10DDD00002335FFA83FA02231355631CDBB201217D
:10DDE000D15468460DF0ACFA009A7368A11CC9B210
:10DDF00042445A54E11CC9B2100A5854611D201DF6
:10DE0000C9B2C0B2150C0634120E1D54E4B25A54F5
:10DE1000CAE702335FFA83FA8B5C03F0070373737C
:10DE2000C2E70024034EDFF81080DFF8109023468D
:10DE3000BBE700BF502B002080C22AED98010020D4
:10DE400010B5114C637A8AB0E3B105238DF8003028
:10DE50006846A37A8DF804300FF02AFE25238DF84A
:10DE600000306846E37A8DF804300FF021FE2D2350
:10DE70008DF800306846237B8DF804300FF018FED3
:10DE8000002363720AB010BD502B00200048704779
:10DE90009801002030B58DB000F0D6FF00284BD19E
:10DEA000274C657A3DBB052302A88DF808300FF09A
:10DEB000B1FC9DF80C30A37202A88DF80C500FF045
:10DEC000F7FD252302A88DF808300FF0A3FC9DF87C
:10DED0000C30E37202A801238DF80C300FF0E8FD3E
:10DEE0002D2302A88DF808300FF094FC9DF80C301B
:10DEF000237300F0B3FF68460DF022FA009A114B2D
:10DF000013446268180A53709070180C1B0E13713A
:10DF1000237AD07001216FF30413117053712372AF
:10DF2000617240F2CA63002102A8ADF80830039282
:10DF3000FFF759FB0DB030BD4FF0FF30FAE700BFDF
:10DF4000502B002080C22AED10B5054C637B2BB10D
:10DF5000FFF7A0FF10B9637B013B637310BD00BFE7
:10DF6000502B0020014B1878704700BF602B002019
:10DF7000014B5878704700BF602B002037B5104C1C
:10DF8000D9B125786160E2708DB9012323702A46EA
:10DF90000C4B0D4800954FF0FF310CF0DDFF0B4BA3
:10DFA0000B4800952A464FF0FF310CF0D5FF094A87
:10DFB00000236370136003B030BD2170F7E700BF2A
:10DFC000602B0020F9DF0008482C0020D9DF000872
:10DFD000602C0020782C002008B505480CF0D6FFF6
:10DFE00010B103480DF032F8024B02229A7008BDBE
:10DFF000602C0020602B002010B508480CF0C6FFF4
:10E0000010B106480DF022F8054B064C01229A701B
:10E01000236803B198470023236010BD482C0020DB
:10E02000602B0020782C00202DE9F04FC378C82BFE
:10E0300091B0054600F0A88111B0BDE8F08FAA6844
:10E04000D15C5E1CF6B2042914D8DFE811F005009B
:10E0500013002600D500F500D8F804200023611C29
:10E060001355C9B2A31CDBB2022050540121033462
:10E07000D154E4B233462A7B9A42E0D8002CDBD05C
:10E08000C8238DF81C30BC4B8DF81D405B6808938D
:10E09000002107A8FFF7A7FACEE712F80690DFF8ED
:10E0A000DCB24FF0380A0AFB09F2991C0BF8029017
:10E0B0000BEB0200C9B2AA68575C4760D91CAA687A
:10E0C000C9B25E1D525C07EB02274760191DAA68A2
:10E0D000C9B2F6B2525C07EB02474760A968895D96
:10E0E00007EB016700F1080A9A1D476003F116006B
:10E0F000D2B25646C0B2A96894460132D2B211F8E3
:10E100000C1006F8011B8242F5D1A968885C382200
:10E1100002FB09F90BEB090203F117069061A968EC
:10E12000F6B2895D00EB0120906103F11806A96841
:10E13000F6B2895D00EB0140906103F11906A96810
:10E14000F6B2895D00EB0161916103F11A00009163
:10E15000C0B2A968095CD16103F11B06A868F6B2D8
:10E16000805D01EB0021D16103F11C06A868F6B2C5
:10E17000805D01EB0041D16103F11E061D33A868EB
:10E18000DBB2F6B2C35C01EB0363D361002124224E
:10E1900007A801931EF08EFE1BF80900009B0B934D
:10E1A00040F20112019BADF81C20C0F3010200F007
:10E1B00003008DF81E200C93CDE9087A10F042F888
:10E1C00007A80FF0C5FFD8F8041002220A55631CF7
:10E1D0001444021E1BF80900DBB218BF0122C0F371
:10E1E000010040EA8200C854092302A8E4B28DF875
:10E1F000083010F009F93DE7965D0233DFB2D8F838
:10E20000043006F00306032204F101091A553046D2
:10E210005FFA89F910F016F830B1304610F012F8B4
:10E22000162818BF46F00406D8F80430023403F864
:10E230000960E4B23E461DE74FF000098DF80890F2
:10E24000905DDFF838C100F00300382101FB00C702
:10E25000022287F82C209E18F6B2AA68965D7E628C
:10E2600003F1030EAA685FFA8EFE394612F80E20FB
:10E2700006EB02267E6203F1040EAA685FFA8EFEA8
:10E280002C3112F80E2006EB02467E6203F1050ED9
:10E29000AA685FFA8EFE12F80E20DFF8E4E00EEBBB
:10E2A000026216447E629E1DAA68F6B203F1080E51
:10E2B000925D02F00F0287F82820DE1DAA68F6B2F0
:10E2C0005FFA8EFE965D3E63AA6812F80E2046EA5B
:10E2D00002263E6303F1090EAA685FFA8EFE12F869
:10E2E0000E2046EA0246642256433E6303F10B06C3
:10E2F0000A33AA68DBB2F6B2D35C87F8343002AADC
:10E300000FF0D0FF8246A0BB07A80DF019F87F6A76
:10E31000079BFF1A4F4524DD7B1E4FF47A7159434A
:10E3200018480CF01DFF17480CF0E0FE0120D8F84B
:10E33000043004221A55621CD2B29DF808C003F8BA
:10E3400002C0A11CC9B250B1E21CD2B25F54391252
:10E350009954611D0434E4B23F141F55C9B20C46F0
:10E3600088E69DF8083043F010038DF808305046D9
:10E37000DDE748464F46DAE7602B0020682B002097
:10E38000803DD512482C00200024DFF80880234669
:10E3900071E600BF602B002037B501A8F9F7FEF940
:10E3A0000F4B9D78002401A89C70F9F7F9F9012D15
:10E3B00003D0022D11D003B030BD0A4B0A4893F8A8
:10E3C00028304FF47A7199400CF0CAFE06480CF0E0
:10E3D0008DFE022000F05AFDEDE72046FAE700BF6F
:10E3E000602B0020682B0020602C00200048704724
:10E3F000D001002007B54FF0FF3301A90848019371
:10E400000CF0F0FD074B01989B6A984742F20F739E
:10E4100098428CBF0020012003B05DF804FB00BFD0
:10E42000482C002088320308014B1860704700BF59
:10E43000782C0020014B1878704700BF002D002079
:10E44000014B5878704700BF002D002037B50E4DA6
:10E450000E4CA0B199B1E27022782860616052B987
:10E46000012323700A4B0B481A604FF0FF310A4B0F
:10E4700000920CF071FD0023637003B030BD0023E7
:10E480002B602370F7E700BFFC2C0020002D00203C
:10E490000C2D0020E42C00209DE4000808B5054860
:10E4A0000CF074FD10B103480CF0D0FD024B0222B9
:10E4B0009A7008BDE42C0020002D00202DE9F04FBB
:10E4C000C378C92B91B0074627D10023DFF86082BB
:10E4D00001931E461C463A7B9A4221D8ECB1954DD9
:10E4E0008DF829406B680B93C9238DF828300AAC4E
:10E4F000002E00F06F814FF47A71002006F0A8FD25
:10E50000019B8D4A043300FA03F394E8030013607F
:10E510008A4B83E803000123AB7011B0BDE8F08F94
:10E52000B968CA5C5D1CEDB2082A1BD8DFE812F09E
:10E5300009001C005900E0001A001A001A001A0015
:10E540000A01BB78012B0DD07A4B5A68611C00235D
:10E550001355C9B2A31C0320DBB25054012104445B
:10E56000D154E4B22B46B6E711F805B0023308A83F
:10E570004FEA5B054FF0180A5FFA83F90AFB058A38
:10E5800000F020FC089809990AF10C031BF0010F18
:10E5900003C302D1BAF80E300BB3664B5A6801269A
:10E5A0001823165503FB0583A119C9B29889505445
:10E5B0009989A01CC0B2C1F3052141EA851111540B
:10E5C000E01CC0B2DD891554211D987CC9B23040D1
:10E5D00050545B79053403F00703E4B201934D46D0
:10E5E000C0E7BA78012ABDD04A5D8DF82920DA1C2F
:10E5F000D2B203F10B05885C9A1CD2B2EDB28E5CEC
:10E6000046EA0026981DC0B21A1D085C0290D81D6B
:10E61000C0B2D2B2085C039003F1080011F8029076
:10E62000C0B25A1DD2B2085C8A5C049003F10900A2
:10E630000A33DBB2C0B212F0380F11F803B0085C35
:10E64000059014BF01230023B6F57A6F42D943F039
:10E6500002039DF829C0CCF3011C43EA8C1A1B0766
:10E660002CD101238DF828308DF82D20029B059A9E
:10E670008DF82E304FEA0B6303EB0243039AADF89B
:10E680002A601344049A8DF82C9003EB02230C9318
:10E690004FF0FF330F930DF1280E182303FB0C8C62
:10E6A000BEE80F00ACE80F009EE80300244B8CE8A6
:10E6B00003001A684946304600F0AEF91D4B5A680F
:10E6C000631CDBB2022111550C4402F803A0E4B232
:10E6D000002647E7B9F1C80FB9D8CDE9062300F005
:10E6E000C9F909FB06F18142DDE90623AFD8B0E79D
:10E6F000BA78012A3FF436AF4A5D182102F00302CE
:10E700005143023318F80100DBB260B942F0040251
:10E7100008494868611C0325C9B2055502344254B2
:10E72000E4B21D46D4E7002008F80100F0E700BF7E
:10E73000842C0020002D00200C2D00207C2C00209B
:10E74000FC2C002003F1030A0233DBB2485D11F810
:10E750000390182540EA09204FEA991905FB09851D
:10E760005FFA8AFA6B69013319D15144C0F30D0085
:10E7700000F084F9686108A800F024FB0898099962
:10E7800005F10C0303C3164B1B68D3F808B0BBF1AB
:10E79000000F04D0EB892A796988A889D847182303
:10E7A00003FB09835A69002A0CDB0D4A6FF0010054
:10E7B00012685861D2682AB159881D799B796943DA
:10E7C000C91A9047182303FB098999F80450554446
:10E7D000EDB2C7E631462046FEF705FF9DE600BFD5
:10E7E000FC2C002037B501A8F8F7D8FF0D4B9D7819
:10E7F000002401A89C70F8F7D3FF012D03D0022D4F
:10E800000AD003B030BD084B084819680CF0A8FCCA
:10E8100006480CF06BFCF4E721460548FEF7E3FEE2
:10E82000EFE700BF002D00200C2D0020E42C00207D
:10E830007C2C0020004870470802002030B40B46B2
:10E840000649096839B10D682DB1014602FB03F094
:10E850002B4630BC184730BC704700BF102D00203D
:10E8600030B40B460649096839B14D682DB10146EF
:10E8700002FB03F02B4630BC184730BC704700BF8A
:10E88000102D0020C308C043CB5C00F0070043FA02
:10E8900000F000F001007047C34303F00703C00815
:10E8A00010B502FA03F4012202FA03F30A5C22EA29
:10E8B000030222440A5410BD10B5013902449042AB
:10E8C00000D110BD037811F8014F634000F8013BFF
:10E8D000F5E7F8B505460F4696B20024B44200D1DC
:10E8E000F8BD29462046FFF7CDFF394602462046AF
:10E8F000FFF7C8FF4240D2B2204629460134FFF755
:10E90000CBFFA4B2EAE70000F0B5164D05F50056BE
:10E91000A988B6F87274B6F870243C464FF0000C23
:10E92000431E05F5A465A34211DCFB430344874263
:10E9300028BF00233B44BCF1000F01D0A6F870248F
:10E940009942DCBF481C80B2A6F87204F0BDA14217
:10E95000C1BF013292B225F814204FF0010C0134EE
:10E96000E1E700BF102D002030B5094B00229C8844
:10E97000411C03F5A46390B2844201D8002005E055
:10E9800033F8025B8D4202F10102F4D130BD00BFC9
:10E99000102D00202DE9F843804616460D4611B390
:10E9A0004B1E4B4301FB02F4A4EB6304634203F0F0
:10E9B00007034FEAE4074FF0000904F0070458BFCB
:10E9C0005C421FFA89F00022414609F10109FFF774
:10E9D00063FF1FFA89F39D42F3D8DFF83890B54200
:10E9E00004D3BDE8F8830C460F46F6E709EB0703AE
:10E9F00028461A7BC4F107031A41013402F00102D0
:10EA00004146FFF749FF0135082C04BF01370024B8
:10EA1000ADB2E4E7102D0020134B997103F50051BE
:10EA20001A600022C1F870249A60988003F5A462ED
:10EA300001214FF47A63013B9BB222F8021B002BA9
:10EA4000F9D10A4A194601330D2B02F8011BFAD1FC
:10EA5000074A0023FF2040F2145101338B4202F891
:10EA6000010BFAD1704700BF102D0020705100201B
:10EA70001C2D00200048704700350C002DE9F04F98
:10EA8000ADF5397D044640F2F5123AA8B64E8846F7
:10EA9000002106F0FEFAC822002108A806F0F9FAC3
:10EAA00006F500570D220021684606F0F2FA0D2205
:10EAB000002104A806F0EDFAB7F87234A7F86E4406
:10EAC000A34205D94FF0FF300DF5397DBDE8F08F39
:10EAD000B388A34217D3611EB27989B24046FFF7CB
:10EAE000ADFE04F28F23002226F813202046FFF704
:10EAF0000BFFB7F87034002BE4D1B088001B18BFAF
:10EB00004FF0FF30E0E7B7F87034642B04D90123ED
:10EB100087F874340020D7E72046FFF7F5FEB6F8F3
:10EB200004900023A4EB09041D46012101FA03F21D
:10EB300002EA0902DA4001331544202BEDB2F5D187
:10EB40006B1E5D4240F2E93000FB04F45D4100239E
:10EB500001344FEAE9013AAA184601338B4202F820
:10EB6000010BFADD4FEA690B4FF0000A4D44DA451C
:10EB70000ED10024DFF8F4A1A146B388A3421CDC27
:10EB8000B7F87054002294B2A54239D800243FE06F
:10EB900084EA64139B0503F4800303EB640494FB91
:10EBA000F5F005FB10408145F2DD01223AA980B263
:10EBB000FFF772FE0AF1010AD9E71FFA84FB3AA9AE
:10EBC0005846FFF75FFE012805460FD13AF814209A
:10EBD00072B95846FFF760FEB279594608A8FFF7A8
:10EBE0003FFEB27908A94046FFF766FE0134C4E74C
:10EBF000501E69462A4680B2FFF74EFEA946F5E749
:10EC000069462046FFF73EFE012802F10102BAD113
:10EC1000B9F1000F3FF456AF554D29462046FFF796
:10EC200031FE0128B7F8702404D0002C5DD12546B0
:10EC3000A24669E0214604A8FFF7ACFEB7F87024AD
:10EC400004A96846FFF745FE2046FFF78DFEB2791E
:10EC5000014608A8FFF704FEB27908A94046FFF76D
:10EC60002BFEB7F87094002290B2814527D8B7F8F0
:10EC70007034B4689C427FF425AF012C20467FF6A7
:10EC800023AF394F023C07F500551FFA84FB584665
:10EC9000FFF76AFEBA790146814608A8FFF7E0FD52
:10ECA000B5F87064013EA64264DCBA79494608A80A
:10ECB000FFF7C4FD013CE8D2B5F8700404E76946EB
:10ECC000FFF7E0FD012802F10102CDD1002207E0AB
:10ECD00069462046FFF7D6FD012802F101029CD0CB
:10ECE00094B2A145F4D8002497E7631E634304FB64
:10ECF00002F5A5EB63056B4203F007034FEAE50A53
:10ED000005F0070558BF5D42A1464FF0010B18E022
:10ED100069464846FFF7B6FD48B906EB0A03C5F158
:10ED200007010BFA01F0197B21EA00011973013583
:10ED3000082D09F1010904BF0AF1010A00251FFA93
:10ED400089F99145E4D32046FFF70EFEB2790146DA
:10ED50004046FFF773FD064901222046FFF79CFD60
:10ED6000B3680133B36082E7102D002030320020F9
:10ED700070510020B5F87024594604A81FFA86FA8D
:10ED8000FFF708FE51466846B5F87024FFF702FE0B
:10ED900004A95046FFF776FD012883D1B5F8702409
:10EDA000694604A8FFF795FD5046FFF7DDFDBA79E7
:10EDB00001464046FFF754FDBA79414608A8FFF7DF
:10EDC0007BFD6FE70349D1F86E240260D1F872240D
:10EDD00042607047104D0020024B1B68DB6A03B194
:10EDE000184770478851002070B5114E042456F81A
:10EDF000045B2DB9013C14F0FF04F8D1204670BD2E
:10EE0000FFF744F88542F5D156F8045CFFF7EEFAB7
:10EE10008542EFD156F8045CFFF70CFD8542E9D13D
:10EE200056F8043CDB6898470028E3D0E7E700BFCA
:10EE30008C510020024B1960024B1860704700BFD4
:10EE40009C5100208851002008B50DF097FE18B99C
:10EE5000BDE80840FFF7C8BF08BD000010B586B088
:10EE6000092301A88DF804300FF0CEFA064B1B6879
:10EE7000DB69044613B1059A01A99847201E18BF03
:10EE80000120404206B010BD8851002070B58AB004
:10EE90000546002668468DF800600EF0BBFC9DF824
:10EEA0000440AC4224D0012D0FD0022D11D0FDB969
:10EEB00044B168468DF804500EF0FAFD0446A0B146
:10EEC0004FF0FF3420460AB070BDFFF7C7FF04467D
:10EED000F8E7003C18BF0124684664428DF80450EE
:10EEE0000EF0E6FD0028EBD12846FFF775FFE9E7B5
:10EEF0003446E7E7034B53F82030986800B10047E9
:10EF0000704700BF8C510020F8B50E4F06460C46E6
:10EF1000042557F8043B4BB1032E07D8DFE806F071
:10EF2000020B0D0F5B690BB120469847013D15F0B0
:10EF3000FF05EED1F8BD9B69F5E7DB69F3E71B6AD6
:10EF4000F1E700BF8C51002038B50B4D002455F877
:10EF5000043BE4B24BB11B693BB12046FFF7CAFF4B
:10EF600018B155F8043C1B6998470134E3B2042BEF
:10EF700064B2ECD138BD00BF8C5100201B2937B5DD
:10EF8000434B05460C460FD00CD80A2934D00D2926
:10EF900032D008290BD01A78012A5FD15B2C65D1B9
:10EFA000022202E07F29F5E701221A7054E0394974
:10EFB00000221A700B68002B4ED0013B0B603649C3
:10EFC0000824CA54284601220DF107018DF8074094
:10EFD00005F0AEFD202301220DF1070128468DF832
:10EFE000073005F0A5FD01220DF1070128468DF837
:10EFF000074005F09DFD2FE0002227481A70F7F723
:10F00000C9F800B304F0D2FD88B10A2301220DF142
:10F01000070128468DF8073005F08AFD0D230122EF
:10F020000DF1070128468DF8073005F081FD1A48DB
:10F03000F7F7B0F818490246284600F08BF8174950
:10F04000174805F0D1FD40F60102134800211DF0DC
:10F0500031FF104B00221A6003B030BD022A05D1E7
:10F06000A4F14102012A01D800229EE709490020AB
:10F0700018700B6840F2FE729342EDD85A1C0A6079
:10F080000549CC54885404F091FD0028E4D0AAE747
:10F09000A0510020F8590020F4510020600A030814
:10F0A0008C0D030808B50B490B4805F09DFD142293
:10F0B00000210A481DF0FEFE40F60102084800212A
:10F0C0001DF0F8FE074B00221A60BDE8084000F072
:10F0D0003BBB00BF600A03088C0D0308A45100204D
:10F0E000F4510020F8590020F8B505460C461646A4
:10F0F000F7F750F807462846F7F74CF838B30123DE
:10F10000002E63664FF0000308BF192625601846DD
:10F11000626EB24219DAEA1814E01146013291F82F
:10F1200000C0BCF13A0F0CD108705A1CA918AA5C97
:10F130005AB1626E02F1010CC4F864C044F82210A6
:10F14000E6E70133BB42E8DBEFD10020F8BD022047
:10F15000FCE700002DE9F04F0024ADF6AC0D93461E
:10F1600081468846682221460FA8CDE903441DF058
:10F17000A1FEBBF1010F0AD198F800300D2B01D090
:10F180000A2B0ED120460DF6AC0DBDE8F08FBBF179
:10F19000000F06D18C4B8D48996805F025FD02249F
:10F1A000F0E7434600241D4613F8012B12F0DF0F51
:10F1B00002D03D2A40F0AA802246414607A81DF011
:10F1C00051FE07AB00271F55013C95F800A01B5DC1
:10F1D0003F2B00F0A1807E4E0025142303FB05F297
:10F1E00007A990591EF0A6FB14230446002840F0FE
:10F1F0004F81BAF13D0F40F0938007A8F6F7CAFFA0
:10F200000130584500F0408114236B4306EB030A9C
:10F21000F058F6F7BFFF01309AF808200FA94044D4
:10F22000FFF762FF002F00F0ED80002D40F0978087
:10F230006848674C684E694FDFF8A48105F0D4FC3C
:10F240006848CDE9055505F0CFFC7225E068F6F772
:10F25000A1FFE0B10822002105A81DF02BFE237CB0
:10F26000D80662D5604905A81EF07EFB237CDB072B
:10F2700007D505A8F6F78EFF05AB394618441EF0F2
:10F2800073FBE368216805AA304605F0ADFC013D3B
:10F2900004F11404DAD1554D554E564FDFF858811C
:10F2A00040242B683BB33246394629A81EF022FB86
:10F2B0002869F6F76FFFF0B10822002105A81DF0BC
:10F2C000F9FD2B7DD8063DD5474905A81EF04CFB1E
:10F2D0002B7DDB0707D505A8F6F75CFF05AB3F499B
:10F2E00018441EF041FB2B6900936B6805AA29A9FD
:10F2F000404605F079FC013C05F11805D1D1324BAF
:10F3000053F824103D4805F06FFC3BE70134202CF6
:10F310007FF449AF0124F2E707AB1F5501275AE7F5
:10F32000BAF1000F3FF47EAF6EE7590701D53449BB
:10F3300099E79A079AD505A8F6F72CFF05AB414641
:10F34000184491E7590701D52D49BEE79A07BFD563
:10F3500005A8F6F71FFF05AB21491844B6E70822B8
:10F36000002103A81DF0A6FD142303FB05631B7CED
:10F37000DF061BD51C4903A81EF0F6FA142303FB75
:10F3800005631B7CDA0707D503A8F6F703FF03AB79
:10F39000124918441EF0E8FA14235D437319715999
:10F3A000DB6803AA0C4805F01FFCA8E7580701D545
:10F3B0001349E0E79907E1D503A8F6F7EBFE03ABA5
:10F3C00007491844D8E700BF40020020910D030808
:10F3D0006C020020980D0308110E03089E210308FB
:10F3E000082503085E0A0308060E0308FC590020DE
:10F3F0001D0E0308220E0308270E03088E0D0308B6
:10F400000E0E0308142404FB0564237CDB0681D460
:10F410007A490F98F6F7B4FE18B9237C13F0060F5B
:10F4200032D076490F98F6F7ABFE074660B1289BBD
:10F43000002B2BDD142303FB05631B7C5F0721D509
:10F440001C073FF567AF012714235D4306EB050852
:10F450007159D8F804300FAA484698470446002846
:10F4600040F0C68098F8103059077FF548AF1A076A
:10F470003FF545AF002F3FF442AF43F0080388F853
:10F4800010303CE7D807DED4022438E70027DBE75A
:10F490000135722D7FF4A2AEDFF864B100265D461F
:10F4A000DBF80020002A00F09B805648042207A9C0
:10F4B0001EF062FA002840F09380DBF8000008A9F3
:10F4C0001EF038FA0446002840F08A80BAF1000F96
:10F4D0000DD01823734305EB030AE858F6F75AFEDC
:10F4E00005309AF80C200FA94044FFF7FDFD1823C2
:10F4F000734305EB0308434AEB58434929A81EF020
:10F50000F9F967B30822002103A81DF0D3FC95F890
:10F51000C43ADF0616D53D4903A81EF025FA95F832
:10F52000C43ADA0707D503A8F6F734FE03AB384927
:10F5300018441EF019FA182303FB065503AA2B6979
:10F5400029A92FE7580701D53249E5E79907E6D5FC
:10F5500003A8F6F71FFE03AB2F491844DDE798F820
:10F560001430DB063FF5D6AE24490F98F6F708FEB7
:10F5700028B998F8143013F0060F3FF4CBAE1F49AA
:10F580000F98F6F7FDFD074660B1289B002B25DD9F
:10F59000182303FB06531B7D5F071BD51C073FF594
:10F5A000B9AE0127182303FB06550FAAAB6829A99A
:10F5B000484698470446D8B92B7D59077FF59FAE3A
:10F5C0001A073FF59CAE002F3FF499AE43F00803B5
:10F5D0002B7594E6D8077FF557AFE2E70027E1E700
:10F5E0000136402E0BF1180B7FF45AAF092486E642
:10F5F0000A2C7FF684AE094B596883E6062B030874
:10F60000FC5900201D0E0308220E0308060E0308F5
:10F610009E2103080E0E030808250308400200205F
:10F6200002EBD2722DE9F843064654104D1C002718
:10F63000BC4201DCBDE8F88315F8010C95F8009098
:10F640001EF0CEFAC0B2A0F130035FFA83F8B8F131
:10F65000090F84BF37385FFA80F848461EF0C0FAB9
:10F66000C2B2A2F13003DBB2092B84BF373AD3B266
:10F6700003EB0813F35502350137D9E7F8B50F4608
:10F6800006461446F6F786FDB842054601D001202D
:10F69000F8BD10F00107FAD1BBB29D4207D86CB19A
:10F6A00020462A463146FFF7BBFF0020F0E7F05C1A
:10F6B0001DF0B0FB01370028EED1E8E72046E7E770
:10F6C00013B50C4601AA0421FFF7D8FF28B9BDF8ED
:10F6D00004305BBA238002B010BD0120FBE713B5F4
:10F6E0000C4601AA0821FFF7C9FF20B9019B1BBAEC
:10F6F000236002B010BD0120FBE70000F8B505460D
:10F700000C46F6F747FD0A28064601D90120F8BD48
:10F710000C4928461EF052F907462846F6F73AFDEE
:10F720008742F3D128461DF036FB20B9012EEDD1DA
:10F730001CB12060EBE714B120600020E7E7204611
:10F74000E5E700BF370E03082DE9F34100F03AF872
:10F75000064600F041F8044628B302B0BDE8F08147
:10F760002146684600F044F8104D72270099286839
:10F770001EF0E0F820B9019AD00609D585F810806E
:10F78000013F05F11405F1D10134B442E8DBE4E7AF
:10F7900051072B7C03D59B07F2D02A74F0E7134066
:10F7A00018BF2B74ECE74FF01008EEE76C02002056
:10F7B0001130C0B211289ABF014B185C012070476C
:10F7C000DD280308024B0348C01AC008704700BF79
:10F7D0002838030828380308034B1868034B1B68B4
:10F7E000C31A58425841704728380308283803087C
:10F7F00038B50546FFF7F0FF044640B9054B08222F
:10F8000003EBC10128461DF02DFB204638BD012029
:10F81000FCE700BF2838030870B5074E04464518BA
:10F8200014F8011B304605F0DFF9AC42F8D1BDE811
:10F830007040024805F0D8B9220D03085E0A03089B
:10F84000F0B58BB00E461546FDF750FA012859D198
:10F850006C6E012C01D0022415E02B492868F6F7C4
:10F860008FFC98B908210DEB0100FDF739FA054628
:10F8700048B93146254805F0B7F908210DEB0100DC
:10F88000FFF7CAFF2C4620460BB0F0BD6B6E012B74
:10F89000E1D11F4B28681B88ADF8043000248DF897
:10F8A0000640F6F777FC1028D5D12B68185D1DF0BF
:10F8B000B1FA0028CFD00134102CF6D102AE0024CA
:10F8C000374629680222214401A81DF0CBFA1022F4
:10F8D000002101A81EF07AF90234102C06F8010B61
:10F8E000EFD108213846FDF7E1FB04460028CAD0D5
:10F8F000831D05D010F1110F0CBF0A240124C2E7AB
:10F900000324C0E70824BEE7062B0308EF280308FA
:10F91000BC000308F0B58BB00E461546FDF7E6F9BE
:10F92000012857D16C6E012C01D0022413E02A4922
:10F930002868F6F725FC88B9102102A8FDF7D2F94E
:10F94000054640B93146254805F04EF9102102A878
:10F95000FFF762FF2C4620460BB0F0BD6B6E012B0B
:10F96000E3D11F4B28681B88ADF8043000248DF8C4
:10F970000640F6F70FFC2028D7D12B68185D1DF044
:10F9800049FA0028D1D00134202CF6D102AE00244F
:10F99000374629680222214401A81DF063FA10228B
:10F9A000002101A81EF012F90234202C06F8010BE8
:10F9B000EFD110213846FDF79AFB04460028CAD043
:10F9C000831D05D010F1110F0CBF0A240124C2E7DA
:10F9D0000324C0E70824BEE7062B0308EF2803082A
:10F9E000BC000308F0B58BB00E461546FDF77EF956
:10F9F000012857D16C6E012C01D0022413E02A4952
:10FA00002868F6F7BDFB88B9102102A8FDF792F926
:10FA1000054640B93146254805F0E6F8102102A810
:10FA2000FFF7FAFE2C4620460BB0F0BD6B6E012BA3
:10FA3000E3D11F4B28681B88ADF8043000248DF8F3
:10FA40000640F6F7A7FB2028D7D12B68185D1DF0DC
:10FA5000E1F90028D1D00134202CF6D102AE0024E7
:10FA6000374629680222214401A81DF0FBF9102223
:10FA7000002101A81EF0AAF80234202C06F8010B80
:10FA8000EFD110213846FDF725FD04460028CAD0E5
:10FA9000831D05D010F1110F0CBF0A240124C2E709
:10FAA0000324C0E70824BEE7062B0308EF28030859
:10FAB000BC000308F7B50E461546FDF717F90128F7
:10FAC00062D16C6E012C01D002241EE02F492868FF
:10FAD000F6F756FBE0B904210DEB0100FDF758F9EC
:10FAE000054690B931462A4805F07EF82C46294D46
:10FAF00001AE16F8011B2846013405F075F8042CF8
:10FB0000F7D1254805F070F80024204603B0F0BD79
:10FB10006B6E012BD8D1214B28681B88ADF80030C3
:10FB200000248DF80240F6F735FB0828CCD12B686D
:10FB3000185D1DF06FF90028C6D00134082CF6D1ED
:10FB400001AE0024374629680222214468461DF090
:10FB500089F91022002168461EF038F80234082C7A
:10FB600006F8010BEFD104213846FDF7DAFC044614
:10FB70000028CAD0831D05D010F1110F0CBF0A2434
:10FB80000124C2E70324C0E70824BEE7062B0308CC
:10FB9000EF280308220D03085E0A0308BC000308CF
:10FBA000F0B58BB00E461546FDF7A0F8012859D1E7
:10FBB0006C6E012C01D0022415E02B492868F6F761
:10FBC000DFFA98B908210DEB0100FDF78DF8054625
:10FBD00048B93146254805F007F808210DEB01002A
:10FBE000FFF71AFE2C4620460BB0F0BD6B6E012BC2
:10FBF000E1D11F4B28681B88ADF8043000248DF834
:10FC00000640F6F7C7FA1028D5D12B68185D1DF00D
:10FC100001F90028CFD00134102CF6D102AE002417
:10FC2000374629680222214401A81DF01BF9102241
:10FC3000002101A81DF0CAFF0234102C06F8010BA8
:10FC4000EFD108213846FDF77CFA04460028CAD0D7
:10FC5000831D05D010F1110F0CBF0A240124C2E747
:10FC60000324C0E70824BEE7062B0308EF28030897
:10FC7000BC00030873B50E461546FDF737F801289A
:10FC80002CD16C6E012C03D00224204602B070BD32
:10FC900013492868F6F774FA0028F5D104210DEB12
:10FCA0000100FDF7DBF805460028EED131460D488E
:10FCB00004F09AFF9DF806100B4804F095FF9DF89C
:10FCC0000510094804F090FF9DF80410064804F060
:10FCD0008BFF064804F088FF2C46D6E70824D4E7BB
:10FCE000062B0308EF280308220D03085E0A030809
:10FCF000F0B58BB00E461546FCF7F8FF012857D13A
:10FD00006C6E012C01D0022413E02A492868F6F712
:10FD100037FA88B9102102A8FDF772F8054640B9F4
:10FD20003146254804F060FF102102A8FFF774FD5A
:10FD30002C4620460BB0F0BD6B6E012BE3D11F4B60
:10FD400028681B88ADF8043000248DF80640F6F7CB
:10FD500021FA2028D7D12B68185D1DF05BF8002808
:10FD6000D1D00134202CF6D102AE002437462968C8
:10FD70000222214401A81DF075F81022002101A8DB
:10FD80001DF024FF0234202C06F8010BEFD11021C6
:10FD90003846FDF7EFFB04460028CAD0831D05D086
:10FDA00010F1110F0CBF0A240124C2E70324C0E79D
:10FDB0000824BEE7062B0308EF280308BC0003084D
:10FDC000F0B5556E012D85B00F4614461ED1104971
:10FDD0001068F6F7D5F9064680B96846FDF76DF864
:10FDE000012808D139460B4804F0FEFE1021684670
:10FDF000FFF712FD3546284605B0F0BD636E012BB6
:10FE000004D12068F6F7C6F92028F4D00225F2E7DD
:10FE1000062B0308EF28030873B50E461546FCF7BA
:10FE200065FF012826D16B6E012B01D002240CE066
:10FE300011492868F6F7A4F9044648B9FCF7D3FF3E
:10FE4000314602460D4804F0CFFE204602B070BD98
:10FE50006B6E012BEAD128680DF10701FFF74EFC0C
:10FE60000028E3D19DF807000728DFD8FCF7BDFF85
:10FE70000446EAE70824E8E7062B0308F32803080A
:10FE800070B50E461546FCF731FF012832D16B6E76
:10FE9000012B02D00224204670BD17492868F6F7CE
:10FEA0006FF9044638B9FCF7A7FF314602461348FC
:10FEB00004F09AFEEFE76B6E012BEBD1002406E015
:10FEC0002B68185D1CF09EFF0028E3D001342868E1
:10FED000F6F760F9A042F3D828680A2200211DF045
:10FEE00075FE0128D6D8C0B2FCF788FF041E18BFE3
:10FEF0000124D0E70824CEE7062B0308F3280308E3
:10FF000038B50D461446FCF7F1FE012814D1636E96
:10FF1000012B02D00224204638BD20680749F6F79D
:10FF20002FF904460028F5D1FAF760F82946024671
:10FF3000034804F059FEEEE70824ECE7062B03081B
:10FF4000F32803082DE9F04186B00F461546FCF76B
:10FF5000CDFE012877D13E4B0FCB02AE86E80F00D5
:10FF60006B6E012B1CD13B492868F6F709F9044652
:10FF7000B0B9FDF752F80546FDF753F80646FDF710
:10FF800054F88046FDF755F83346CDE900802A46FF
:10FF90003148394604F028FE204606B0BDE8F0811D
:10FFA0006B6E042B2EDD0224F6E755F82430D85D65
:10FFB0001CF028FF0028F6D0013755F82400F6F78A
:10FFC000E9F8B842F1D801346B6EA34218DC002482
:10FFD0006B6EA34218DC002B20D101230293DDE9D4
:10FFE0000423DDE90201F9F74FFB04460028D3D0D2
:10FFF000831D2AD010F1110F0CBF0A240124CBE776
:020000040801F1
:100000000027DAE70024DFE755F824000A22002160
:100010001DF0DCFD013446F8040BD9E7029ADEDD61
:10002000012AC0D8012B039AD9D0012ABBD8022BB0
:10003000049AD4D0073AF82AB5D8042B059ACED121
:10004000FF2ACCD9AFE70824A6E70324A4E700BF22
:10005000C0000308062B0308FB28030870B50E46F2
:100060001546FCF743FE012838D16B6E012B02D0F8
:100070000224204670BD1A492868F6F781F8044624
:1000800038B9FCF742FE31460246164804F0ACFD92
:10009000EFE76B6E012BEBD1002406E02B68185DB7
:1000A0001CF0B0FE0028E3D001342868F6F772F89F
:1000B000A042F3D828680A2200211DF087FD0128FC
:1000C000D6D80121C0B2FAF7B5F904460028D0D03D
:1000D00010F1110F0CBF0A240124CAE70824C8E755
:1000E000062B0308F328030838B50D461446FCF721
:1000F000FDFD012814D1636E012B02D0022420469D
:1001000038BD20680749F6F73BF804460028F5D1CA
:10011000FCF7FDFD29460246034804F065FDEEE7C5
:100120000824ECE7062B0308F32803082DE9F04127
:10013000C2B00E461446FCF7D9FD01282FD1636EDC
:10014000012B04D00224204642B0BDE8F081206893
:100150001449F6F715F804460028F3D14FF48072DD
:1001600002A90DF10700F9F727FF314605469DF872
:1001700007200D48DFF8348004F036FDEDB202AE02
:100180002746FBB29D4203D8094804F02DFDDAE76B
:1001900016F8011B404604F027FD0137F1E708245B
:1001A000D1E700BF062B03080C290308220D030822
:1001B0005E0A0308F0B587B01546FCF797FD0128E5
:1001C0006ED16B6E022B4BD1364B28681B8AADF873
:1001D0000C3000248DF80E40F5F7DCFF0646B442E3
:1001E000286839D11CF0D7FDC0B2431EDBB2DE2B2C
:1001F00036D88DF81000082368688DF81230F5F7AE
:10020000C9FF10F0010406462AD1431EB3F5FA7F58
:1002100026D2B44228D1244F64080026A6422BD10E
:1002200000238DF813308DF81130009306AB13E9DD
:100230000C001D483146F9F76BFB58B110F10C0F5B
:100240002AD0821D2AD0C31C0AD010F1110F0CBF76
:100250000A20012007B0F0BD005D1CF0D3FD08B9F5
:100260000220F7E70134BAE76B68185D1CF0D2FD95
:100270000028F5D00134CCE76968022201EB460181
:1002800003A81CF0EFFD1022002103A81DF09EFC26
:10029000013607F8010BC1E70620DBE70320D9E7A9
:1002A0000820D7E7C0000308FC5F0020F0B5ADF2DE
:1002B000044D1446FCF71AFD01287AD1636E012B18
:1002C00055D0636E032B58D100252068F5F762FFE7
:1002D000A84256D800256068F5F75CFFA84258D8B8
:1002E0000025A068F5F756FFA8425AD82068F5F710
:1002F00051FF032841D86068F5F74CFF01283CD82E
:100300000A22002120681DF061FC00210A22054616
:1003100060681DF05BFC0646A068F5F73BFFC1076F
:1003200087B22AD4B7F5006F27D8B3B2012B24D8EF
:100330006A1E92B2DE2A20D8A0686A463946FFF7C4
:100340009DF9D0B97B086A4606F00101E8B2FBF7D7
:1003500047FB98B110F10C0F2DD0821D2DD0C31C7E
:100360000BD010F1110F0CBF0A20012006E0144938
:100370002068F5F705FF0028A3D102200DF2044DF7
:10038000F0BD2368585D1CF03DFD0028F5D0013517
:100390009BE76368585D1CF035FD0028EDD0013502
:1003A00099E7A368585D1CF035FD0028E5D00135BC
:1003B00097E70820E2E70620E0E70320DEE700BF3A
:1003C000062B030870B50E461546FCF78FFC012876
:1003D0003CD16B6E012B02D00224204670BD1D491A
:1003E0002868F5F7CDFE044638B9FCF767FD3146BD
:1003F0000246194804F0F8FBEFE76B6E012BEBD1D6
:10040000002406E02B68185D1CF0FCFC0028E3D0FB
:1004100001342868F5F7BEFEA042F3D828680A2206
:1004200000211DF0D3FB0128D6D801210840FCF79C
:10043000B0FE04460028D0D0821D09D0C31CCBD00A
:1004400010F1110F0CBF0A240124C6E70824C4E7E9
:100450000324C2E7062B0308132903082DE9F04102
:100460000E469046FCF742FC01285ED1D8F8647035
:10047000012F58D13049D8F80000F5F781FE054624
:1004800020BBFCF71DFD01280AD002281BD0002844
:100490004DD12A48314604F0A7FB2846BDE8F0813B
:1004A000FAF796F8314603280BD8DFE800F002048B
:1004B00006082348EFE72348EDE72348EBE7234806
:1004C000E9E72348E7E723483146E4E7D8F86450F2
:1004D000012D28D12049D8F800001DF02BFA30B9A1
:1004E0002946F9F721FF044608B90025D5E71B493D
:1004F000D8F800001DF01EFA30B901210846F9F7BE
:1005000013FF04460028F0D01549D8F800001DF06C
:1005100011FA30B901210220F9F706FF044600283C
:10052000E3D0113405D00225B7E70825B5E73D46ED
:10053000B3E70A25B1E700BF062B03081B29030810
:10054000222903082C290308362903084029030817
:100550004A2903085129030858290308D00703082A
:10056000101E030870B50E461446FCF7BFFB0128A9
:100570002ED1636E012B12D000252068F5F70AFEFC
:1005800085421CD320680A2200211DF01FFBC0B247
:10059000012819D8BDE870400121FCF79ABC0D492B
:1005A0002068F5F7EDFD05460028E5D1FCF78AFC4B
:1005B00031460246084804F017FB284670BD236800
:1005C000585D1CF01FFC08B90225F6E70135D4E799
:1005D0000825F2E7062B03081329030870B50E4619
:1005E0001546FCF783FB012838D16B6E012B02D036
:1005F0000224204670BD1A492868F5F7C1FD04465B
:1006000038B9FCF773FC31460246164804F0ECFAA0
:10061000EFE76B6E012BEBD1002406E02B68185D31
:100620001CF0F0FB0028E3D001342868F5F7B2FD98
:10063000A042F3D80A22002128681DF0C7FA012140
:10064000C0B2F9F7D9FC04460028D2D0C31CCFD0E1
:1006500010F1110F0CBF0A240124CAE70824C8E7CF
:10066000062B0308F328030870B50E461546FCF761
:100670003DFB012846D16B6E012B02D0022420469F
:1006800070BD21492868F5F77BFD044650B9FCF799
:100690003AFC4FF47A723146B0FBF2F21B4804F098
:1006A000A3FAECE76B6E012BE8D1002406E02B687F
:1006B000185D1CF0A7FB0028E0D001342868F5F78E
:1006C00069FDA042F3D828680A2200211DF07EFAB5
:1006D000431E0D2B0446D1D8FCF717FC4FF47A7259
:1006E000B0FBF2F3A342C9D902FB04F00121FCF7ED
:1006F00076FD04460028C2D010F1110F0CBF0A2469
:100700000124BCE70824BAE7062B0308F3280308F2
:1007100070B50E461546FCF7E9FA012846D16B6E16
:10072000012B02D00224204670BD21492868F5F72C
:1007300027FD044650B9FCF7E8FB4FF47A723146C6
:10074000B0FBF2F21B4804F04FFAECE76B6E012BA2
:10075000E8D1002406E02B68185D1CF053FB00284C
:10076000E0D001342868F5F715FDA042F3D82868D9
:100770000A2200211DF02AFA831E0D2B0446D1D82F
:10078000FCF7C1FB4FF47A72B0FBF2F3A342C9D27B
:1007900002FB04F00121FCF741FD04460028C2D011
:1007A00010F1110F0CBF0A240124BCE70824BAE79A
:1007B000062B0308F328030870B50E461546FCF710
:1007C00095FA012838D16B6E012B02D00224204605
:1007D00070BD1A492868F5F7D3FC044638B9FCF710
:1007E00096FB31460246164804F0FEF9EFE76B6EC1
:1007F000012BEBD1002406E02B68185D1CF002FBF6
:100800000028E3D001342868F5F7C4FCA042F3D8EF
:1008100028680A2200211DF0D9F90128D6D8012123
:100820000840FCF71AFD04460028D0D010F1110F43
:100830000CBF0A240124CAE70824C8E7062B0308D2
:100840001329030870B50E461546FCF74FFA012828
:100850003ED16B6E012B02D00224204670BD1D4993
:100860002868F5F78DFC044650B9FCF752FB4FF4AD
:100870007A723146B0FBF2F2174804F0B5F9ECE7B2
:100880006B6E012BE8D1002406E02B68185D1CF08C
:10089000B9FA0028E0D001342868F5F77BFCA042C3
:1008A000F3D828680A2200211DF090F9431E0E2B70
:1008B000D2D84FF47A7301215843FCF7EEFC04467A
:1008C0000028CAD010F1110F0CBF0A240124C4E77C
:1008D0000824C2E7062B0308F328030870B50E4668
:1008E0001546FCF703FA01283ED16B6E012B02D0AE
:1008F0000224204670BD1D492868F5F741FC0446D6
:1009000050B9FCF71FFB4FF47A723146B0FBF2F29C
:10091000174804F069F9ECE76B6E012BE8D100246D
:1009200006E02B68185D1CF06DFA0028E0D0013459
:100930002868F5F72FFCA042F3D828680A22002186
:100940001DF044F9831E0E2BD2D84FF47A73012187
:100950005843FCF7D1FC04460028CAD010F1110F0F
:100960000CBF0A240124C4E70824C2E7062B0308AD
:10097000F328030870B50E461546FCF7B7F90128B1
:1009800038D16B6E012B02D00224204670BD1A496B
:100990002868F5F7F5FB044638B9FCF725FB314626
:1009A0000246164804F020F9EFE76B6E012BEBD1FD
:1009B000002406E02B68185D1CF024FA0028E3D020
:1009C00001342868F5F7E6FBA042F3D80A2200219B
:1009D00028681DF0FBF80121C0B2FCF7E2FC0446D8
:1009E0000028D2D0C31CCFD010F1110F0CBF0A24A5
:1009F0000124CAE70824C8E7062B0308F3280308E4
:100A000070B50E461546FCF771F9012837D16B6EAB
:100A1000012B02D00224204670BD1A492868F5F740
:100A2000AFFB044638B9FCF7CFFA31460246164808
:100A300004F0DAF8EFE76B6E012BEBD1002406E04F
:100A40002B68185D1CF0DEF90028E3D0013428681B
:100A5000F5F7A0FBA042F3D80A22002128681DF078
:100A6000B5F80121FCF777FC04460028D3D0C31C5D
:100A7000D0D010F1110F0CBF0A240124CBE70824B9
:100A8000C9E700BF062B0308F328030870B50E461C
:100A90001546FCF72BF901283AD16B6E012B02D0D9
:100AA0000224204670BD1B492868F5F769FB0446FF
:100AB00038B9FCF749FA31460246174804F094F871
:100AC000EFE76B6E012BEBD1002406E02B68185D7D
:100AD0001CF098F90028E3D001342868F5F75AFB98
:100AE000A042F3D828680A2200211DF06FF8C0B296
:100AF0000F28D5D80121F9F7EDFB04460028D0D006
:100B0000C31CCDD010F1110F0CBF0A240124C8E77B
:100B10000824C6E7062B0308F328030873B50E461E
:100B20001546FCF7E3F8012822D16B6E012B0FD19B
:100B300010492868F5F724FB044648B9FCF764FA25
:100B4000314602460C4804F04FF8204602B070BD12
:100B500028680DF10701FEF7D1FD38B99DF80700AF
:100B6000022803D8FCF752FA0446EEE70224ECE729
:100B70000824EAE7062B03081329030873B50E4679
:100B80001546FCF7B3F8012825D16B6E012B0FD168
:100B900012492868F5F7F4FA044648B9F9F71EFD3A
:100BA000314602460E4804F01FF8204602B070BDE0
:100BB00028680DF10701FEF7A1FD50B99DF8070067
:100BC000012806D8F9F710FD40B2FEF7F1FD044602
:100BD000EBE70224E9E70824E7E700BF062B030858
:100BE0001329030873B50E461546FCF77FF8012854
:100BF00025D16B6E012B0FD112492868F5F7C0FA89
:100C0000044648B9FCF719FA314602460E4803F08B
:100C1000EBFF204602B070BD28680DF10701FEF71A
:100C20006DFD50B99DF80700012806D8FCF707FABA
:100C300040B2FEF7BDFD0446EBE70224E9E70824D5
:100C4000E7E700BF062B03081329030870B50E461B
:100C50001546FCF74BF801281CD16B6E012B0ED109
:100C60000D492868F5F78CFA044640B9FCF7E9F914
:100C700031460246094803F0B7FF204670BD286898
:100C80001CF089F800B2FCF7DEF940B2FEF790FDE7
:100C90000446F2E70824F0E7062B030813290308AB
:100CA00073B50E461546FCF721F8012821D16B6E6D
:100CB000012B0FD110492868F5F762FA044648B9AC
:100CC000FCF7C3F9314602460C4803F08DFF20467D
:100CD00002B070BD286801A9FEF710FD08B102241A
:100CE000F5E70198FCF7B3F940B2FEF761FD044661
:100CF000EDE70824EBE700BF062B030813290308E0
:100D000070B50E461446FBF7F1FF012830D1636E33
:100D1000012B02D00225284670BD16492068F5F740
:100D20002FFA054638B9FCF711F931460246124848
:100D300003F05AFFEFE7636E012BEBD1002506E0CD
:100D40002368585D1CF05EF80028E3D00135206868
:100D5000F5F720FAA842F3D820680A2200211CF0F7
:100D600035FFC0B20728D5D8FCF7F2F80025D2E746
:100D70000825D0E7062B0308F3280308F7B50E462D
:100D80001546FBF7B3FF012827D1164B1B78042B20
:100D900025D1FCF7EBF80746FCF7DCF86B6E012B6E
:100DA000044603D00225284603B0F0BD28680E494A
:100DB000F5F7E6F905460028F4D10C48B4FBF0F34A
:100DC000FAB200FB134431464FF47A70B4FBF0F4EE
:100DD0000748009403F008FFE5E70825E3E7052549
:100DE000E1E700BFC41C0020062B030840420F00AF
:100DF0005A29030838B50D461446FBF777FF01283A
:100E000018D10E4B1B78042B16D1636E012B02D028
:100E10000224204638BD20680949F5F7B1F9044697
:100E20000028F5D1F9F7B6F829460246054803F03F
:100E3000DBFEEEE70824ECE70524EAE7C41C00200B
:100E4000062B0308F328030830B58BB00D46144673
:100E5000FBF74CFF012822D1134B1B78042B20D128
:100E6000636E012B03D0022420460BB030BD2068F6
:100E70000E49F5F785F904460028F4D105A8F9F7DD
:100E80009BFB079B0293069B0193099B0093BDF874
:100E90001420089B0648294603F0A6FEE4E7082430
:100EA000E2E70524E0E700BFC41C0020062B03088E
:100EB0006829030830B589B00D461446FBF716FFC4
:100EC00001281CD1636E012B03D00224204609B0F7
:100ED00030BD20680B49F5F753F904460028F4D1DA
:100EE000014600901A2201A81BF0E4FF6846FCF7B7
:100EF00049F86A462946044803F076FEE6E70824E6
:100F0000E4E700BF062B03087C29030838B50D462B
:100F10001446FBF7EBFEA0B1636E012B02D0022456
:100F2000204638BD20680849F5F72AF9044600280C
:100F3000F5D1F9F735F829460246044803F054FE86
:100F4000EEE70824ECE700BF062B0308132903088B
:100F5000F7B50D461446FBF7C9FE01282DD1636E87
:100F6000012B03D00224204603B0F0BD20681449B1
:100F7000F5F706F904460028F4D129461148124E27
:100F8000124F03F031FE25466846FAF71DFF0E307A
:100F900003D00F4803F028FEE5E7BDF80430002B2E
:100FA000F2D015B1304603F01FFE9DF906200099DE
:100FB000384603F019FE0135E6E70824D3E700BF01
:100FC000062B0308EF28030884290308AE0503084D
:100FD0005E0A030838B50D461446FBF787FEA0B13C
:100FE000636E012B02D00224204638BD20680849D8
:100FF000F5F7C6F804460028F5D1F8F7D7FF2946DB
:101000000246044803F0F0FDEEE70824ECE700BFD9
:10101000062B03081329030830B599B01446FBF7D3
:1010200065FE012840F08580636E043B032B02D9E6
:10103000022019B030BD40492068F5F7A1F800281A
:1010400054D1012360688DF82C300CA9FEF747FBC2
:101050000028EDD1A06811AA2021FEF70FFB00287F
:10106000E6D1E0680DAA2021FEF708FB0028DFD1B9
:10107000636E1590052B8DF85800ADF85A00D7D047
:1010800012DD206915A9FEF739FB0028D0D160696F
:101090000378302B46D12949F5F772F8002839D169
:1010A0000A900A9B8DF85830636E072B0ED1A06909
:1010B0000AA9FEF723FB0028BAD10A9B072BB7D851
:1010C0009DF82C20012A2FD1ADF85A300FAD0FCD4D
:1010D0006C460FC40FCD0FC42B6823600BAB0FCB36
:1010E000FAF7C2FC40B2FEF763FBA2E7144920689E
:1010F000F5F746F80028A4D012492068F5F740F823
:1011000008B902239EE710492068F5F739F800284E
:10111000F7D08DE760690AA90130FEF7EFFA0028E1
:10112000BFD085E70AA9F8E7022ACFD1002BCDD09E
:101130007EE708207DE700BF86290308FC2A030814
:10114000D0070308B02A0308101E030813B514467D
:10115000FBF7CCFD01280ED1636E012B08D120686E
:1011600001A9FEF7BCFA18B90198FAF775FD00B1AC
:10117000022002B010BD0820FBE700002DE9F04F6F
:101180008FB01546FBF7B2FD0128044662D16B6EA5
:10119000012B04D0022528460FB0BDE8F08F286847
:1011A0002D49F4F7EDFF05460028F3D1DFF8AC80B8
:1011B000DFF8AC90DFF8ACA001A8FAF771FD0E30B3
:1011C00003D0294803F010FDE5E7012C02D9404681
:1011D00003F00AFD029B002B35D12448DFF890B0C4
:1011E00003F002FD0299234803F0FEFC07AF00263E
:1011F00017F8011B5846013603F0F6FC102EF7D104
:101200001D48DFF86CB003F0EFFC03AF002617F8C1
:10121000011B5846013603F0E7FC102EF7D11648A3
:1012200003F0E2FC0B99154803F0DEFC9DF9301049
:10123000134803F0D9FC0134BDF83210114803F013
:10124000D3FCE4B2B8E79DF80430012B0CBF504644
:101250004846C3E708259EE7062B030884290308B0
:101260008E2903088B2903085E0A030888290308CE
:10127000220D0308912903088929030897290308E7
:101280009D290308B1050308F7B50F461646FBF77D
:101290002DFD012849D1FBF7E6FE746E012C0546B1
:1012A00001D002241AE022493068F4F769FFC0B97E
:1012B0000DF10600F8F71DF980B93946BDF8062092
:1012C0001C4803F091FCFBF7D0FE011E02DD1A481A
:1012D00003F08AFC194803F087FC0024204603B081
:1012E000F0BD736E012BDCD130680DF10601FEF705
:1012F000E7F90028D5D1082D01D0012D0ED1BDF878
:101300000630B3F5807FCCD801210DF10600F8F747
:101310001EF940B2FEF74CFA0446DFE7022DF3D186
:10132000BDF80630B3F5006FEDE70824D6E700BF3F
:10133000062B0308A3290308AB2903085E0A030848
:101340002DE9F3410F461546FBF7D0FC012840F08C
:10135000BA806E6E012E38D15C492868F4F710FF10
:1013600098BB0DF10600F8F7C4F80446002840F0D9
:10137000AA8039465648574FDFF85C8103F034FCA9
:101380003546BDF80630DB0709D5012D02D04046B1
:1013900003F02AFC3146384603F026FC0135BDF83F
:1013A00006305B080136ADF80630002BE9D1FBF7BB
:1013B0005CFE011E02DD494803F016FC484803F0BC
:1013C00013FC204602B0BDE8F0816B6E013B0B2B95
:1013D0000AD80024ADF80640002608E055F824306D
:1013E000985D1BF00FFD08B90224EAE7013655F8B5
:1013F0002400F4F7CFFEB042F0D855F824000A22BA
:1014000000211CF0E3FB0C280646EDD8FBF72BFE71
:10141000082801D0012801D1082EE5D8013E0B2E65
:101420000DD8DFE806F006191E23282D32373C417F
:10143000464BBDF8063043F00103ADF806306B6E45
:101440000134A342C8DC01210DF10600F8F77FF852
:10145000041E18BF0324B4E7BDF8063043F00203AE
:10146000EBE7BDF8063043F00403E6E7BDF80630CD
:1014700043F00803E1E7BDF8063043F01003DCE772
:10148000BDF8063043F02003D7E7BDF8063043F03F
:101490004003D2E7BDF8063043F08003CDE7BDF846
:1014A000063043F48073C8E7BDF8063043F4007398
:1014B000C3E7BDF8063043F48063BEE7BDF80630ED
:1014C00043F40063B9E708247BE700BF062B030859
:1014D000EF280308C529030889290308AB29030855
:1014E0005E0A030870B50E461546FBF7FFFB0128A0
:1014F00040F08C806B6E012B02D00224204670BD20
:1015000044492868F4F73CFE0446002831D13146AE
:10151000414803F069FBFBF7A6FD162878D8DFE801
:1015200000F01E1A10770C161C1418122677777705
:1015300077777777777720222400384803F054FBB9
:10154000DCE73748FAE73748F8E73748F6E737483F
:10155000F4E73748F2E73748F0E73748EEE737482F
:10156000ECE73748EAE73748E8E73748E6E737483F
:10157000E4E76C6E012CC0D100262CE02B68985D4E
:101580001BF040FC30BB32492868F4F7F9FD80B10C
:1015900030492868F4F7F4FD80B12F492868F4F742
:1015A000EFFD68B12D492868F4F7EAFD0028A4D1C1
:1015B0001620F9F707FA28B900249FE71420F8E766
:1015C0001520F6E7821D01D1032497E7113095D14C
:1015D0000A2493E701362868F4F7DCFDB042CDD841
:1015E00028680A2200211CF0F1FA0C2885D81C4B2F
:1015F000185CF9F7E7F90028DED0831DE4D010F17C
:10160000110FE5D003307FF479AF76E7082475E752
:10161000012473E7062B0308EF280308E1290308D8
:10162000E6290308EB29030846290308C82903080B
:10163000CC290308D0290308D4290308D829030892
:10164000DC290308E0290308E5290308EA2903083F
:10165000EF290308F3290308F7290308FB290308E6
:10166000FF29030870B50E461546FBF73FFB01281E
:1016700002D00824204670BD6B6E012B01D00224DD
:10168000F8E717492868F4F77BFD044658B9FBF7DB
:10169000ECFC0028EDDBFBF7E8FC31460246114884
:1016A00003F0A2FAE6E76B6E012BE8D1002406E016
:1016B0002B68185D1BF0A6FB0028E0D001342868D9
:1016C000F4F768FDA042F3D80A22002128681CF034
:1016D0007DFAF8F7AFFB40B2FEF76AF80446C9E7B7
:1016E000062B03081329030837B5536E0D461BB1AB
:1016F0000224204603B030BD0DF10600F9F76AFC64
:10170000044630B9BDF906200548294603F06CFAB5
:10171000EFE7C21CECD0831D0CBF03240124E8E7D3
:101720001329030810B5536E13B10224204610BDCF
:10173000F9F704FC044618B9054803F055FAF5E733
:10174000C21CF2D0831D0CBF03240124EEE700BFAE
:101750000C2A030807B5536E012B03D0022003B0F7
:101760005DF804FB106801A9FDF7C8FF0028F5D15A
:101770000198F9F7C9FC0028F1D0C21CEED0831DF6
:101780000CBF03200120EAE707B5536E012B03D0FD
:10179000022003B05DF804FB106801A9FDF7AEFF5D
:1017A0000028F5D10198F9F733FD0028F1D0C21CCB
:1017B000EED0831D0CBF03200120EAE770B5536E05
:1017C000012BA0B00E46144628D142491068F4F708
:1017D000D7FC054610BB0BA8F9F78CFC1B9B0993A3
:1017E0001A9B0893159B07939DF8433006930B9B18
:1017F0000593199B0493189B03939DF8383002932B
:101800000D9B01930C9B0093179A9DF95030324821
:10181000314603F0E9F9284620B070BD636E0C2B09
:1018200001D00225F7E7206817A9FDF767FF002818
:10183000F7D1606814A9FDF761FF0028F1D1A06815
:101840000CA9FDF75BFF0028EBD1E0680DA9FDF7BF
:1018500055FF0028E5D120690EA9FDF74FFF0028AC
:10186000DFD1606918A9FDF749FF0028D9D1A06927
:1018700019A9FDF743FF0028D3D1E0690BA9FDF7B3
:101880003DFF0028CDD1206A0DF14301FDF736FF61
:101890000028C6D1606A15A9FDF730FF0028C0D125
:1018A000A06A1AA9FDF72AFF0028BAD1E06A1BA98D
:1018B000FDF724FF0028B4D10BA8F9F7E5FB054696
:1018C0000028A8D0C21CACD0831D0CBF0325012565
:1018D000A1E700BF062B0308142A030870B5536E56
:1018E000012B98B00E46144615D11E491068F4F726
:1018F00047FC054678B903A8F9F7FCFB179B019351
:10190000169B00931848DDE91423314603F06CF967
:10191000284618B070BD636E042B01D00225F7E78E
:10192000206814A9FDF7EAFE0028F7D1606815A920
:10193000FDF7E4FE0028F1D1A06816A9FDF7DEFE50
:101940000028EBD1E06817A9FDF7D8FE0028E5D103
:10195000DDE914239A42E1D803A8F9F7CBFC054648
:10196000D6E700BF062B0308FB28030870B5536EAB
:10197000012B98B00E46144615D11E491068F4F795
:10198000FFFB054678B903A8F9F7B4FB179B019351
:10199000169B00931848DDE91423314603F024F91F
:1019A000284618B070BD636E042B01D00225F7E7FE
:1019B000206814A9FDF7A2FE0028F7D1606815A9D8
:1019C000FDF79CFE0028F1D1A06816A9FDF796FE50
:1019D0000028EBD1E06817A9FDF790FE0028E5D1BB
:1019E000DDE914239A42E1D803A8F9F70FFD054673
:1019F000D6E700BF062B0308FB28030810B5546E7A
:101A00001CB9F9F7BDFA204610BD0224FBE700001F
:101A100070B5536E012B0E46154602D002242046A7
:101A200070BD12491068F4F7ABFB044638B902F0F8
:101A3000F3FD314602460E4803F0D6F8EFE76C6E30
:101A4000012CEBD128680A2200211CF0BFF80128E4
:101A50000546E3D8F9F77AFE0028E0D1284602F0DF
:101A6000E1FD041E18BF0124D9E700BF062B0308BF
:101A7000F328030870B5536E012B86B00E46154649
:101A800013D126491068F4F77BFB044668B903A814
:101A9000F9F730FE059B00932148DDE90323314629
:101AA00003F0A2F8204606B070BD6C6E032C01D086
:101AB0000224F7E7286803A9FDF720FE0028F7D1E4
:101AC000686804A9FDF71AFE0028F1D1A86805A9E5
:101AD000FDF714FE0028EBD1F5F778FE039AB0B1BC
:101AE000104B1344104A9342E2D8049B053B112B40
:101AF000DED8059BB3F5803FDAD203A8F9F704FEE0
:101B000048B1C31CD4D0063018BF0124CAE7074B24
:101B10001344074AE7E70446C4E700BF062B03085F
:101B20003D2A030800BA3CDC002A7515802E0FF709
:101B30008074D21A70B5084E451E00F10F0415F8D6
:101B4000011F304603F050F8A542F8D1BDE87040BF
:101B5000024803F049B800BF220D03085E0A0308DB
:101B600070B5536E012B0E46154602D00224204656
:101B700070BD19491068F4F703FB044638B9FBF748
:101B8000B5F831460246154803F02EF8EFE76C6EC3
:101B9000012CEBD12868F4F7FDFA0128E6D1FAF719
:101BA00041FA20B10E4803F01FF80324DFE728684C
:101BB0000378303B022BD9D81BF0EDF8C0B2FBF70D
:101BC0009AF805460028D2D1064803F00DF82C46B5
:101BD00003F002FACBE700BF062B0308F328030843
:101BE0004B2A0308D207030873B50E461546FAF7C9
:101BF00013FA012833D06B6E012B01D002240CE0C4
:101C000018492868F4F7BCFA044648B9FAF716FAF6
:101C100031460246144802F0E7FF204602B070BD8C
:101C20006B6E012BEAD1286801A9FDF767FD00283A
:101C3000E4D1019A0D4B13440D4A9342DED8FAF7D2
:101C4000F1F920B10B4802F0CFFF0324E5E701983A
:101C5000FAF76CFF40B2FDF7ABFD0446DDE7082460
:101C6000DBE700BF062B0308F3280308802E0FF7DD
:101C7000809E47304B2A030873B50E461546FAF787
:101C8000CBF9012831D06B6E012B01D002240CE07E
:101C900017492868F4F774FA044648B9FAF7ECF9DA
:101CA00031460246134802F09FFF204602B070BD45
:101CB0006B6E012BEAD1286801A9FDF71FFD0028F2
:101CC000E4D1019B053B072BE0D8FAF7ABF920B133
:101CD000094802F089FF0324E7E79DF80400FAF7BA
:101CE00045FF041E18BF0124DFE70824DDE700BF1D
:101CF000062B0308F32803084B2A030873B50E4686
:101D00001546FAF789F901282DD06B6E012B01D009
:101D100002240CE015492868F4F732FA044648B961
:101D2000FAF7B3F931460246114802F05DFF20464A
:101D300002B070BD6B6E012BEAD1286801A9FDF7D6
:101D4000DDFC0028E4D1FAF76DF920B1094802F072
:101D50004BFF0324EBE70198FAF716FF40B2FDF7BB
:101D600027FD0446E3E70824E1E700BF062B03084C
:101D7000F32803084B2A030873B50E461546FAF7F5
:101D80004BF901282ED06B6E012B01D002240CE000
:101D900015492868F4F7F4F9044648B9FAF7A6F9A2
:101DA00031460246114802F01FFF204602B070BDC6
:101DB0006B6E012BEAD1286801A9FDF79FFC002872
:101DC000E4D1FAF72FF920B1094802F00DFF0324FE
:101DD000EBE79DF80400FAF705FF40B2FDF7E8FCD9
:101DE0000446E2E70824E0E7062B0308F32803088B
:101DF0004B2A030873B50E461546FAF70DF901286C
:101E000033D06B6E012B01D002240CE018492868F6
:101E1000F4F7B6F9044648B9FAF770F931460246C4
:101E2000144802F0E1FE204602B070BD6B6E012B3B
:101E3000EAD1286801A9FDF761FC0028E4D1019BE3
:101E40004FF6FA72053B9342DED8FAF7EBF820B171
:101E5000094802F0C9FE0324E5E7BDF80400FAF7DB
:101E6000CDFE041E18BF0124DDE70824DBE700BF18
:101E7000062B0308F32803084B2A030873B50E4604
:101E80001546FAF7C9F8012831D06B6E012B01D045
:101E900002240CE017492868F4F772F9044648B99F
:101EA000FAF734F931460246134802F09DFE204607
:101EB00002B070BD6B6E012BEAD1286801A9FDF755
:101EC0001DFC0028E4D1019B053B112BE0D8FAF75B
:101ED000A9F820B1094802F087FE0324E7E79DF83E
:101EE0000400FAF797FE041E18BF0124DFE7082458
:101EF000DDE700BF062B0308F32803084B2A03087D
:101F000030B5C1B01446FAF787F801282BD0636EBC
:101F1000012B02D0022041B030BD14492068F4F7F3
:101F20002FF90028F6D0636E012BF3D12068F4F767
:101F300031F9C2070546EDD4B0F5EF7FEAD8014686
:101F40006A462068FDF79AFB0028E3D1FAF7F3F818
:101F5000C5F3470102466846FAF73EFD831D0CBFF4
:101F600003200020D7E70820D5E700BF062B030891
:101F700037B51546FAF750F8012829D06B6E012BBA
:101F800001D002240BE013492868F4F7F9F804465D
:101F900050B9FAF747F828B10F4802F025FE20465D
:101FA00003B030BD0D48F8E76B6E012BE9D128680E
:101FB00001A9FDF7A3FB0028E3D10198B0F5803F0C
:101FC000DFD2FAF761FD40B2FDF7F2FB0446E6E727
:101FD0000824E4E7062B0308862A0308922A03084C
:101FE00073B50E461546FAF717F8012832D06B6E16
:101FF000012B01D002240CE017492868F4F7C0F83F
:10200000044648B9FAF78BF831460246134802F005
:10201000EBFD204602B070BD6B6E012BEAD1286843
:1020200001A9FDF76BFB0028E4D1019B012BE1D84E
:10203000F9F7F8FF20B10A4802F0D6FD0324E8E7DB
:102040000198003818BF0120FAF76BF8041E18BF7A
:102050000124DEE70824DCE7062B0308F328030845
:102060004B2A030873B50E461546F9F7D5FF01282C
:1020700028D06B6E012B01D002240CE01249286895
:10208000F4F77EF8044648B9FAF755F831460246A7
:102090000E4802F0A9FD204602B070BD6B6E012B08
:1020A000EAD1286801A9FDF729FB0028E4D10198AD
:1020B0000128E1D800F00100FAF744F8041E18BF27
:1020C0000124E8E70824E6E7062B0308F3280308C1
:1020D00070B586B00E461546F9F79EFF01283ED032
:1020E0006C6E012C01D0022417E01E492868F4F719
:1020F00047F80146A0B9112201A81AF0DBFE102111
:1021000001A8FAF710F8054638B93146164802F02A
:102110006BFD01A8FFF70EFD2C46204606B070BDF2
:102120006B6E012BDFD12868F4F734F820280146C4
:10213000D9D1286801AAFDF7A1FA0028D3D1F9F76F
:1021400071FF20B1094802F04FFD0324E5E710219B
:1021500001A8F9F7EAFF041E18BF0124DDE70824EF
:10216000DBE700BF062B0308EF2803084B2A030810
:1021700070B586B00E461546F9F74EFF01283ED0E1
:102180006C6E012C01D0022417E01E492868F3F779
:10219000F7FF0146A0B9112201A81AF08BFE102109
:1021A00001A8F9F7C4FF054638B93146164802F0D0
:1021B0001BFD01A8FFF7BEFC2C46204606B070BDF3
:1021C0006B6E012BDFD12868F3F7E4FF202801466E
:1021D000D9D1286801AAFDF751FA0028D3D1F9F71F
:1021E00021FF20B1094802F0FFFC0324E5E710219C
:1021F00001A8F9F79EFF041E18BF0124DDE708249B
:10220000DBE700BF062B0308EF2803084B2A03086F
:102210002DE9F04F8FB00F461546F9F7FDFE012866
:1022200000F0F3816B6E012B56D1AB492868F3F7B0
:10223000A7FF044600284FD102F018FA30B308A8CF
:1022400002F020FA3946A54802F0CEFC0899A448CD
:1022500002F0CAFC9DF82410A14802F0C5FC0A99BE
:102260009F4802F0C1FC9DF830109D4802F0BCFC74
:10227000BDF832109A4802F0B7FC9DF83410994826
:1022800002F0B2FC20460FB0BDE8F08F394693480B
:1022900002F0AAFCF9F7D2FE0146914802F0A4FC34
:1022A000F9F7EAFE01468E4802F09EFCF9F7EDFED2
:1022B00001468B4802F098FCF9F718FF0146884860
:1022C00002F092FCF9F71AFF0146854802F08CFCF7
:1022D000F9F71CFF0146D2E76B6E062B53D1F9F7D5
:1022E000ADFE8346F9F7C8FE8246F9F7CEFE814679
:1022F000F9F7FCFE8046F9F701FF0746F9F706FFFC
:1023000003A906462868FDF7F9F900283DD1686859
:1023100004A9FDF7F3F9002837D1A86805A9FDF74E
:10232000EDF9002831D1E86806A9FDF7E7F960BBAF
:10233000286907A9FDF7E2F938BB686908A9FDF724
:10234000DDF910BB039A684B1344684A93421CD8CA
:10235000049B053B072B18D8069B032B15D8079B1E
:102360004FF6FA72053B93420FD8089B053B112BA1
:102370000BD8F9F757FE002800F0C0805C4802F047
:1023800033FC03247EE7072B01D002247AE7594966
:10239000A869F3F7F5FE0028A1D06B6E072BF4D1E6
:1023A0005549A869F3F7ECFE04460028EDD102F088
:1023B0005DF90190002800F0EA8008A802F062F9B7
:1023C000DDF820B09DF824A0F9F726FE002840F0A3
:1023D000D8800A9E9DF83090BDF832809DF8347008
:1023E000286802A9FDF78AF90028CED1686803A9F8
:1023F000FDF784F90028C8D1A86804A9FDF77EF983
:102400000028C2D1E86805A9FDF778F90028BCD1F9
:10241000286906A9FDF772F90028B6D1686907A9ED
:10242000FDF76CF90028B0D1F9F7FCFD0028A5D123
:10243000F9F7F2FD20B9049B7D2B40F0BB8004909E
:102440000298F9F7FDFD10F0FF0540F0C5809DF8FA
:102450000C00F9F713FE10F0FF0540F0BD80049862
:10246000F9F724FE10F0FF0540F0B6809DF8140047
:10247000F9F73EFE10F0FF0540F0AE80BDF8180001
:10248000F9F73EFE10F0FF0540F0A6809DF81C0015
:10249000F9F73EFE10F0FF0540F09E80029B089386
:1024A000039B8DF82430F9F7B7FD002840F08D80AC
:1024B000049B0A93059B8DF83030069BADF83230B3
:1024C00008A8079B8DF8343002F0E6F8012002F0EE
:1024D000D3F8FAF77BF9D5E6062B0308EF280308B3
:1024E0000F29030883060308802E0FF7809E4730CC
:1024F0004B2A0308FC2A0308F12903080398FAF77A
:1025000015FB10F0FF0425D19DF81000FAF72EFB03
:1025100010F0FF041ED10598FAF736FB10F0FF0407
:1025200018D19DF81800FAF75DFB10F0FF0411D1E7
:10253000BDF81C00FAF762FB10F0FF040AD19DF809
:102540002000FAF767FB10F0FF0403D1204602F0E9
:1025500093F897E65846FAF7E9FA5046FAF706FB79
:102560004846FAF711FB4046FAF73CFB3846FAF7C3
:1025700045FB3046FAF74EFB60B2FDF719F9044609
:1025800080E6F9F749FD022808BF0B9E22E7F9F71C
:1025900055FD8346F9F770FD8246F9F776FD06464C
:1025A000F9F7A4FD8146F9F7A9FD8046F9F7AEFDDC
:1025B000074615E7FA2B02D10123049340E7B3F550
:1025C000FA7F7FF43DAF0223F7E7F9F725FD0228F4
:1025D00004BF049B0B936DE7019BA3B95846FAF720
:1025E000A5FA5FFA8AF0FAF7C1FA3046FAF7CCFAA0
:1025F0005FFA89F0FAF7F6FA1FFA88F0FAF7FEFAAE
:10260000F8B2FAF707FB68B2B7E708243AE600BF6A
:10261000F7B50F461546F9F7FFFC022832D16B6E6D
:10262000012B03D00224204603B0F0BD16492868D0
:10263000F3F7A6FD044638B9FAF79EF83946024684
:10264000124802F0D1FAEEE76B6E012BEAD128684E
:1026500001A9FDF753F80028E4D1019B0C4AA3F52A
:1026600016739342DED8F9F7DDFC20B1094802F079
:10267000BBFA0324D7E70198FAF7EEFA041E18BF55
:102680000124D0E70824CEE7062B0308F32803082B
:10269000889104004B2A0308F7B50F461546F9F751
:1026A000BBFC022832D16B6E012B03D002242046E2
:1026B00003B0F0BD16492868F3F762FD044638B947
:1026C000FAF75CF839460246124802F08DFAEEE756
:1026D0006B6E012BEAD1286801A9FDF70FF80028DD
:1026E000E4D1019B0C4AA3F516739342DED8F9F7A7
:1026F00099FC20B1094802F077FA0324D7E7019842
:10270000FAF796FA041E18BF0124D0E70824CEE792
:10271000062B0308F3280308E80A03004B2A0308E2
:1027200073B50E461546F9F777FC012831D06B6E6C
:10273000012B01D002240CE017492868F3F720FD93
:10274000044648B9FAF725F831460246134802F024
:102750004BFA204602B070BD6B6E012BEAD128689F
:1027600001A9FCF7CBFF0028E4D1019C0CB1012C9E
:10277000E0D1F9F757FC20B1094802F035FA0324FB
:10278000E7E72046FAF707F840B2FDF711F80446EC
:10279000DFE70824DDE700BF062B0308F328030862
:1027A0004B2A030873B50E461546F9F735FC012888
:1027B0002FD06B6E012B01D002240CE01649286843
:1027C000F3F7DEFC044648B9F9F7EBFF3146024661
:1027D000124802F009FA204602B070BD6B6E012B60
:1027E000EAD128680DF10601FCF76AFF0028E3D161
:1027F000F9F718FC20B10A4802F0F6F90324EAE7D9
:10280000BDF80600FAF73CFA40B2FCF7D1FF0446E7
:10281000E1E70824DFE700BF062B03089F2A03082F
:102820004B2A030873B50E461546F9F7F5FB012848
:102830002DD06B6E012B01D002240CE015492868C5
:10284000F3F79EFC044648B9F9F7F8FB3146024617
:10285000114802F0C9F9204602B070BD6B6E012B21
:10286000EAD1286801A9FCF749FF0028E4D1F9F76B
:10287000D9FB20B1094802F0B7F90324EBE701982E
:10288000FAF754F940B2FCF793FF0446E3E7082453
:10289000E1E700BF062B0308F32803084B2A0308CF
:1028A00073B50E461546F9F7B7FB012832D06B6EAB
:1028B000012B01D002240CE017492868F3F760FCD3
:1028C000044648B9F9F722FC31460246134802F0A3
:1028D0008BF9204602B070BD6B6E012BEAD12868DF
:1028E00001A9FCF70BFF0028E4D1019B053B112B4C
:1028F000E0D8F9F797FB20B1094802F075F90324F5
:10290000E7E79DF80400FAF785F940B2FCF750FFBD
:102910000446DEE70824DCE7062B0308F328030857
:102920004B2A0308FFF7EAB973B50E461546F9F7C7
:1029300073FB012832D06B6E012B01D002240CE016
:1029400017492868F3F71CFC044648B9F9F794FBCB
:1029500031460246134802F047F9204602B070BDE6
:102960006B6E012BEAD1286801A9FCF7C7FE00288D
:10297000E4D1019B053B072BE0D8F9F753FB20B1CD
:10298000094802F031F90324E7E79DF80400FAF75B
:10299000EDF840B2FCF70CFF0446DEE70824DCE764
:1029A000062B0308F32803084B2A030873B50E46C9
:1029B0001546F9F731FB012831D06B6E012B01D0A0
:1029C00002240CE017492868F3F7DAFB044648B9FB
:1029D000F9F78CFB31460246134802F005F9204610
:1029E00002B070BD6B6E012BEAD1286801A9FCF71B
:1029F00085FE0028E4D1019B032BE1D8F9F712FBF7
:102A000020B10A4802F0F0F80324E8E79DF804003A
:102A1000FAF7E8F840B2FCF7CBFE0446DFE70824FB
:102A2000DDE700BF062B0308F32803084B2A030841
:102A300073B50E461546F9F7EFFA012834D06B6EE0
:102A4000012B01D002240CE018492868F3F798FB09
:102A5000044648B9F9F752FB31460246144802F0E1
:102A6000C3F8204602B070BD6B6E012BEAD1286816
:102A700001A9FCF743FE0028E4D1019B4FF6FA724E
:102A8000053B9342DED8F9F7CDFA20B1094802F0B0
:102A9000ABF80324E5E7BDF80400FAF7AFF840B25D
:102AA000FCF786FE0446DCE70824DAE7062B030879
:102AB000F32803084B2A030873B50E461546F9F7A9
:102AC000ABFA012831D06B6E012B01D002240CE04F
:102AD00017492868F3F754FB044648B9F9F750FE44
:102AE00031460246134802F07FF8204602B070BD1E
:102AF0006B6E012BEAD1286801A9FCF7FFFD0028C5
:102B0000E4D1019BF82BE1D8F9F78CFA20B10A48FF
:102B100002F06AF80324E8E7BDF80400F9F732FE92
:102B200040B2FCF745FE0446DFE70824DDE700BFBE
:102B3000062B0308F32803084B2A030873B50E4637
:102B40001546F9F769FA012831D06B6E012B01D0D7
:102B500002240CE017492868F3F712FB044648B931
:102B6000F9F71BFE31460246134802F03DF82046B5
:102B700002B070BD6B6E012BEAD1286801A9FCF789
:102B8000BDFD0028E4D1019C0CB1012CE0D1F9F786
:102B900049FA20B1094802F027F80324E7E7204664
:102BA000F9F7FDFD40B2FCF703FE0446DFE7082419
:102BB000DDE700BF062B0308F32803084B2A0308B0
:102BC00010B5546E1CB901F073FD204610BD0224EF
:102BD000FBE7506E002818BF0220704730B514463E
:102BE0008BB00D462122002101A81AF063F9636E13
:102BF000012B03D0022420460BB030BD20680849C9
:102C0000F3F7BEFA04460028F4D10649202201A8B1
:102C10001AF028F901AA2946034801F0E5FFEAE77E
:102C2000062B0308005000087C29030873B5536E77
:102C3000012B0E46154603D00124204602B070BD7C
:102C400011491068F3F79CFA044650B9F6F7F5FA03
:102C5000314602460D4801F0C7FF0D4801F0C4FFA0
:102C6000EBE76B6E012BE7D128680DF10701FCF74C
:102C700045FD044630B99DF80700012802D8F6F753
:102C8000DAFADAE70224D8E7062B0308A92A0308B0
:102C90005E0A030810B5546E1CB902F09DF9204677
:102CA00010BD0224FBE710B5536E8BB9F7F748FF50
:102CB00060B900F035FE044600F03CFE044303D149
:102CC00002F08AF9204610BD063403D00124F9E74A
:102CD0000224F7E70324F5E710B5546E4CB900F071
:102CE00065FF20B9012000F067FF204610BD204697
:102CF000F9E70224F9E7000070B5566E012E86B0A0
:102D00000D46144603D00226304606B070BD2C494D
:102D10001068F3F735FAC8B9122101A800F016FFC0
:102D200004460028F0D129462648274E01F05CFFD2
:102D300001AD15F8011B3046013401F055FF122C8E
:102D4000F7D1224801F050FF0026DDE7636E012B2A
:102D5000D9D12068F3F71EFA0028D4D02068F3F701
:102D600019FA1228CFD8122101A800F0EFFE05466B
:102D70000028C9D101AB024613F8011B0029C3D1B9
:102D80000132122AF8D12068F3F704FAA842266823
:102D90000AD83046F3F7FEF90146304600F0E4FE6B
:102DA000061E18BF0126AFE7735DA3F13002092AA2
:102DB00004D923F02003413B192BA4D80135E2E7C5
:102DC000062B0308EF280308AF2A03085E0A03084E
:102DD00070B5556E012D86B00E4603D002252846EB
:102DE00006B070BD0F491068F3F7CAF90028F5D195
:102DF000122101A800F0AAFE04460028EFD13146B6
:102E000009480A4E01F0F0FE01AD15F8011B3046ED
:102E1000013401F0E9FE122CF7D1054801F0E4FE7F
:102E20000025DCE7062B0308EF280308AF2A030878
:102E30005E0A030837B5536E012B0D4603D00224FA
:102E4000204603B030BD0A491068F3F799F90446EB
:102E50000028F4D101A818F0D7FB0198F3F75CFB28
:102E600002460B460348294601F0BEFEE8E700BFD4
:102E7000062B0308B22A030837B5536E012B0D4603
:102E800003D00224204603B030BD0A491068F3F78E
:102E900077F904460028F4D101A818F0D5FB019871
:102EA000F3F73AFB02460B460348294601F09CFE25
:102EB000E8E700BF062B0308B22A030838B5536EB3
:102EC000012B0D4602D00224204638BD0749106868
:102ED000F3F756F904460028F5D1054B054A1B685F
:102EE00012680548294601F07FFEEDE7062B03082E
:102EF000D40F0020D00F0020BA2A030838B5536E33
:102F0000012B0D4602D00224204638BD0649106828
:102F1000F3F736F904460028F5D1044B04481A6843
:102F2000294601F061FEEFE7062B0308D80F0020C9
:102F30007C29030838B5536E012B0D4602D00224BC
:102F4000204638BD06491068F3F71AF904460028F0
:102F5000F5D1044B04481A68294601F045FEEFE715
:102F6000062B0308C40F00207C29030830B5536EDC
:102F7000012B8BB00D4603D0022420460BB030BD90
:102F800009491068F3F7FCF804460028F4D18DF8DD
:102F90002400202101A800F04FFD01AA2946034882
:102FA00001F022FEE9E700BF062B03087C29030895
:102FB00030B5536E012B8BB00D4603D00224204652
:102FC0000BB030BD09491068F3F7DAF80446002861
:102FD000F4D18DF82400202101A800F049FD01AAB8
:102FE0002946034801F000FEE9E700BF062B03086D
:102FF0007C29030838B5536E012B0D4602D00224FC
:10300000204638BD06491068F3F7BAF80446002890
:10301000F5D1044B04481A68294601F0E5FDEFE7B5
:10302000062B0308E00F00207C29030830B5536EFF
:10303000012B8BB00D4603D0022420460BB030BDCF
:1030400009491068F3F79CF804460028F4D18DF87C
:103050002400202101A800F0FDFC01AA2946034814
:1030600001F0C2FDE9E700BF062B03087C29030835
:1030700038B5536E012B0D4602D00224204638BDD0
:1030800006491068F3F77CF804460028F5D1044B94
:1030900004481A68294601F0A7FDEFE7062B03084C
:1030A000CC0F00207C2903087FB5556E012D0E46FC
:1030B000144603D00225284604B070BD2449106888
:1030C000F3F75EF8C8B91021684600F007FD044622
:1030D0000028F0D131461F481F4E01F085FD6D4696
:1030E00015F8011B3046013401F07EFD102CF7D19C
:1030F0001A4801F079FD0025DDE7636E012BD9D177
:103100002068F3F747F80028D4D02068F3F742F896
:103110001028CFD81021684600F0E0FC06460028B1
:10312000C9D12068F3F736F8B04225680AD8284696
:10313000F3F730F80146284600F0DEFC051E18BF04
:103140000125B8E7AB5D203B5E2BB3D80136E8E73D
:10315000062B0308EF280308AF2A03085E0A0308BA
:1031600030B5536E012B87B00D4603D002242046A4
:1031700007B030BD0A491068F3F702F8044600288A
:10318000F4D105AA04A903A8F5F776FA039B0093E6
:103190002946DDE90432034801F026FDE7E700BFD8
:1031A000062B0308C52A030838B5556E144625B901
:1031B000284601F049FC284638BD012D20D00225C3
:1031C000F9E72368585D19F01DFE0028F7D0013596
:1031D0002068F2F7DFFFA842F3D820680A22002116
:1031E0001AF0F4FC431C05460CD108492068F2F79C
:1031F000C7FF0028E3D1284601F026FC0025DAE7C6
:103200000025E5E70028DAD0F5E700BFD72A030854
:1032100070B5536E012B0E46154602D0022420468F
:1032200070BD16491068F2F7ABFF044638B900F0DC
:10323000DBFB31460246124801F0D6FCEFE76B6E2D
:10324000012BEBD1002406E02B68185D19F0DAFDA4
:103250000028E3D001342868F2F79CFFA042F3D89D
:1032600028680A2200211AF0B1FC0128D6D800F003
:10327000C1FB041E18BF0124D1E700BF062B0308C1
:10328000F328030870B5536E012B0E46154602D085
:103290000224204670BD16491068F2F771FF0446FB
:1032A00038B900F0B3FB31460246124801F09CFCED
:1032B000EFE76B6E012BEBD1002406E02B68185D65
:1032C00019F0A0FD0028E3D001342868F2F762FF6E
:1032D000A042F3D828680A2200211AF077FC431E86
:1032E000012BD5D800F098FB041E18BF0124D0E7AD
:1032F000062B0308F328030838B5536E012B154637
:103300000AD109491068F2F73BFF044620B9074883
:1033100001F06AFC204638BD6C6E14B901F0D8FC8F
:10332000F8E70224F6E700BF062B0308E22A0308A9
:10333000F0B5546E012C85B00F46154603D002241B
:10334000204605B0F0BD20491068F2F719FF064687
:10335000E8B9092101A801F07DFD051EF0DD1B483B
:10336000394601F041FC3446194EE3B2AB4204F158
:10337000010404DB174801F037FC0024E0E704AA4D
:103380001344304613F80C1C01F02EFCEDE76E6E72
:10339000012ED4D12868F2F7FDFE0028CFD028688E
:1033A000F2F7F8FE0828CAD82C682046F2F7F2FE99
:1033B0000146204601F055FD04460028C0D00334E4
:1033C000BDD03446BCE700BF062B0308EF28030836
:1033D000AF2A03085E0A0308F7B5536E012B0646B1
:1033E0000F46154603D00224204603B0F0BD1B490A
:1033F0001068F2F7C5FE044638B900F05DFB3946A7
:103400000246174801F0F0FBEEE76B6E012BEAD1A4
:10341000002406E02B68185D19F0F4FC0028E2D0C7
:1034200001342868F2F7B6FEA042F3D828680A22D1
:1034300000211AF0CBFBB0F5E13F0446D3D80023BE
:103440000146CDE900330322304601F033FB20462C
:1034500000F038FB041E18BF0124C5E7062B030843
:10346000F328030838B5546E05468CB900F074FA99
:10347000C0B258B1084801F0B7FB2146284600F019
:1034800073FA044630B92846FBF70CFE204638BDD7
:103490000224FBE70124F9E7182B0308B0B5546EAA
:1034A00000AFBCB96D46ADF5006D6A464FF40061E2
:1034B000094801F0FFF84FF40061084801F026FACE
:1034C0006A4606484FF4006101F09EF9AD46204679
:1034D000BD46B0BD0224FAE700F0030800E003088F
:1034E000F0B50C46ADF5497D6A464FF4487101F0E0
:1034F000E1F85B4E2368B3420CBF656800254FF4CA
:1035000025720021204619F0D5FC042D40F0A4803E
:103510004FF425726946204619F0A4FC94F8FA315C
:10352000FF2B04BF002384F8FA3194F8FB31FF2B02
:1035300010D104F2FB1520220021284619F0BAFC14
:10354000484B1F683846F2F725FE394602462846A2
:1035500019F088FC94F81B32FF2B10D104F21B25C4
:1035600020220021284619F0A5FC3F4B1F68384651
:10357000F2F710FE39460246284619F073FC94F81B
:103580003B32FF2B10D104F23B252022002128469C
:1035900019F090FC354B1F683846F2F7FBFD3946B1
:1035A0000246284619F05EFC94F87032FF2B04BFE7
:1035B000012384F8703294F85C32FF2B04BF00239F
:1035C00084F85C32D4F86032F82B84BF0023C4F84E
:1035D000603294F86632FF2B01BF41F22443A4F815
:1035E0006432002384F8663294F86732FF2B04BFFC
:1035F000002384F8673294F86832FF2B04BF00235D
:1036000084F8683294F86A32FF2B04BF4FF6B07327
:10361000A4F86A3294F86C32FF2B04BF0523C4F877
:103620006C3294F89332FF2B04BF012384F8933259
:1036300094F88132FF2B05D11022002104F2812061
:1036400019F038FC94F891322660FF2B04BF002358
:1036500084F89132042363600DF5497DF0BD00BF0D
:10366000DDCCBBAAC40F0020C80F0020DC0F002057
:10367000F0B58B4A8B4E10685168ADF5297D01ABD2
:1036800003C389481A464FF4257101F013F8039BD0
:10369000B34202D1049B042B1CD0834803A9FFF73B
:1036A0001FFF039BB34217D1049D281F454245418C
:1036B0007E4C4FF425720021204619F0FBFB6DB1C2
:1036C0004FF4257203A9204619F0CCFB00200DF51C
:1036D000297DF0BD0125EBE70025E9E704236360C0
:1036E00040F20113A4F8BC3108224FF4E13301A9E0
:1036F00084F8BE5104F2C910C4F8C431266019F030
:10370000B1FB0123C4F8D45184F8C85184F8FA51AC
:103710002372F4F75BF8C0B2002800F0AD800523F7
:1037200084F8303041F2883741F27072C4E92E7269
:103730004FF47A714FF4FA62C4E930124FF6B07266
:1037400000250123A4F86A220522A4F8AE30A4F8CB
:10375000B4300826C4F86C22A4F8B05040F2FC72D1
:103760002946534884F8B63084F8CC3084F8703257
:1037700084F89332C4E9356584F8B25084F8CF50A8
:1037800084F8D05084F8685219F094FBD02229466E
:10379000484819F08FFBF4F719F8474A474B658200
:1037A000C0B2A84208BF1346E360072323740E2368
:1037B000237641F23333C4E9093744F62063E362E8
:1037C000324641F2244329463D48A4F86432257527
:1037D000E682A57684F85C52C4F8605284F8675299
:1037E00019F068FB10222946364819F063FB1022B5
:1037F0002946354819F05EFB84F89152334C206815
:10380000F2F7C8FC1F284FF0200243D82946304861
:1038100019F050FB24682046F2F7BCFC2146024612
:103820002C4C2B4819F01EFB2068F2F7B3FC1F2824
:103830004FF0200230D80021274819F03BFB2468C4
:103840002046F2F7A7FC21460246244C224819F0F4
:1038500009FB2068F2F79EFC1F284FF020021DD8BC
:1038600000211F4819F026FB24682046F2F792FC3D
:10387000214602461A4827E7022384F830304FF6E3
:10388000FF73A4F8A2304FF0FF33C4E92933A4F842
:10389000AC3047E72168C3E72168D6E72168E9E74C
:1038A000F52A0308DDCCBBAA00E00308F86F00206E
:1038B000FC670020D470002080A1031C00A1BC3351
:1038C000137000206972002079720020C40F00205C
:1038D000F3710020C80F002013720020DC0F0020BD
:1038E0003372002010B50B4C0B4822464FF4257163
:1038F00000F0E0FE08482146FFF7F2FD2268074B82
:103900009A4202D16368042B03D0BDE81040FFF750
:10391000AFBE10BDF86F002000F00308DDCCBBAADD
:10392000024A03484FF4257100F06EBFF86F002083
:1039300000F00308024A034840F2FC7100F064BF43
:10394000FC67002000D00308024840F2FC7200210E
:1039500019F0B0BAFC670020024B034493F8BC0195
:10396000704700BFF86F0020044A104480F8BC1173
:1039700003484FF4257100F047BF00BFF86F0020E7
:1039800000F00308082908B508D90649092219F0EA
:1039900069FABDE808400348F2F7FCBB6FF0080085
:1039A00008BD00BFC1710020082938B505460C4686
:1039B00011D809220021094819F07CFA224629462B
:1039C000064819F04FFABDE83840054A05484FF45B
:1039D000257100F019BF6FF0020038BDC1710020E1
:1039E000F86F002000F00308014BD3F8D4017047B2
:1039F000F86F0020034A4FF42571C2F8D401024841
:103A000000F002BFF86F002000F00308014B93F8AC
:103A100070027047F86F0020054A08B54FF4257111
:103A200082F87002034800F0EFFEC0B208BD00BF8C
:103A3000F86F002000F003081F2908B505D90449D4
:103A4000202219F00FFA002008BDF720FCE700BF84
:103A5000F37100201F2908B505D90449202219F067
:103A600001FA002008BDF720FCE700BF1372002018
:103A70001F2908B505D90449202219F0F3F90020BF
:103A800008BDF720FCE700BF33720020024B03445F
:103A900093F8BF01704700BFF86F0020044A10443C
:103AA00080F8BF1103484FF4257100F0ADBE00BF90
:103AB000F86F002000F00308014BD3F8C4017047F1
:103AC000F86F0020034A4FF42571C2F8C401024880
:103AD00000F09ABEF86F002000F003080F2908B527
:103AE00005D90449102219F0BDF9002008BD6FF076
:103AF0000800FBE7E2710020102938B504460D46A6
:103B00001BD804D00E481022002119F0D3F9234607
:103B100029198B420CD12A462146094819F0A2F9ED
:103B2000BDE83840074A08484FF4257100F06CBEE4
:103B300013F8012B203A5E2AEBD96FF0020038BD52
:103B4000E2710020F86F002000F00308112908B589
:103B500005D90449122219F085F9002008BD6FF03B
:103B60000800FBE7D0710020122938B505460C4645
:103B700012D804D00A481222002119F09BF92246DB
:103B80002946074819F06EF9BDE83840054A06484D
:103B90004FF4257100F038BE6FF0020038BD00BF51
:103BA000D0710020F86F002000F00308014B93F85B
:103BB000C8017047F86F0020034A4FF4257182F85E
:103BC000C801024800F020BEF86F002000F0030892
:103BD000034A4FF4257182F8FA01024800F014BE3E
:103BE000F86F002000F00308014B93F8FA017047CA
:103BF000F86F0020014B93F830007047F86F0020F9
:103C0000034A4FF4257182F83000024800F0FCBDF1
:103C1000F86F002000F0030808B503490C2219F0E2
:103C200021F9002008BD00BF9A70002010B5074C94
:103C300001460C2204F1A20019F014F922460448AE
:103C4000BDE810404FF4257100F0DEBDF86F002094
:103C500000F00308072908B505D90449082219F01E
:103C600001F9002008BD6FF00800FBE7317000206B
:103C7000082908B50A460BD10146074819F0F2F8A1
:103C8000BDE80840054A06484FF4257100F0BCBD68
:103C90006FF0020008BD00BF31700020F86F0020F7
:103CA00000F003080F2908B505D90449102219F0BE
:103CB000D9F8002008BD6FF00800FBE7397000203C
:103CC000102908B50A460BD10146074819F0CAF871
:103CD000BDE80840054A06484FF4257100F094BD40
:103CE0006FF0020008BD00BF39700020F86F00209F
:103CF00000F003080F2908B505D90449102219F06E
:103D0000B1F8002008BD6FF00800FBE74970002003
:103D1000102908B50A460BD10146074819F0A2F848
:103D2000BDE80840054A06484FF4257100F06CBD17
:103D30006FF0020008BD00BF49700020F86F00203E
:103D400000F00308032908B505D90449042219F035
:103D500089F8002008BD6FF00800FBE759700020CB
:103D6000042908B50A460BD10146074819F07AF82C
:103D7000BDE80840054A06484FF4257100F044BDEF
:103D80006FF0020008BD00BF59700020F86F0020DE
:103D900000F00308072908B505D90449082219F0DD
:103DA00061F8002008BD6FF00800FBE729700020D3
:103DB000082908B50A460BD10146074819F052F800
:103DC000BDE80840054A06484FF4257100F01CBDC7
:103DD0006FF0020008BD00BF29700020F86F0020BE
:103DE00000F00308032908B505D90449042219F095
:103DF00039F8002008BD6FF00800FBE75D70002077
:103E00000F2908B505D90449102219F02BF8002014
:103E100008BD6FF00800FBE761700020102908B5AD
:103E20000A460BD10146074819F01CF8BDE80840C6
:103E3000054A06484FF4257100F0E6BC6FF0020019
:103E400008BD00BF61700020F86F002000F003087B
:103E5000014B93F8B1007047F86F0020034A4FF40C
:103E6000257182F8B100024800F0CEBCF86F002046
:103E700000F00308014B93F8B0007047F86F002082
:103E8000034A4FF4257182F8B000024800F0BCBC30
:103E9000F86F002000F00308014B187A704700BF4C
:103EA000F86F0020034A4FF425711072024800F0A9
:103EB000ABBC00BFF86F002000F00308014B93F883
:103EC000AE007047F86F0020034A4FF4257182F866
:103ED000AE00024800F098BCF86F002000F0030824
:103EE000014B93F8B4007047F86F0020034A4FF479
:103EF000257182F8B400024800F086BCF86F0020FB
:103F000000F00308014B93F8AF007047F86F0020F2
:103F1000034A4FF4257182F8AF00024800F074BCE8
:103F2000F86F002000F00308014B93F8B2007047CF
:103F3000F86F0020034A4FF4257182F8B20002485E
:103F400000F062BCF86F002000F00308014B93F80A
:103F5000B3007047F86F0020034A4FF4257182F8D0
:103F6000B300024800F050BCF86F002000F00308D6
:103F7000014BD3F8B8007047F86F0020034A4FF4A4
:103F80002571C2F8B800024800F03EBCF86F00206E
:103F900000F00308014BD3F8BC007047F86F002015
:103FA000034A4FF42571C2F8BC00024800F02CBC53
:103FB000F86F002000F00308034A4FF42571C2F89F
:103FC000C800024800F020BCF86F002000F0030891
:103FD000014BD3F8C8007047F86F0020014B93F8ED
:103FE000CC007047F86F0020034A4FF4257182F827
:103FF000CC00024800F008BCF86F002000F0030875
:10400000014BD3F8C0007047F86F0020034A4FF40B
:104010002571C2F8C000024800F0F6BBF86F00201E
:1040200000F00308014BD3F8C4007047F86F00207C
:10403000034A4FF42571C2F8C400024800F0E4BB03
:10404000F86F002000F00308014B93F8B5007047AB
:10405000F86F0020034A4FF4257182F8B50002483A
:1040600000F0D2BBF86F002000F00308014B93F87A
:10407000CD007047F86F0020034A4FF4257182F895
:10408000CD00024800F0C0BBF86F002000F003082C
:10409000014B93F8CE007047F86F0020034A4FF4AD
:1040A000257182F8CE00024800F0AEBBF86F002008
:1040B00000F00308014B93F8CF007047F86F002021
:1040C000034A4FF4257182F8CF00024800F09CBBF0
:1040D000F86F002000F00308014B93F8D000704700
:1040E000F86F0020034A4FF4257182F8D00002488F
:1040F00000F08ABBF86F002000F00308014BD3F8F2
:10410000D4007047F86F0020034A4FF42571C2F8BD
:10411000D400024800F078BBF86F002000F00308DC
:10412000014BD3F8D8007047F86F0020034A4FF4D2
:104130002571C2F8D800024800F066BBF86F002075
:1041400000F00308014B93F868027047F86F0020F5
:10415000034A4FF4257182F86802024800F054BB0C
:10416000F86F002000F00308014BB3F96A027047B2
:10417000F86F0020034A4FF42571A2F86A02024842
:1041800000F042BBF86F002000F00308014BD3F8A9
:104190006C027047F86F0020034A4FF42571C2F893
:1041A0006C02024800F030BBF86F002000F00308FA
:1041B000014B9888704700BFFC670020034A40F21B
:1041C000FC719080024800F01FBB00BFFC6700201C
:1041D00000D00308034A4FF4257182F89302024885
:1041E00000F012BBF86F002000F00308014B93F8B9
:1041F00093027047F86F002008B501463822054841
:1042000018F030FEBDE80840034A04484FF4257119
:1042100000F0FABAFC670020F86F002000F00308F5
:1042200000487047FC67002010B5074C014620226B
:1042300004F1380018F016FE22460448BDE810408C
:1042400040F2FC7100F0E0BAFC67002000D00308E7
:10425000004870473468002010B5084C01464FF400
:10426000C27204F1580018F0FDFD22460448BDE872
:10427000104040F2FC7100F0C7BA00BFFC6700209C
:1042800000D00308004870475468002010B5084C5F
:1042900001464FF4D07204F5EE7018F0E3FD2246AB
:1042A0000448BDE8104040F2FC7100F0ADBA00BF18
:1042B000FC67002000D0030800487047D869002040
:1042C00010B5084C01464FF4906204F55F7018F089
:1042D000C9FD22460448BDE8104040F2FC7100F0E0
:1042E00093BA00BFFC67002000D003080048704765
:1042F000786B002000487047D470002010B5074C40
:104300000146D02204F1DC0018F0ACFD224604483E
:10431000BDE810404FF4257100F076BAF86F002028
:1043200000F00308014BD3F8AC017047F86F002090
:10433000034A4FF42571C2F8AC01024800F064BA98
:10434000F86F002000F00308014BD868704700BFE9
:10435000F86F0020034A4FF42571D060024800F046
:1043600053BA00BFF86F002000F00308014B187C1F
:10437000704700BFF86F0020034A4FF42571107496
:10438000024800F041BA00BFF86F002000F00308B7
:10439000034B1A7A0AB9588A7047D86A704700BF27
:1043A000F86F0020064B1A7A32B95882044A054841
:1043B0004FF4257100F028BA022A08BFD862F5E749
:1043C000F86F002000F00308014B187D704700BF14
:1043D000F86F0020034A4FF425711075024800F071
:1043E00013BA00BFF86F002000F00308014BD88A11
:1043F000704700BFF86F0020034A4FF42571D08248
:10440000024800F001BA00BFF86F002000F0030876
:10441000014B187E704700BFF86F0020034A4FF42D
:1044200025711076024800F0EFB900BFF86F002048
:1044300000F00308014B987E704700BFF86F002022
:10444000034A4FF425719076024800F0DDB900BFB1
:10445000F86F002000F003080F2908B505D90449BA
:10446000102218F0FFFC002008BD6FF00800FBE7E9
:1044700069720020102908B50A460BD10146074889
:1044800018F0F0FCBDE80840054A06484FF42571D5
:1044900000F0BAB96FF0020008BD00BF69720020D9
:1044A000F86F002000F003080F2908B505D904496A
:1044B000102218F0D7FC002008BD6FF00800FBE7C1
:1044C00079720020102908B50A460BD10146074829
:1044D00018F0C8FCBDE80840054A06484FF42571AD
:1044E00000F092B96FF0020008BD00BF79720020A1
:1044F000F86F002000F00308034A4FF42571906222
:10450000024800F081B900BFF86F002000F00308F6
:10451000034A4FF425715062024800F075B900BF9C
:10452000F86F002000F00308014B586A704700BF85
:10453000F86F0020014B986A704700BFF86F0020A9
:10454000034A4FF4257182F8B600024800F05CB9C6
:10455000F86F002000F00308014B93F8B600704795
:10456000F86F0020014B93F85C027047F86F002051
:10457000034A4FF4257182F85C02024800F044B906
:10458000F86F002000F00308014BD3F86002704779
:10459000F86F0020034A4FF42571C2F86002024808
:1045A00000F032B9F86F002000F00308014B93F8D7
:1045B00067027047F86F0020034A4FF4257182F8B4
:1045C0006702024800F020B9F86F002000F00308ED
:1045D000014BB3F864027047F86F0020034A4FF4B0
:1045E0002571A2F86402024800F00EB9F86F0020AD
:1045F00000F00308014B93F891027047F86F002018
:10460000034A4FF4257182F89102024800F0FCB889
:10461000F86F002000F00308014B93F892027047F6
:10462000F86F0020034A4FF4257182F89202024885
:1046300000F0EAB8F86F002000F0030810B5094C4C
:104640000948224640F2FC7100F034F8E368013377
:1046500007D1204640F2FC72BDE81040002118F05E
:1046600029BC10BDFC67002000D00308014B18785E
:10467000704700BFA4720020014B1870704700BF44
:10468000A472002008B50349182218F0EBFB0120A2
:1046900008BD00BF8C72002008B5014618220248F0
:1046A00018F0E0FB012008BD8C72002016F01AB84B
:1046B00016F01AB82DE9F04F87B083460E4615461E
:1046C00016F082F8B0F5805F044659D8BBFBF0F8CD
:1046D00000FB08F8ABEB080301933344B3FBF0F2A3
:1046E00000FB123109B102FB0003A4EB0B02DFF85F
:1046F00098A00492019AB3FBF4F3C14603933746A2
:10470000002302EB0A0B039A9A4203D1002007B060
:10471000BDE8F08F22461C490293484616F024F863
:10472000029B5A1C0292CBB9049B03EB0802B242D3
:104730000CD228465946059218F094FB019B059A25
:104740001B1B15441F44029BA144DCE7284632464C
:10475000594618F087FB3544BF1BF4E7DDE9023208
:10476000934205D33A465146284618F07BFBEAE7C8
:1047700028462246514618F075FB25443F1BE2E7C8
:104780006FF00800C3E700BFA87200202DE9F84FC2
:1047900000AF81460C46924616F016F8ADF5806DD6
:1047A0006E464FEA90284FF0000B5FFA8BF1884578
:1047B00001D8012021E0B4F5806F09EB81200AEBDC
:1047C000812532460ED34FF48061FFF773FF4FF41B
:1047D00080622946304618F035FB0BF1010B78B1A9
:1047E00000200AE02146FFF765FF224629463046B1
:1047F00018F028FBB0FA80F04009BD46BDE8F88FFC
:10480000A4F58064D1E700002DE9F04F87B083461E
:104810000D46144615F0D8FFB0F5805F074670D8F6
:10482000224629465846FFF7B1FF18B1002007B0CD
:10483000BDE8F08FBBFBF7F807FB08F8ABEB08030C
:104840005A19B2FBF7F107FB1120029308B101FBE3
:104850000772B2FBF7F3039300230193A7EB0B035B
:10486000DFF8A4A00493029BC1462E4603EB0A0B7B
:10487000039B019A9342D9D023493A46484615F002
:1048800073FF019BF3B9049B03EB0802AA4211D208
:1048900021465846059218F0E5FA059A029B144401
:1048A000DA1B16443946484615F066FFE8B16FF04A
:1048B0000600BCE721462A46584618F0D3FA2C4495
:1048C000761BEFE7019B5A1C039B9A4205D33246A5
:1048D0002146504618F0C6FAE4E721463A465046CB
:1048E00018F0C0FA3C44F61BDCE748463A4651460D
:1048F00015F018FFB9440028D9D1019B0133019369
:10490000B6E76FF0080092E7A872002038B50546B8
:104910000C4615F059FFAB070AD1B4FBF0F300FBCE
:10492000134040B921462846BDE8384015F024BF61
:104930006FF0090038BD6FF00A00FBE7F3F72EBDFA
:10494000F3F754BDF3F760BC2DE9F0412D4D022083
:1049500000F0AAF8D5E90032C01A2B4B1B6861EBB6
:104960000201984271F1000303D26FF00500BDE827
:10497000F08116F01DFC8028F7D1FFF747F8234E91
:104980000746002456F8043B03B198470134102C25
:10499000F8D11F4EDFF87C8000F00AFB16F088FE8D
:1049A00000F07EF800F0A4FA00F02CFBFFF7C6FF41
:1049B00000F07CF8F368984798F80040F4B9B368C1
:1049C000154E984700F074F8FFF7BAFF00F0F2FABE
:1049D00000F01EFB00F08EFA00F064F816F06AFE9C
:1049E00056F8043B03B198470134102CF8D102204B
:1049F00000F05AF8C5E900010020B8E733683846EE
:104A00009847D9E7B0820020640B0020B8820020CC
:104A1000540B0020AA820020F8820020014B0022C3
:104A20001A707047AA820020024A1368013313608B
:104A3000704700BF38830020024A13680BB1013B66
:104A4000136070473883002038B5114B1D68044649
:104A5000D5B9F6F7D3F80F4B18700F4B01221A7027
:104A60004CB129460D4815F0B3FE15F0D5FE294688
:104A7000204615F0C1FEF6F7ABF8FFF765FF0446D8
:104A8000F6F7B6F8204638BD6FF00704FAE700BF26
:104A900038830020A9820020AA8200201D4A010834
:104AA00015F0D4BF16F02CB8F3F714BDF3F724BDFE
:104AB000F3F723BD2DE9F04702289DF820909DF8DB
:104AC00024A004460D4616461F4615D8DFF82C8054
:104AD00058F820300BB15B689847CDE9089A084B2D
:104AE00048F82430D3F800E032463B4629462046B9
:104AF000F446BDE8F0476047BDE8F0873C830020FE
:104B0000700B0020022838B504460ED8074D55F822
:104B1000203053B15B696421984755F82430204612
:104B20005B689847002345F8243038BD3C8300205B
:104B300002282DE9F04104460D46164610D8FEF72E
:104B4000A5FF88B90B4B53F8243083B19F680A4BFB
:104B5000324629462046BC461B68BDE8F041604706
:104B60006FF00200BDE8F0816FF00700FAE74FF048
:104B7000FF30F7E73C830020900B00200EB430B5E7
:104B80000446ADF5027DFEF7E7FE022C1FD8204655
:104B9000FEF77CFFF0B9124D55F82430EBB186AA30
:104BA0008599019202A819F075F855F8243002A8E9
:104BB0009D68F1F7EFFA0B4B02461B6802A92046ED
:104BC000A8470DF5027DBDE8304003B070476FF097
:104BD0000200F6E76FF00700F3E74FF0FF30F0E771
:104BE0003C830020900B00200FB42DE9F047ADF579
:104BF000027D8AAF002457F8049B174EDFF85CA0B3
:104C000025465FFA84F84046FEF7A6FEB8B940464E
:104C1000FEF73CFF98B933688BB13A46494602A883
:104C2000019719F037F8336802A89D68F1F7B2FAD6
:104C3000DAF80030024602A94046A847054601348A
:104C4000032C06F10406DCD128460DF5027DBDE8F3
:104C5000F04704B0704700BF3C830020900B002059
:104C6000022810B409D8084C54F820304BB1DC6845
:104C7000064BA4461B6810BC60476FF0020010BCD6
:104C800070474FF0FF30FAE73C830020900B002084
:104C9000022805D8054A52F8203023B11B6918476D
:104CA0006FF0020070474FF0FF3070473C830020E8
:104CB000022807D8044A52F820301BB1034A5B6926
:104CC00011681847704700BF3C830020900B0020FC
:104CD0002DE9F8430E4FDFF83C80DFF83C900025CB
:104CE000EEB23046FEF7D2FE044658B901213046F6
:104CF000FEF7D4FE0922214648463C60C8F8004031
:104D000018F0D8F80135032DEAD1BDE8F88300BFCB
:104D1000508300204C8300205483002038B50024A9
:104D2000E5B22846FEF7B2FE012803D1002128464D
:104D3000FEF7B4FE0134032CF2D138BD2DE9F04763
:104D400086B004468DF8071003A80921FEF71AFE65
:104D50009DF80730364D0D2B074629D019D8082B62
:104D600019D00A2B24D02A68082A0ED8511C296091
:104D700030498B54304B53F824309D682F4B01221F
:104D80001B680DF107012046A8472D4A136801331F
:104D90000CE07F2BE7D12B68002B3ED0013B254A4E
:104DA0002B600021D154264A1368013B136034E084
:104DB000234E336853B3DFF88090DFF8808059F8D2
:104DC00024302049D3F808A0D8F800300222204629
:104DD000D0473268092A0ED11B49164818F0CCFD7D
:104DE00048B959F8243019499F68D8F8003015227D
:104DF0002046B8470AE03368BB4211D10D483A4615
:104E000003A918F01FF858B9FFF788FF00210948D7
:104E100029600922316018F04DF806B0BDE8F0872E
:104E200059F824300A499F68D8F800301122DFE78A
:104E300050830020548300203C830020900B0020EE
:104E40004C8300205E0A0308FE2A0308082B03088F
:104E50001D2B0308082901D9FEF794BD6FF002004D
:104E60007047082910B40BD803460C18A34202D18E
:104E700010BCFEF799BD13F8012B203A5E2AF5D934
:104E80006FF0020010BC7047022801D8FEF7FEBD8B
:104E900000207047022810B5044612D8FEF7F6FD30
:104EA000012803D000212046FEF7F8FD054B0648F7
:104EB00000211960054B1960BDE81040092217F068
:104EC000F9BF10BD50830020548300204C83002084
:104ED000022805D8054A52F8203023B19B691847AB
:104EE0006FF0020070474FF0FF3070473C830020A6
:104EF000F3F7DCBDF3F72ABEF8B52A4E0546375C5A
:104F00000C46FEF729FD00284AD04F2C715D3BD09E
:104F100020D82B2C2ED014D80A2C2DD00D2C14BF19
:104F200007230623204A02EBC102D35C73550B2BE7
:104F300036D1072F2AD100237355BDE8F840FFF77B
:104F4000B7BB422C1ED04D2C18D0412C14BF0723C8
:104F50000023E7E76D2C11D008D8612C10D0622C0B
:104F600010D0542C14BF07230123DBE76F2C0BD088
:104F7000742CF7E70223D5E70623D3E70523D1E70F
:104F80000023CFE70323CDE70423CBE70A2F07D184
:104F90000648002345607355BDE8F84000F014B89A
:104FA000F8BD00BF488300202E2B0308680B0020AB
:104FB000F3F7BCBAF3F7BCBA024A8021082016F016
:104FC0003FB800BF60830020014A082116F08CB86A
:104FD000BD74000816F05AB8F3F75CBBF3F76CBB6E
:104FE000F3F76FBBF3F772BB014B1B68184700BFA9
:104FF000940B002015F03EBE15F062BE15F082BE87
:1050000015F0CABD014B5B69184700BFA40B002017
:10501000014B9B69184700BFA40B0020074B0849B0
:105020001A6843F2390001FB020018606FF0004378
:10503000B0FBF3F3C3EBC373C01A7047C00B00207F
:105040006D4EC641014B1860704700BFC00B002079
:1050500038B505460C46FFF7E1FF611B013190FBB7
:10506000F1F303FB1100284438BD01380A44914292
:1050700000D1704711F8013B00F8013FF7E71044F9
:105080000A44914200D1704711F8013B00F8013DFC
:10509000F7E70244904200D1704700F8011BF9E79E
:1050A00030B530B10A4D01444FF0FF33814201D198
:1050B000D84330BD10F8012B5340082243F30004BD
:1050C000013A2C4092B284EA5303002AF6D1EDE76C
:1050D0002083B8ED4FF0FF307047000030B591B13C
:1050E0000A4D0A44914200D130BD11F8013B5840AD
:1050F000082340F30004013B2C409BB284EA50009B
:10510000002BF6D1EEE70846EEE700BF2083B8EDAE
:10511000C04370477047000038B5104C23780546EF
:105120000BB9012038BD01F0EDFC22784FF47A7301
:10513000B3FBF2F3B0FBF3F002F0FCF904460028F5
:10514000EFD10F2DEDD8024629464FF0FF3002F087
:105150009DF9034B20461D60E4E700BFC40B00200F
:10516000C80B002010B5032002F07EF901F0CAFC44
:10517000064B18600F20FFF7CFFF044618B9FFF762
:10518000C9FF204610BD0124FBE700BF040000203A
:10519000034A044B11681B780B441360704700BF2F
:1051A000708B0020C40B0020014B1868704700BFB3
:1051B000708B002038B50446FFF7F6FF631C1CBF58
:1051C000054B1B78054618BFE418FFF7EDFF431B9E
:1051D000A342FAD338BD00BFC40B00204FF0E02239
:1051E000136923F00203136170474FF0E022136943
:1051F00043F0020313617047014BD3F890057047E9
:105200000070FF1F014BD3F8940570470070FF1F1B
:10521000014BD3F8980570470070FF1F8068C0F3FA
:1052200080007047F7B5002301930446002800F082
:105230001181856D25B9F2F759FDE56584F8545063
:1052400022689368D90040F1B48020688368DA004E
:1052500000F1C680A36D43F01003A365E36D43F036
:105260000103E3650122FFF7D9FFA36D03F01003EB
:105270001843A36D40F0F08023F4817343F00203E0
:105280002168A3658B68DB0700F1AC80CB68A5685B
:1052900023F018032B43CB60636803F04045E36CB5
:1052A00045EA030194F83C30012B08D1D4E91036CB
:1052B00033430B43A16C0B432B4343F0010125689F
:1052C000674B2E6933400B432B61656825F0004323
:1052D000B3F1804F0CD0B5F1004F09D0614ED6F834
:1052E000083705F4701523F470132B43C6F80837FC
:1052F000637E257E266BA77E94F82CC0DB0343EAF1
:105300008533E5682B432569002E43EA473318BFF0
:105310004FF4805643EA4C03002DB4BF25F00045FE
:105320004FF4001533432B4394F82050012D03D143
:10533000002F59D143F48033656A25B1A66A05F47C
:10534000E07535432B432668F56825F4FE3525F4D2
:10535000F3751D43F5602668434D37693D40294389
:1053600031612568666B696921F007013143696124
:105370002568A66B696921F0700141EA061169612F
:105380002169002939D12068816A61F00F018162A9
:105390002168C86835490140994251D10023E3652D
:1053A000A36D23F0030343F00103A365104603B08C
:1053B000F0BD936823F0104323F0170343F08053AC
:1053C00093602B4B2B4A1B68B3FBF2F301335B005A
:1053D0000193019B002B3FF438AF019B013BF7E7A2
:1053E000002240E7014683E7A56D45F02005A5654D
:1053F000E56D45F00105E5659EE7B1F5001FC7D1F4
:10540000266E850026FA05F505F00F050F2D0FD045
:1054100001300828F5D12568A96AE16901398900B8
:1054200001F01C016FF00F0000FA01F1314305E0BB
:1054300001282568EFD1A96A61F00F01A962A7E7E9
:10544000A36D23F0120343F01003A365E36D43F053
:105450000103E3650122A9E743F01003A365F9E71F
:1054600002FCFF1F0020014002FCFFDFE7FF3F833B
:1054700004000020400D0300F8B54569082D0446DE
:105480000E460AD00368DB68D90705D5836D43F063
:10549000200383650120F8BD0425FFF785FE07463C
:1054A000206803682B4222D0A36D43F40073A365E8
:1054B000C36813F4406F14D1A37E93B903681B072C
:1054C0000FD5FFF7ABFE38BB2268536823F00C03FF
:1054D0005360A36D23F4807323F0010343F00103B1
:1054E000A365207E08BB23680C221A60D3E7721CD8
:1054F000D7D0FFF759FEC01BB04201D8002ECFD144
:1055000023681B682B40CBD1A26D84F8543042F045
:105510000402A2650320BEE7A36D43F02003A36548
:10552000E36D43F00103E365DBE70020B3E70368C5
:10553000186C7047F7B50023019390F85430012B95
:10554000024600F0CC80012380F854300068FFF759
:1055500065FE002840F0BD80486815690B68022888
:1055600025F0040500F08780B5F1004F1468C3F3FF
:10557000110715D1A36A3B43A3620D6814688B68B9
:10558000606903EA052323F07C4320EA052023F029
:10559000FF03034363610868002828DB002057E00D
:1055A0000F2500F01F0005FA00F6156E25EA060526
:1055B000C7B9C3F3846383402B4313664868D56936
:1055C00083080133AB42D8D80B68A56A00F01F00EE
:1055D000C3F383630F26834006FA00F025EA000038
:1055E0000343C9E793FAA3F3B3FA83F3E3E73D492F
:1055F0003D4DD1F80837A84203F0E07419D11B02E1
:10560000CCD4D1F8083723F0E073234343F40003EC
:10561000C1F80837354B36491B68B3FBF1F10C2351
:1056200001FB03330193019B002BB7D0019B013B8E
:10563000F8E7304DA84210D113F08070AED1D1F808
:10564000083723F0E073234343F08073C1F8083731
:10565000002382F8543003B0F0BD274DA8429DD1FD
:1056600013F480009AD1D1F8083723F0E073234374
:1056700043F48003EAE7B5F1004F06D11468A06A4D
:10568000C3F3110320EA0303A3620868002885DA44
:10569000154C1449A042D1F8083709D1D1F80807B0
:1056A00003F0A07320F0E0700343C1F8083775E7FA
:1056B000104CA04204D1D1F8080703F44003F1E7ED
:1056C0000D4CA0427FF46AAFD1F8080703F0C07315
:1056D000E8E7916D41F0200191651846B8E7022096
:1056E000B9E700BF00200140001000B00400002016
:1056F000400D0300004000B8002000B438B5044657
:105700000068FFF78BFD08B9002038BD2268936858
:10571000990707D4936823F0004323F0170343F05D
:1057200010039360FFF740FD054623689B685B0705
:10573000EAD5FFF739FD401B0228F6D923689B689C
:105740005A07F2D5A36D43F01003A365E36D43F050
:105750000103E3650120D8E773B5002302680193D4
:105760009368DD07044602D5002002B070BD916841
:10577000214B194209D0A36D43F01003A365E36DDB
:1057800043F00103E3650120EFE7936823F0004352
:1057900023F0170343F001039360184BD3F8083745
:1057A00018021CD4637E012BDED0FFF7FDFC144EE3
:1057B000054622681368DB07D6D49368D9075FBF14
:1057C0009368334043F001039360FFF7EDFC401B07
:1057D0000228EED923681B68DA07EAD4CBE7094B25
:1057E000094A1B68B3FBF2F301330193019B002BC1
:1057F000D8D0019B013BF8E7170000800020014052
:10580000E8FFFF7F04000020400D030038B5044688
:105810000068FFF703FD054628BB94F85430012BC0
:1058200021D0012384F854302046FFF795FFB8B902
:10583000A36D23F4706323F0010343F48073A36525
:105840002368E0651C221A60226884F8540093687B
:1058500023F0004323F0170343F00403936038BDA3
:1058600084F85450FBE70220F9E738B502689368E2
:1058700091680446C80701D4002038BD9907FBD4BD
:10588000936803F00503012B1AD1936823F00043BA
:1058900023F0170343F002039360236803221A6086
:1058A000FFF782FC054623689B68DB07E4D5FFF71A
:1058B0007BFC401B0228F6D923689B68DA07F2D5E7
:1058C000A36D43F01003A365E36D43F00103E365AB
:1058D0000120D2E770B50446002849D0836D43F01B
:1058E00002038365FFF70AFF054668B92046FFF704
:1058F000BCFF054608B90123A3652268936823F01D
:10590000104323F0170393602268536823F46773EE
:1059100023F003035360236840F29F321A60226829
:10592000144BD1680B40D3602268136923F04043C5
:1059300013612268536923F0070353612268136AD5
:1059400003F0F0231362236800269A6A0A4A9E62D3
:10595000D2F8083723F0FE73C2F808372046F2F772
:1059600091FAE6652666A66584F85460284670BDFF
:105970000125FBE700023E830020014010B590F8AE
:105980005430012B044615D0012380F85430FFF722
:10599000B5FE58B92046FFF768FF38B9A36D23F468
:1059A000807323F0010343F00103A365002384F80F
:1059B000543010BD0220FCE713B50023019390F88A
:1059C0005430012B044642D0012380F85430FFF7B5
:1059D0004CFF2268936813F0010FA36D34D123F4B8
:1059E000817343F00203A365D168D36823F00303F6
:1059F000D3602268936843F000439360236801F00A
:105A000003019A68002A12DA019A01320192019A7E
:105A1000B2F52E3FF5D3A36D23F0120343F010032C
:105A2000A365002384F85430012002B010BDDA6869
:105A30000A43DA60A36D23F0030343F00103A36577
:105A4000002384F85430F0E743F01003F7E7022016
:105A5000EBE7026852E8003F23F0C00342E8003160
:105A60000029F6D1026802F1080353E8003F23F44D
:105A70000003083242E800310029F3D12023C0F8A6
:105A80008430704710B5026852E8003F23F49073E9
:105A900042E800310029F6D10F4C026802F10803F8
:105AA00053E8003F2340083242E800310029F4D196
:105AB000C36E012B08D1026852E8003F23F01003A7
:105AC00042E800310029F6D12023C0F888300023B5
:105AD000C366036710BD00BFFEFFFFEF38B5044685
:105AE000D8B102682423C0F88430136823F001037E
:105AF0001360036800251D6003685D6003689D6096
:105B0000F3F76EFAC4F88C5084F88050C4F88450CF
:105B10002846C4F88850E56638BD0120FCE738B552
:105B20000268D0F88430D0F8885092681206044693
:105B30001FD5212B1DD1226802F1080353E8003F35
:105B400023F08003083242E800310029F3D1A06F2E
:105B500060B101F0A5FE48B1A06F01F076FF2028EA
:105B600004D11023C4F88C30032038BD2046FFF741
:105B700070FF2368986810F04000F6D0222D18D1ED
:105B8000226802F1080353E8003F23F04003083283
:105B900042E800310029F3D1E06F38B101F080FE16
:105BA00020B1E06F01F051FF2028DAD02046FFF746
:105BB00069FF0020D9E7704710B5806A0268D0F805
:105BC0008430D0F888409268120606D5212B04D183
:105BD0000023A0F85630FFF73CFF03689B685B0684
:105BE00006D5222C04D10023A0F85E30FFF74AFF2F
:105BF000D0F88C3043F01003C0F88C30F3F72CFA57
:105C000010BD08B5806A0023A0F85E30A0F85630B9
:105C1000F3F722FA08BD00002DE9F0410568EB69B1
:105C20002A68A96840F60F063342044610D19E0642
:105C300040F19A8002F0200601F080573E4300F0C8
:105C40009380036F002B00F08880BDE8F041184777
:105C5000A34EA4480E401040304300F08580D80782
:105C600009D5D70507D501202862D4F88C0040F06B
:105C70000100C4F88C0098070AD5CF0708D5206822
:105C800002250562D4F88C0040F00400C4F88C00B2
:105C90005D070AD5C80708D5206804250562D4F831
:105CA0008C0040F00200C4F88C001F070BD502F0F6
:105CB0002000304307D0206808250562D4F88C0006
:105CC0002843C4F88C001D050BD5500109D5206868
:105CD0004FF400650562D4F88C0040F02000C4F851
:105CE0008C00D4F88C00002837D09B060AD502F02F
:105CF000200201F0805152EA010303D0236F0BB15F
:105D0000204698472368D4F88C509B6805F02805F6
:105D100003F040031D43204621D0FFF7B3FE236864
:105D20009B685F0616D5226802F1080353E8003F1E
:105D300023F04003083242E800310029F3D1E36F39
:105D400043B1694A9A63E06F01F0E0FD28B1E06F6A
:105D5000836B7AE72046F3F77FF9BDE8F081F3F72C
:105D60007BF9C4F88C50F8E7E06E012840F0898098
:105D7000DE0640F18680D00640F1838010232B623E
:105D800023689B685B064AD5E26F13685B689BB229
:105D9000002BE2D0B4F85C109942DED9A4F85E3052
:105DA00013681B689F0630D4226852E8003F23F432
:105DB000807342E800310029F6D1226802F108031D
:105DC00053E8003F23F00103083242E80031002984
:105DD000F3D1216801F1080353E8003F23F04003A9
:105DE000083141E80032002AF3D12023C4F888307A
:105DF000E266226852E8003F23F0100342E80031D7
:105E00000029F6D1E06F01F04BFDB4F85E30B4F834
:105E10005C10C91A89B22046F2F70EFF9DE7B4F86C
:105E20005E10B4F85E2092B28BB2002A95D0B4F81E
:105E30005C10C91A89B200298FD0226852E8003F4D
:105E400023F4907342E800300028F6D1274D2068F3
:105E500000F1080353E8003F2B40083040E80032CF
:105E6000002AF4D12023C4F888302267E266226831
:105E700052E8003F23F0100342E800300028F6D13A
:105E8000C9E7DE0209D5480207D54FF480132B621B
:105E90002046BDE8F041F2F747BF1F060BD502F0E0
:105EA000800001F40001014305D0636F002B3FF433
:105EB00054AF2046C9E65E061AD5550618D52168A6
:105EC00051E8003F23F0400341E80032002AF6D1B8
:105ED0002023C4F8843062672046FFF76CFE3CE75D
:105EE0000100001020010004035C0108FEFFFFEF29
:105EF000180206D5510004D52046BDE8F04100F057
:105F000026BCDB017FF529AF002ABFF626AF20466D
:105F1000BDE8F04100F01ABC08B5806AC36E012BE1
:105F200005D1B0F85C104908F2F786FE08BDF2F71B
:105F300073FEFBE708B50346806A1B681B6813F015
:105F4000200331D1A0F85E30026852E8003F23F40C
:105F5000807342E800310029F6D1026802F108039B
:105F600053E8003F23F00103083242E800310029E2
:105F7000F3D1026802F1080353E8003F23F0400325
:105F8000083242E800310029F3D12023C0F88830DC
:105F9000C36E012B08D1026852E8003F23F01003C2
:105FA00042E800310029F6D1C36E012B04D1B0F8CC
:105FB0005C10F2F741FE08BDF2F7E4FDFBE790F854
:105FC0008030012B1ED0012380F880302423C0F8BC
:105FD0008430026852E8003F23F00C0342E80031AD
:105FE0000029F6D1016851E8002F42F0080241E88B
:105FF0000023002BF6D12022C0F8842080F88030C6
:10600000184670470220704790F88030012B1ED050
:10601000012380F880302423C0F88430026852E8DD
:10602000003F23F00C0342E800310029F6D101685B
:1060300051E8002F42F0040241E80023002BF6D182
:106040002022C0F8842080F8803018467047022053
:106050007047D0F88C00704738B504460168226953
:10606000A3680868134362691343E2691343814AD2
:10607000024013430B602268E168536823F44053E5
:106080000B43536022687C4BA1699A421CBF236A70
:106090001943936823F06E4323F430630B439360FA
:1060A0002268616AD36A23F00F030B43D36223682B
:1060B000724A93421CD14FF0B043D3F8883003F0BA
:1060C000030343F44033A3F54033013B022B6BD869
:1060D0006B4A9B5CE069B0F5004F40F09180082B63
:1060E00024D8DFE803F065858B2388232323690008
:1060F000644A934209D14FF0B043634AD3F88830E1
:1061000003F00C0343F44023E3E75B4A93424DD191
:106110004FF0B043D3F8883003F44063B3F5006F19
:106120001AD005D853B1B3F5806F12D0012009E021
:10613000B3F5406FFAD14FF400400EE001F072F871
:1061400058B900204FF00113A3660023C4E91C33A3
:1061500038BD00F069FCF3E74C4865684C4B626A57
:1061600005EB450133F81220B0FBF2F39942DDD87C
:10617000B3EB053FDAD800231946F0F7D1FF090247
:1061800041EA10616B080002C0182A464FF0000374
:1061900041F10001F0F7C4FF3E4BA0F540729A4276
:1061A000C4D82368D860CCE7012393E7102391E794
:1061B00001F038F80028C4D06268616A344B33F8C3
:1061C0001130B0FBF3F0530803EB4000B0FBF2F0EA
:1061D00083B2A3F110014FF6EF729142A6D820F0DE
:1061E0000F00226880B2C3F342031843D060A8E7CF
:1061F00001F028F8DEE700F017FCDBE72348DBE7D7
:10620000082B93D801A252F823F000BF576201086F
:10621000636201086F6201082D610108696201086B
:106220002D6101082D6101082D610108316201080D
:106230004FF400406368616A154A32F81120B0FBE0
:10624000F2F000EB5300B0FBF3F080B2A0F11002CB
:106250004FF6EF73A3E700F0E5FF00283FF471AFBE
:10626000E8E700F0EFFFF8E700F0DEFBF5E70748AE
:10627000E0E700BFF369FFCF008000400038014035
:106280008E2B030800440040912BF7070024F400F4
:106290009E2B0308FFFC0F00836ADA0706D502680D
:1062A000C16A536823F400330B435360836A9B072E
:1062B00006D50268016B536823F480330B435360A7
:1062C000836A590706D50268416B536823F480231B
:1062D0000B435360836A1A0706D50268816B5368C3
:1062E00023F400430B435360836ADB0606D5026840
:1062F000C16B936823F480530B439360836A9906C0
:1063000006D50268016C936823F400530B43936035
:10631000836A5A0611D50268416C536823F48013CE
:106320000B435360436CB3F5801F06D10268816C48
:10633000536823F4C0030B435360836A1B0606D5DE
:106340000268C16C536823F400230B435360704709
:106350002DE9F041DDF8188004460E4615461F462B
:106360002268D36936EA03030CBF01230023AB4242
:1063700001D0002028E0B8F1FF3FF2D0FEF714FF73
:10638000C01B404503D82368B8F1000F1ED1226816
:1063900052E8003F23F4D07342E800310029F6D1DF
:1063A000216801F1080353E8003F23F0010308319D
:1063B00041E80032002AF3D12023C4F88430C4F825
:1063C000883084F880200320BDE8F0811A685107E6
:1063D000C6D5DA691205C3D54FF400621A62226885
:1063E00052E8003F23F4D07342E800310029F6D18F
:1063F000216801F1080353E8003F23F0010308314D
:1064000041E80032002AF3D12023C4F88430C4F8D4
:106410008830C4F88C30D4E72DE9F7439846D0F89B
:106420008430202B04460E4617464FD100294BD00E
:10643000002A49D090F88030012B47D0012380F802
:10644000803000252123C0F88C50C0F88430FEF73E
:10645000ABFEA368A4F85470B3F5805F8146A4F83E
:10646000567003D123690BB935461E46002384F8C4
:106470008030B4F85620CDF8008092B24B4642B935
:1064800040212046FFF764FF48B92023C4F8843038
:1064900006E0002280212046FFF75AFF18B10320B2
:1064A00003B0BDE8F08322685EB935F8023BC3F360
:1064B00008039362B4F85620013A92B2A4F8562029
:1064C000D7E716F8013BF4E70120E9E70220E7E708
:1064D00073B504460026C0F88C60FEF765FE23689D
:1064E0001B681A07054618D423681B685B070AD582
:1064F0006FF07E43009300222B464FF4800120462C
:10650000FFF726FFA8B920230020C4F8843084F8C0
:106510008000C4F88830E0660CE06FF07E430093A2
:10652000324603464FF400112046FFF711FF0028C2
:10653000DAD0032002B070BD10B5044660B3D0F8C5
:1065400084301BB980F88030F2F76AFC226824237B
:10655000C4F88430136823F0010313602046FFF76A
:106560007BFD012818D0A36A13B12046FFF794FEE3
:106570002268536823F4904353602268936823F0A1
:106580002A0393602268136843F0010313602046D6
:10659000BDE81040FFF79CBF012010BD10B50446B8
:1065A000002831D0D0F884301BB980F88030F2F761
:1065B00037FC22682423C4F88430136823F00103D5
:1065C00013602046FFF748FD01281DD0A36A13B1D0
:1065D0002046FFF761FE2268536823F4904353601E
:1065E0002268936823F0220393602268936843F043
:1065F000080393602268136843F001031360204688
:10660000BDE81040FFF764BF012010BD38B5134648
:10661000A0F85C2000252222C0F88C50C0F8882009
:10662000C26F81650446D2B11F49D162C26F1F4952
:106630001163C26F1E495163C26F95630168826D19
:10664000C06F243101F0E4F848B11023C4F88C3055
:10665000202384F88050C4F88830012038BD0023FE
:1066600084F88030226852E8003F43F4807342E8A7
:1066700000310029F6D1226802F1080353E8003FF7
:1066800043F00103083242E800310029F3D12268C7
:1066900002F1080353E8003F43F04003083242E8A8
:1066A00000300028F3D1D9E7355F0108195F0108F0
:1066B000B95B010830B4D0F88830202B20D1E1B18B
:1066C000DAB190F88030012B1AD0012380F88030A5
:1066D00000230C4CC3660368A3420BD05B681B020B
:1066E00008D5046854E8003F43F0806344E800356F
:1066F000002DF6D130BCFFF789BF012030BC7047B8
:106700000220FBE700800040436E30B51BB94FF01C
:106710000113836630BD03680A4D9A6899680A4C74
:10672000490FC2F342626B5C615CDB00B3FBF1F3C7
:10673000A0F86A30AB5CA25CDB00B3FBF2F3A0F81C
:106740006830E7E7BE2B0308B62B03087047704795
:106750001FB504AB03E9060090F88030012B044616
:106760000A463ED0012380F8803001682423C0F817
:1067700084300B6823F001030B6001688B6823F4FD
:10678000401313438B6082B92168BDF80C304A680E
:106790009DF80E0022F010021A434A6022685368E6
:1067A00023F07F4343EA006353602268136843F099
:1067B00001031360FEF7F8FC6FF07E42034600927F
:1067C0004FF4800100222046FFF7C2FD38B9202394
:1067D000C4F88430002384F8803004B010BD032056
:1067E000F8E70220F9E790F88020012A03460ED04E
:1067F000012280F88020196851E8002F42F002023F
:1068000041E800200028F6D183F88000704702207C
:10681000704790F88020012A03460ED0012280F8AC
:106820008020196851E8002F22F0020241E8002080
:106830000028F6D183F8800070470220704790F856
:106840008030012B18D0012380F880302423C0F839
:10685000843003681A68196821F001011960016821
:10686000002322F0005243660A602022C0F88420F0
:1068700080F88030184670470220704738B590F88D
:106880008030012B04461CD0012380F88030242363
:10689000C0F8843003681D681A6822F001021A608B
:1068A0000268936823F0604319439160FFF72CFF5F
:1068B00003681D602023C0F88430002084F8800025
:1068C00038BD0220FCE738B590F88030012B044633
:1068D0001CD0012380F880302423C0F88430036862
:1068E0001D681A6822F001021A600268936823F09A
:1068F000606319439160FFF707FF03681D60202361
:10690000C0F88430002084F8800038BD0220FCE705
:106910004FF0B0431868C0F3404070474FF0B043A9
:106920001868C0F3802070474FF0B0431868C0F378
:10693000400070474FF0B042536823F47F4343EA6E
:106940000023536070474FF0B0431868C0F34060B5
:10695000704700007FB54FF0B0432C4AD3F80831A0
:10696000C0F3031003F00F0352F82040284A52F8F6
:106970002330B4FBF3F400F0F1FD264B054693E819
:106980000700B5F5007F04AB03E9070010D0224BE8
:106990009C4218D303F5B70303F67F539C4229D9D1
:1069A00003F5741303F510639C4225D802230BE012
:1069B0001A4B9C4207D91A4B9C421BD903F537034B
:1069C00003F5D853F0E7002304AA02EB830353F83E
:1069D0000C4C144D2B6823F0070323432B60FEF768
:1069E000E3FB06462B6803F007039C4206D1002018
:1069F00004B070BD0123E7E70024EAE7FEF7D4FB0B
:106A0000801B0228EED90320F2E700BFEC03030845
:106A10008C030308D4000308C0CF6A00BFEA210139
:106A20003F9334020040005810B54FF0B0439A68CD
:106A3000D96812F00C0205D00C2A4AD101F00303E8
:106A4000012B50D14FF0B0412B480B6813F00803D5
:106A500006D00B6813F0080337D1D1F8941007E083
:106A60000C68240756BFD1F894300968C3F3032398
:106A700050F82330002A0CBF184600204FF0B041D8
:106A80008A6802F00C020C2A1ED1CA6802F00302C6
:106A9000022A2ED0032A06D10B68184A13F4801F4D
:106AA000174B18BF13464FF0B042D068D168D26878
:106AB000C0F306205843C1F302130133B0FBF3F0D7
:106AC000530F0133B0FBF3F010BD0B68C3F3031396
:106AD000CEE7042A0AD0082A05D11B6813F48013D4
:106AE00004D10748CAE700231846C7E70348002334
:106AF000C4E7024BD7E700BFEC0303080024F4000F
:106B00000048E80108B5FFF78FFF4FF0B043044A93
:106B10009B68C3F3031352F82330B0FBF3F008BDB6
:106B20008C0303082DE9F0410446002856D04FF0AD
:106B3000B0439D68DE680368990605F00C0506F011
:106B400003066CD51DB10C2D4AD1012E48D1FFF79B
:106B5000EBFE10B1236A002B40D04FF0B043A06A87
:106B60001A68120756BFD3F894301B681B0903F04C
:106B7000F00398421ED9FFF7EDFE00282ED14FF00A
:106B8000B042136843F0080313601368A16A23F04E
:106B9000F0030B431360606AFFF7CCFEFFF7B2FF10
:106BA000A24B1860A24B1868FEF7B6FA002836D040
:106BB000BDE8F0814FF0B042136843F00803136062
:106BC0001368A16A23F0F0030B431360606AFFF7B8
:106BD000B1FEA06AFFF7BEFE0028DFD00120E7E784
:106BE000226A4FF0B043002A54D01A6842F00102E2
:106BF0001A60FEF7D9FA0746FFF796FE002842D042
:106C00004FF0B042136843F0080313601368A16AA1
:106C100023F0F0030B431360606AFFF78BFE2368D9
:106C2000DB0748D423689F0700F18F8023681E0785
:106C300040F10081A3694FF0B046002B00F0E280E4
:106C4000D6F89430E16903F01002914200F0C5805B
:106C500003F00302022AC1D0D80740F1B480D6F86D
:106C6000943023F00103C6F89430FEF79DFA0746EE
:106C7000D6F89430990740F1A680FEF795FAC31B29
:106C8000112BF5D904E0FEF78FFAC01B0228B3D907
:106C900003208DE71A6822F001021A60FEF784FAD9
:106CA0000746FFF741FE0028B9D0FEF77DFAC01B6A
:106CB0000228F6D9ECE7082D03D00C2D09D1032EBC
:106CC00007D1FFF725FE0028ACD06368002BA9D1BF
:106CD00084E74FF0B043A1681A6822F480120A4397
:106CE0001A606268B2F5803F12D11A6842F48032AD
:106CF0001A606368DBB1FEF757FA0746FFF708FE34
:106D000000288FD1FEF750FAC01B6428F6D9BFE7E0
:106D1000B2F5041F1A6803D142F400121A60E4E7C6
:106D200022F480321A601A6822F40012E0E7FEF7BB
:106D30003BFA0746FFF7ECFD00283FF473AFFEF780
:106D400033FAC01B6428F5D9A2E7042D03D00C2D1B
:106D500012D1022E10D1FFF7E1FD18B12369002BEB
:106D60003FF43CAF4FF0B0426169536823F0FE43FB
:106D700043EA0163536059E722694FF0B04382B19F
:106D80001A6842F480721A60FEF70EFA0646FFF7A0
:106D9000C5FD0028E6D1FEF707FA801B0228F6D9C8
:106DA00076E71A6822F480721A60FEF7FDF906464B
:106DB000FFF7B4FD00283FF439AFFEF7F5F9801B6B
:106DC0000228F5D964E74FF0B042E169D2F8943077
:106DD00023F010030B43C2F894304FF0B047D7F8BC
:106DE000943043F00103C7F89430FEF7DDF906460E
:106DF000D7F894309A071DD4FEF7D6F9831B112BD0
:106E0000F6D945E7D6F8943023F00103C6F894305C
:106E1000FEF7CAF90746D6F894309B070AD5FEF765
:106E2000C3F9C31B112BF6D932E700BF04000020C1
:106E3000C80B0020236858074DD5894F3B68D905FA
:106E40000DD400F0CBFBFEF7AFF906463B68DA0540
:106E500005D4FEF7A9F9831B022BF7D918E7E368DD
:106E60004FF0B046002B58D023F08003052B02BF13
:106E7000D6F8903043F00403C6F890304FF0B04697
:106E8000FEF792F9D6F8903043F001030746C6F8B2
:106E9000903041F28838D6F890309B0705D4FEF741
:106EA00083F9C31B4345F6D9F2E6E36823F00403F4
:106EB000812B1BD1FEF778F9D6F8903043F0800390
:106EC000C6F8903007464FF0B04641F28838D6F801
:106ED0009030180504D5E06A00284AD1002067E602
:106EE000FEF762F9C01B4045F1D9D1E6FEF75CF927
:106EF000D6F8903023F08003C6F8903007464FF064
:106F0000B04641F28838D6F890301905E3D5FEF73F
:106F10004BF9C01B4045F6D9BAE6FEF745F9D6F85D
:106F2000903023F080030746C6F8903041F288384D
:106F3000D6F890301A0516D4FEF736F9D6F8903008
:106F400023F00103C6F8903007464FF0B04841F2F5
:106F50008836D8F890309B07BDD5FEF725F9C31BBE
:106F6000B342F6D994E6FEF71FF9C01B4045DFD9BE
:106F70008EE60C2D53D04FF0B04302281A6822F051
:106F800080721A6033D1FEF70FF90546FFF7DBFC7C
:106F900038BBD4E90C314FF0B0420B43D0683149D3
:106FA00001400B43E16B0B43216C0B43616C0B43C2
:106FB000A16B43EA0123D360136843F0807313602D
:106FC000D36843F08053D360FEF7EEF80446FFF732
:106FD000BAFC002882D1FEF7E7F8001B0A28F6D990
:106FE00056E6FEF7E1F8401B0A28CFD950E6DA68EA
:106FF00022F00302DA60DA6822F0885222F480324A
:10700000DA60FEF7D1F80446FFF79DFC00283FF454
:1070100065AFFEF7C9F8001B0A28F5D938E6012844
:107020003FF4C6AD4FF0B043226BDB6803F00301C1
:1070300091427FF4D3AD616B03F070028A427FF41A
:10704000CDADA16B03F4FE42B2EB012F7FF4C6ADD0
:10705000626C03F0604393423FF440AFBEE500BF73
:10706000000400588C80C1112DE9F0410D46044602
:1070700010B90120BDE8F081674E336803F00703C3
:107080008B4216D32368980727D54FF0B047A268E4
:10709000BB6823F0F0031343BB60FEF785F8064698
:1070A000BB68D90319D4FEF77FF8831B022BF7D9ED
:1070B00011E0336823F007030B433360FEF774F8E5
:1070C0000746336803F00703AB42DBD0FEF76CF8EA
:1070D000C01B0228F5D90320CCE723685A0617D530
:1070E0004FF0B0476269D7F8083123F00F0343EA45
:1070F0001213C7F80831FEF757F80646D7F80831DB
:10710000DB0305D4FEF750F8831B022BF6D9E2E728
:1071100023685E0713D54FF0B047E268BB6823F4DD
:10712000E0631343BB60FEF73FF80646BB68980375
:1071300005D4FEF739F8831B022BF7D9CBE7236878
:10714000190714D54FF0B0472269BB6823F4605388
:1071500043EAC203BB60FEF727F80646BB685A0342
:1071600005D4FEF721F8831B022BF7D9B3E7236878
:10717000DB070FD4284C236803F00703AB4237D852
:10718000FFF7C0FC254B1860254BBDE8F04118689F
:10719000FDF7C2BF6368022B1ED1FFF7B9FB0028C1
:1071A0003FF467AF4FF0B0466268B36823F0030363
:1071B0001343B360FDF7F8FF41F288380746B36820
:1071C000626803F00C03B3EB820FD3D0FDF7ECFF42
:1071D000C01B4045F3D97EE7032B02D1FFF7B3FB79
:1071E000DDE713B9FFF7A0FBD9E7FFF797FBD6E779
:1071F000236823F007032B432360FDF7D5FF0646E2
:10720000236803F00703AB42BAD0FDF7CDFF801B24
:107210000228F5D95FE700BF0040005804000020B5
:10722000C80B002008B5FFF76DFC4FF0B043044ACF
:107230009B68C3F3022352F82330D84008BD00BF37
:10724000CC03030808B5FFF75DFC4FF0B043044AD8
:107250009B68C3F3C22352F82330D84008BD00BF57
:10726000CC0303084FF0B043D3F89000C0F34000C4
:1072700070474FF0B0410209D1F8883002F47F2204
:10728000000123EA020300F47F201843C1F88800BC
:1072900070474FF0B041020CD1F88830120423EA55
:1072A000020343EA0040C1F88800704770B50568E2
:1072B00015F48035044638D000F090F9FDF774FFDE
:1072C000684E05463368D80529D54FF0B043616B49
:1072D000D3F8902002F44072914214D0D3F8901069
:1072E000D3F8902042F48032C3F89020D3F8902055
:1072F00021F4407022F480328907C3F89020C3F84B
:10730000900000F19E804FF0B042616BD2F8903057
:1073100023F440730B43C2F89030002505E0FDF7DD
:1073200043FF401B0228CDD903252368DA070AD57D
:107330004FF0B0416268D1F8883023EA124392B22C
:107340001343C1F8883023689B070AD54FF0B0413A
:10735000A268D1F8883023EA124392B21343C1F8ED
:10736000883023689E0609D54FF0B0422169D2F8D3
:10737000883023F440630B43C2F8883023689805B3
:1073800002D5206AFFF785FF2368590502D5606A98
:10739000FFF77FFF23681A0502D5A06AFFF779FF80
:1073A00023685B0602D56069FFF763FF23681E064A
:1073B00002D5A069FFF75DFF2368D80502D5E06913
:1073C000FFF757FF2368D90611D54FF0B042E168A7
:1073D000D2F8883023F440730B43C2F88830E36856
:1073E000B3F5807F02BFD36843F08073D360236816
:1073F0001A040FD54FF0B042216BD2F8883023F039
:1074000040430B43C2F88830236B1BB9D36843F069
:107410008073D36023685B0411D54FF0B042E16AFA
:10742000D2F8883023F040530B43C2F88830E36A27
:10743000B3F1005F03D1D36843F48033D3602846AF
:1074400070BDFDF7B1FE41F288360546FFF70AFF31
:1074500001283FF458AFFDF7A7FE401BB042F5D915
:1074600062E700BF000400580749CA6822F4E062DE
:107470000302120403F4E063120C134343F0BF63EE
:1074800043F40033CB60704700ED00E030B5164B9D
:10749000DC68C4F30224C4F10703251D042B28BFB4
:1074A0000423062D4FF0FF3505FA03F38CBF033C90
:1074B000002421EA0303A34005FA04F422EA0402AB
:1074C000002843EA0203ACBF00F16040074A4FEADC
:1074D0000313B8BF00F00F00DBB2AABF00F5614094
:1074E000135480F8003330BD00ED00E014ED00E0EF
:1074F000002808DB0123420900F01F0003FA00F016
:10750000014B43F82200704700E100E000280DDB4A
:107510004309012200F01F0002FA00F02033044A60
:1075200042F82300BFF34F8FBFF36F8F704700BF48
:1075300000E100E00138B0F1807F0BD24FF0E02392
:10754000054A5861F02182F8231000200722986133
:107550001A6170470120704700ED00E0024B186887
:1075600000F4C060704700BF000400580B4A136865
:1075700023F0070343F001031360094B1A69012844
:1075800042F004021A6105D130BF1A6922F00402E8
:107590001A61704740BF20BF20BFF6E700040058C3
:1075A00000ED00E00B4A136823F0070343F00203E9
:1075B0001360094B1A69012842F004021A6105D1CF
:1075C00030BF1A6922F004021A61704740BF20BF21
:1075D00020BFF6E70004005800ED00E0024A1368FF
:1075E00043F48073136070470004005870B5D0E90D
:1075F00013456560446D14B1D0E916456560D0E966
:10760000105404F01C060124B4406C6004686360EC
:107610008368102B03680BBF9A6099600368036846
:107620000CBFD960DA6070BD0268416CD3B210B58E
:10763000083B1424B3FBF4F30B4CA24288BF0B4A63
:1076400021F0030199BF01F1804202F50232521884
:1076500007338264064AC26403F01F03012202FA60
:1076600003F3036510BD00BF070402401C0802407D
:107670008008024010B5002860D00168304B994264
:107680004FF014044DD82F4A0A44B2FBF4F2920092
:107690004264A3F207430364022380F825300B6899
:1076A00023F4FF4323F070030B60D0E9023423433B
:1076B00004690268234344691168234384692343AE
:1076C000C4692343046A23430B431360FFF7ACFFF1
:1076D0008368826CB3F5804F04BF00234360436826
:1076E00003F07F031360D0E913325A604268511EE1
:1076F00003291ED8144B1344144A826501229B00AF
:107700008A40C265002243651A60D0E916325A6089
:1077100000230122C36380F8243080F82520184616
:1077200010BD0B4B0B44B3FBF4F39B004364094BBC
:10773000B1E70023C0E91533C365E9E70120EFE7AE
:1077400007040240F8FFFDBF3F82001040090240DD
:10775000F8FBFDBF0004024038B500284AD002689B
:10776000136823F0010313600168234B99424FF023
:10777000140437D8214A0A44B2FBF4F2920042645E
:10778000A3F20743002503640D60D0E91023012410
:1077900003F01C0304FA03F35360FFF745FF836C07
:1077A0001D60D0E913325A6041684A1E032A0AD884
:1077B000134B0B449B00944012498165C4651D60C6
:1077C000D0E916325A600023C363C0E91533C0E91B
:1077D0000B33C0E90D33C36580F8253080F82430C1
:1077E000184638BD084B0B44B3FBF4F39B004364CD
:1077F000064BC7E70120F4E707040240F8FFFDBF8E
:107800003F82001040090240F8FBFDBF0004024027
:1078100070B590F82450012D04463FD090F82560B3
:107820000125AE4280F824504FF0000630D10225E9
:1078300080F82550C6630668356825F00105356077
:10784000FFF7D4FE026B0368C2B11A6842F00E0261
:107850001A60A36C1A68D20342BF1A6842F480729D
:107860001A60636D1BB11A6842F480721A60226854
:10787000136843F001031360002070BD1A6822F002
:1078800004021A600268136843F00A031360E0E719
:107890008023C36380F824602846EEE70220ECE7EB
:1078A00040B190F82530022B06D00423C363002397
:1078B00080F82430012070470268136823F00E031B
:1078C0001360826C136823F480731360026813687A
:1078D00023F001031360D0E9101303F01C0201230D
:1078E00093404B60D0E913325A60436D33B11A684C
:1078F00022F480721A60D0E916325A60012380F8AF
:107900002530002380F824301846704710B590F8D1
:107910002530022B03D00423C363012010BD02686D
:10792000136823F00E0313600268136823F0010349
:107930001360826C136823F480731360D0E9101312
:1079400003F01C02012393404B60D0E913325A60CC
:10795000436D33B11A6822F480721A60D0E916328E
:107960005A60012380F82530836B002480F824407E
:1079700013B198472046D1E71846CFE730B4036CDF
:10798000426C1C68036802F01C02042595402542E5
:10799000196814D04D0712D51A6892065EBF1A688E
:1079A00022F004021A60D0E9101303F01C02042331
:1079B00093404B60036B002B3ED030BC1847022530
:1079C000954025421DD08D071BD51A68910606D417
:1079D0001A6822F00A021A60012380F82530436CED
:1079E000016803F01C0202239340144A914296BF9F
:1079F000134AC2F884335360002380F82430C36AEA
:107A0000D9E7082505FA02F2224215D00A0713D554
:107A10001A6822F00E021A60D0E91013012203F056
:107A20001C0302FA03F34B600023C26380F8243086
:107A300080F82520436BBEE730BC704780000240D1
:107A40000000024090F825007047C06B70470000AE
:107A50002DE9F04F554C00234FF0010E4FF0030875
:107A60004FF00F0C0A6832FA03F501D1BDE8F08F30
:107A70000EFA03F919EA020200F092804D6805F04F
:107A800003055F00013D08FA07F6012D6FEA0606BF
:107A900011D8856805EA060ACD68BD4045EA0A05A1
:107AA0008560456825EA09094D68C5F300159D40C4
:107AB00045EA090545604D6805F00305032D21D011
:107AC000C56805EA06098D68BD4045EA0905C56037
:107AD0004D6805F00305022D14D14FEAD30900EBE0
:107AE000890903F0070AD9F820504FEA8A0A0CFAEC
:107AF0000AFB25EA0B0B0D6905FA0AF545EA0B05A9
:107B0000C9F8205005682E404D6805F0030505FAB8
:107B100007F73E4306604D6815F4403F40D023F020
:107B2000030606F1804606F5803603F00307B568C4
:107B3000BF004FF0070909FA07F9B0F1904F25EAA5
:107B400009092FD01A4DA8422ED005F58065A8420C
:107B50000CBF02250725BD4045EA0905B5604D6803
:107B6000D4F88070D643ED0354BF37401743C4F8B0
:107B700080704D68D4F88470AD0354BF374017430C
:107B8000C4F884704D682768ED0254BF374017432E
:107B900027604D686768AD0254BF37401743676080
:107BA00001335FE70025D6E70125D4E70008005838
:107BB00000040048374A2DE9F04F00234FF0010A36
:107BC0004FF0070B4FF00F0931FA03F401D1BDE874
:107BD000F08F0AFA03FC1CEA010654D023F00304D8
:107BE00004F1804404F5803403F00307A568BF0066
:107BF0000BFA07F8B0F1904F08EA050E45D0264D74
:107C0000A84244D005F58065A8420CBF022507258F
:107C1000BD40754517D1D2F8805025EA0605C2F857
:107C20008050D2F8845025EA0605C2F884501568C1
:107C300025EA06051560556825EA06055560A5681C
:107C400025EA0805A560056803265C0006FA04F429
:107C500023FA06F6254300EB8606056003F00705C8
:107C6000376AAD0009FA05F527EA0505356285682A
:107C700025EA04058560456825EA0C054560C56868
:107C800025EA0404C46001339EE70025C0E701250E
:107C9000BEE700BF0008005800040048036919420D
:107CA00014BF0120002070470AB1816170478162D2
:107CB0007047000008B5044AD168014202D0D06084
:107CC000F0F7AAFA08BD00BF00080058034AD2F82E
:107CD000903043F40043C2F89030704700040058DD
:107CE000034AD2F8903023F40043C2F89030704732
:107CF00000040058074B1A6822F040021A6040F452
:107D000041704FF4B85218605A601A6842F040024D
:107D10001A6070470000015813B50446002842D08D
:107D2000837903F0FF0213B9427112F06FFB022353
:107D30004FF0B042A371D2F8943023F40043C2F85C
:107D400094301A4B1B681C214B43DB0C64214B43C2
:107D50000193019BF3B90121A160FFF7B7FF144A1A
:107D6000D2F8903043F48053C2F89030114B9A68A7
:107D700042F400629A604FF400629A6129B9206867
:107D8000FFF7B8FF01232371A1600123A371084607
:107D900002B010BD019B013B0193D2F8941011F485
:107DA0008041D6D1D9E70121F1E700BF04000020CE
:107DB000000800580004005837B5174D2B680246DC
:107DC0001C204343DB0C6420434314480193019B74
:107DD00093B901209060114C21732B681C214B43F7
:107DE000DB0C64214B430193019B6BB90120906034
:107DF0000A4BDB6803B030BD019B013B01938368F4
:107E00009C07E4D50020E6E7019B013B0193A368B2
:107E1000DB07E9D5ECE700BF0400002000000158B3
:107E200037B5184D2B6802461C204343DB0C6420F9
:107E3000434315480193019BA3B901209060124C64
:107E4000FF2323732B681C256B43DB0C64256B43DA
:107E50000193019B73B9012090600B4BDB680B70A1
:107E600003B030BD019B013B019383689C07E2D5C1
:107E70000020E4E7019B013B0193A368DB07E8D501
:107E8000EBE700BF040000200000015813B50F4BC2
:107E90000F4C1B68182253431B0D642253430146A9
:107EA00001936269019B02F0040223B902238B60F3
:107EB000012002B010BD019B013B0193606910F0ED
:107EC0000200F6D0002AECD11046F2E704000020B0
:107ED0000004005807B50379012B0FD10A4B1B682A
:107EE000182253431B0C0193FFF7FAFE019B013B41
:107EF0000193019B002BF9D1FFF7E8FE03B05DF879
:107F000004EBFFF7C3BF00BF04000020F8B51E4616
:107F10008379012B154604460F46DAB22DD14379F9
:107F2000012B2AD0022342718371FFF7D3FF0D2169
:107F30002046FFF7D5FEFFF73FFF390A2046FFF73F
:107F40003BFFF9B22046FFF737FF2E44B5420ED172
:107F50002046FFF7BBFEFFF799FFA068012300381A
:107F6000A3714FF0000318BF01206371F8BD15F82D
:107F7000011B2046FFF720FFE8E70220F6E7F8B5EF
:107F80001E468379012B154604460F46DAB22FD1DF
:107F90004379012B2CD04271FFF79CFF1D21204615
:107FA000FFF79EFEFFF708FF390A2046FFF704FFA0
:107FB000F9B22046FFF700FF00212046FFF7FCFE44
:107FC0002E44B5420ED12046FFF780FEFFF75EFF3C
:107FD000A06801230038A3714FF0000318BF0120EF
:107FE0006371F8BD29462046FFF71AFF0135E8E71F
:107FF0000220F6E7F8B51F468379012B15460446A3
:108000000E46DAB22CD14379012B29D04271FFF709
:1080100061FF06F0EF03A3F1840253425341237141
:1080200031462046FFF75CFEFFF7C6FE2F44AF4205
:1080300010D1FFF74BFE842E02D02046FFF726FF1B
:10804000A06801230038A3714FF0000318BF01207E
:108050006371F8BD15F8011B2046FFF7ADFEE6E79A
:108060000220F6E7F8B51E468379012B1546044633
:108070000F46DAB227D14379012B24D04271FFF7A2
:1080800029FF39462046FFF72BFEFFF795FE00211A
:108090002046FFF791FE2E44B5420ED12046FFF751
:1080A00015FEFFF7F3FEA06801230038A3714FF01F
:1080B000000318BF01206371F8BD29462046FFF771
:1080C000AFFE0135E8E70220F6E737B50023ADF84B
:1080D000043001AA022312210446FFF7C3FFBDF8B2
:1080E00004305BBADA079DB202D5204602F07CFE6E
:1080F000AB0702D5204602F07DFE680702D5204678
:1081000002F0A2FE290702D5204602F0A3FEEA06ED
:1081100002D5204602F0A4FEAB0602D5204602F0AE
:108120008DFE680602D5204602F06AFE290607D5B4
:10813000EA05C5F30021204648BF012102F066FE92
:10814000AB0502D5204602F071FE022301AA1946B2
:108150002046FFF74FFF03B030BDF8B51E468379C8
:10816000012B154604460F46DAB227D14379012B7D
:1081700024D04271FFF7AEFE0E212046FFF7B0FD7E
:10818000FFF71AFE39462046FFF716FE2E44B54289
:108190000ED12046FFF79AFDFFF778FEA068012375
:1081A0000038A3714FF0000318BF01206371F8BDC0
:1081B00015F8011B2046FFF7FFFDE8E70220F6E770
:1081C000F8B51E468379012B154604460F46DAB2F0
:1081D0002BD14379012B28D04271FFF77BFE1E2162
:1081E0002046FFF77DFDFFF7E7FD39462046FFF704
:1081F000E3FD00212046FFF7DFFD2E44B5420ED1FE
:108200002046FFF763FDFFF741FEA0680123003819
:10821000A3714FF0000318BF01206371F8BD294618
:108220002046FFF7FDFD0135E8E70220F6E710B52F
:108230000446002800F08580436A002B54D1426830
:10824000B2F5827F00D0C36194F85D3003F0FF0285
:1082500023B984F85C202046F0F778F922680223DD
:1082600084F85D30136823F040031360E268B2F5D0
:10827000E06F4FF0000366D84FF4805100D0A36246
:10828000D4E90023A06803F4827300F4044003439C
:10829000206900F002000343606900F0010003431D
:1082A000A06900F400700343E06900F03800034364
:1082B000206A00F080000343A06A00F400500343EA
:1082C0001360A36AB3F5005F14D1236B002B35D183
:1082D000E368B3F5E06F0BD90223236322681368C8
:1082E00043F40063136005E00023C0E90433ABE707
:1082F00001232363636A606B226800F0080003F0C7
:1083000010030343E06800F470600343608B00F0E7
:10831000040003430B435360A36AB3F5005F02BF3D
:108320002368A28D1A612268D36923F40063D361A4
:1083300000200123206684F85D3010BD022BD9D1C6
:10834000CCE70120F9E71946B2F5706F96E7C368EC
:10835000002B23D0002922D0B1F5802F1ED1026836
:108360001B68D363C268036852689A63C268036873
:1083700092685A63C2680368D2681A63C268036865
:108380001269DA61C268036852699A61C268036857
:1083900092695A61C2680368D2691A6170470268BB
:1083A0001B68D361C268036852689A61C268036837
:1083B00092685A61C2680368D268EEE770B50646F3
:1083C0000C46FCF7F1FE054632685368DB0701D521
:1083D000002070BD611CF8D0FCF7E6FE401BA042F7
:1083E00001D8002CF0D10120F3E700002DE9F04185
:1083F000824E04460F460FCE8CB06D460FC50FCE91
:108400000FC596E80F0085E80F00A36AE56903B978
:10841000AD0022681368002D00F0DD8023F4C04316
:1084200043F4005313602268136815F00F0643F0FD
:108430000103136020D04FEA15184FEA8808002680
:10844000B04566D8C5F3810300229342206840F00E
:10845000998015F0030540F0A18023680132042AB9
:108460009D60FAD139462046FFF7A8FF236800280F
:1084700000F0AC801A6839E0AD08B54203D800209E
:108480000CB0BDE8F081A38FA16922689BB22046A1
:1084900051F823309360A38FA169226801339BB206
:1084A000A387A38F9BB251F823309360A38FA16958
:1084B000226801339BB2A387A38F9BB251F823306C
:1084C0009360A38FA169226801339BB2A387A38F16
:1084D0009BB251F823309360A38F01339BB2A387E3
:1084E0003946FFF76BFF23681A6868B122F0010272
:1084F0001A60636D43F0100363650120002384F864
:10850000510084F85030BBE742F080021A60043614
:10851000B3E7A38FA16922689BB2204651F82330AC
:108520009360A38FA169226801339BB2A387A38FB5
:108530009BB251F823309360A38FA1692268013365
:108540009BB2A387A38F9BB251F823309360A38F74
:10855000A169226801339BB2A387A38F9BB251F814
:1085600023309360A38F01339BB2A3873946FFF773
:1085700025FF23681A680028B8D142F080021A60EB
:1085800004365DE7A18FA66989B2013256F8211041
:108590008160A18F013189B2A18756E7A28FA169BD
:1085A00092B2013351F82220616805EB41050CA914
:1085B00001EB850555F8301C0A4082600022042B2F
:1085C0003FF450AF216801338A60F8E71A6842F03F
:1085D00080021A6054E7616823F006030B431360BE
:1085E0002268136823F4C04343F4005313602268E5
:1085F000136843F001031360284641E7E0000308D5
:10860000704710B50446E8B190F8513003F0FF020E
:108610001BB980F85020FFF7F3FFD4E9013021683F
:108620000A680343606922F4A022034322F0660231
:1086300013430B60002001236065A06584F851306E
:10864000636410BD0120FCE7704738B5054601247E
:1086500080B1446402680024C487A0F84040848745
:10866000136823F001031360FFF7EEFF85F8514014
:1086700085F85040204638BD70477047704730B588
:10868000C38F456B02689BB285B055F82330936069
:10869000C38F456B026801339BB2C387C38F9BB204
:1086A000044655F823309360C38F456B026801334D
:1086B0009BB2C387C38F9BB255F823309360C38F9F
:1086C000456B026801339BB2C387C38F9BB255F8D9
:1086D00023309360C38F01339BB2C387FFF76EFED5
:1086E00088B12268136823F001031360636D43F0BF
:1086F00010036365012384F85130002384F850305F
:108700002046FFF7BBFF2268136843F08003136025
:108710002368DA680092DA680192DA68DB6802920C
:10872000039368460022B4F84030B4F842109BB27C
:108730000331B3EB910F01D2042A01D105B030BD52
:10874000B4F84030A16B50F8045B9BB2013241F8A1
:108750002350B4F8403001339BB2A4F84030E2E734
:10876000F0B5C36AB0F84250012B85B004460E46FE
:108770001FD1826D012A1BD1C36D2B44C365B4F890
:108780004230AD08180718BF25F00305FCF70CFDB3
:108790000746E28FB4F8403092B295429BB201D9BD
:1087A0009D4251D8B4F842301A076AD100202EE019
:1087B00083652268E5650027A787136823F4C04313
:1087C0001360A1682046FFF7C2FD226A2368126881
:1087D000DA62226A236852689A62226A236892687F
:1087E0005A62226A2368D2681A622268136843F0C8
:1087F000010313603146FFF7E1FD50B1636D84F86A
:10880000507043F010030120636584F8510005B0F7
:10881000F0BD2268136843F08003136031462046A0
:10882000FFF7E4FD002840F08B8022680223636498
:10883000136823F4C04343F4804313602268136831
:1088400023F4700313609AE731462046FFF717FFC1
:10885000711C9ED0FCF7A8FCC01BB04201D8002EB2
:1088600097D12268136823F001031360636D43F00E
:10887000100363650120002384F8510084F8503010
:10888000C5E72068016801F01801102908BF0168D8
:108890004FEA131202F1010208BF21F470014FEAFE
:1088A000021703F11005C3EB021208BF41EA02519F
:1088B000A5EB070508BF0160AD08930718BF013598
:1088C0000022AA422BD12B460022032B34D9314659
:1088D0002046FFF773FD0028C8D12268136843F0D3
:1088E000800313602368DA680092DA680192DA681C
:1088F000DB68029203936A46A8423FF457AFB4F88C
:108900004030A16B52F8046B9BB2013041F82360F8
:10891000B4F8403001339BB2A4F84030ECE7E38F69
:10892000606B21689BB2013250F823308B60E38F7B
:1089300001339BB2E387C4E7216801338A60C4E74F
:10894000012064E7F0B5C36AB0F84250012B85B04E
:1089500004460E461FD1826D012A1BD1C36D2B44E4
:10896000C365B4F84230AD08180718BF25F00305F9
:10897000FCF71AFC0746E28FB4F8403092B29542F9
:108980009BB201D99D4251D8B4F842301A076AD13E
:1089900000202EE083652268E5650027A78713681D
:1089A00023F4C0431360A1682046FFF7D0FC22697E
:1089B00023681268DA622269236852689A6222691F
:1089C000236892685A6222692368D2681A62226810
:1089D000136843F0010313603146FFF7EFFC50B119
:1089E000636D84F8507043F010030120636584F8D0
:1089F000510005B0F0BD2268136843F08003136096
:108A000031462046FFF7F2FC002840F093802268B0
:108A100002236364136823F4C04343F48043136068
:108A20002268136823F4700313609AE731462046E6
:108A3000FFF725FE711C9ED0FCF7B6FBC01BB042B1
:108A400001D8002E97D12268136823F00103136028
:108A5000636D43F0100363650120002384F8510027
:108A600084F85030C5E72068016811F0180F08BF7E
:108A700001684FEA131202F1010208BF21F47001EC
:108A80004FEA021703F11005C3EB021208BF41EAD7
:108A90000251A5EB070508BF0160AD08930718BF99
:108AA00001350022AA4234D12B460022032B3DD9A6
:108AB00031462046FFF782FC40B1012384F8513053
:108AC000002384F850302046FFF7D8FD2268136851
:108AD00043F0800313602368DA680092DA68019239
:108AE000DA68DB680292039369460022AA423FF4E7
:108AF0004FAFB4F84030A06B51F8046B9BB2013219
:108B000040F82360B4F8403001339BB2A4F8403001
:108B1000ECE7E38F606B21689BB2013250F82330A1
:108B20008B60E38F01339BB2E387BBE7216801339E
:108B30008A60BBE701205CE7F8B590F85160069DBC
:108B4000012E0446F0B27FD194F850700226012F16
:108B500084F851607ED0C4E90D13636A84F8500034
:108B60000026E687A4F840600BB9920092B2A4F800
:108B700042202268136823F01803136023681A68E0
:108B8000354B1340602B58D009D8402B0FD0334BB6
:108B9000134063B1636D43F020036365F8BDB3F523
:108BA000803FF7D129462046FFF7DAFD49E0E36A26
:108BB000012B03D1A26D012A16D0A365A16820461E
:108BC000FFF7C5FB63697BB1226923681268DA622B
:108BD0002269236852689A622269236892685A62FD
:108BE00022692368D2681A622268022363641368C8
:108BF00043F001031360E28FB4F84210B4F8403040
:108C000092B2B2EB910F9BB24FEA910001D298421F
:108C10000ED82268136823F001031360012384F83F
:108C200051300123002084F8513084F85000B5E71A
:108C300029462046FFF723FDDDE729462046FFF7BA
:108C400081FE0028AAD1ECE7636D43F00803636559
:108C50000120A3E73046A1E76000010040000100C9
:108C6000F8B5044690F85100069E0128C5B240F0C0
:108C7000C38094F850700220012F84F8510000F056
:108C8000C180C4E90D13636A84F850500020E08766
:108C9000A4F840000BB9920092B2A4F842202268D6
:108CA000136823F0180343F0100313602268564B37
:108CB00011680B40602B00F0978009D8402B0FD033
:108CC000524B0B4063B1636D43F02003636536E0A4
:108CD000B3F5803FF7D131462046FFF741FD87E0ED
:108CE000E36A012B03D1A16D012946D0A365636915
:108CF000402B6FD094F83070002F62D1136823F0AE
:108D0000180343F008031360A1682046FFF71FFB18
:108D10002268136843F0010313603146FFF74EFBEE
:108D200023681A6868B122F001021A60636D84F842
:108D3000507043F010036365012384F851302846D6
:108D4000F8BD42F080021A602268136823F018030D
:108D500043F01003136063697BB1226923681268D2
:108D6000DA622269236852689A62226923689268EB
:108D70005A6222692368D2681A62226802236364F5
:108D8000136843F001031360E28FB4F84210B4F8A3
:108D9000403092B2B2EB910F9BB24FEA910001D2F8
:108DA00098421CD82268136823F001031360012342
:108DB00084F851300123002584F8513084F8505054
:108DC000BDE7A1682046FFF7C2FA2268136843F0A6
:108DD0001803BFE7A1682046FFF7B9FABBE73146A1
:108DE0002046FFF74CFCCFE731462046FFF7AAFDAF
:108DF00005460028A3D1DDE7636D43F008036365F2
:108E000001259CE705469AE760000100400001004B
:108E1000F0B503681A68044650058DB00DD55A6840
:108E2000510742BF626D42F0010262655A689207C3
:108E300042BF626D42F0020262655A68D70749D5A7
:108E40001A68960546D51A6842F080021A6063696E
:108E5000602B03D0B3F5803F40F0D58127683A6896
:108E600012F4005200F02E81954E0FCE6D460FC5C4
:108E70000FCE0FC596E80F0085E80F00A26AE369E0
:108E800002B99B00A28F92B2B3EB820F00F28D80E9
:108E9000022363643B6823F4C04343F480433B6094
:108EA0002268136823F47003136060692268B0F5C8
:108EB000803F01BFA38F01339BB2A387B4F8423038
:108EC00053B9116821F4C0611160012284F8512066
:108ED00084F850300DB0F0BD0F2B34D9E38F616BA7
:108EE0009BB251F823309360E38F616B22680133AA
:108EF0009BB2E387E38F9BB251F823309360E38FFB
:108F0000616B226801339BB2E387E38F9BB251F818
:108F100023309360E38F616B226801339BB2E38758
:108F2000E38F9BB251F823309360E38FB4F8422073
:108F300001339BB2E387E38F9BB2B3EB920FC9D1AE
:108F40001007C7D117E0116811F01801C3F110051F
:108F500015D1602801BF116821F4700141EA055163
:108F600011609B08AD0718BF0133002199420BD156
:108F70000022042B15D12046FFF77EFBAAE710291B
:108F8000EFD1B0F5803FE5E7E28F656B206892B2E4
:108F9000013155F822208260E28F013292B2E287DD
:108FA000E4E7216801338A60E3E7A28F92B2C2EB63
:108FB0009302032A4FEA930560D994F86030012B9D
:108FC00013D13B6843F080033B602168002284F8A2
:108FD00060200B6823F4C0630B60032384F85130D6
:108FE0000423636484F8502074E7A38FA2699BB2C2
:108FF00052F82330BB60A38FA169226801339BB272
:10900000A387A38F9BB251F823309360A38FA169EC
:10901000226801339BB2A387A38F9BB251F8233000
:109020009360A38FA169226801339BB2A387A38FAA
:109030009BB251F823309360A38F01339BB2A38777
:1090400048E7A28FA66992B2013156F822208260C9
:10905000A28F013292B2A28705F0030291422068EA
:10906000EFD313F003030BD121688B60A18F013282
:10907000013189B2042AA187F6D12BE70021EBE761
:10908000A18FA56989B255F82110656803EB4503E6
:109090000CAD05EB830353F8303C0B408360A38F8A
:1090A00001339BB2A38700210132032A3FF612AF9E
:1090B00023689960A38F01339BB2A387F4E700BFB5
:1090C000E0000308FB680093FB680193FB680293D0
:1090D000FB68039369461046B4F84050B4F8423038
:1090E000ADB2DE1CB5EB960F01D2042822D1E08F81
:1090F000B4F84050ADB2B5EB930F80B24FEA930194
:1091000028D3B3EB800F25D86369B3F5803F02D134
:10911000A36D012B04D02268136823F4C06313608D
:10912000012384F85130002384F850302046FFF7A3
:10913000A4FACFE6B4F84030A56B51F8046B9BB2AB
:10914000013045F82360B4F8403001339BB2A4F8F5
:109150004030C1E7E08F256880B2091A03291BD986
:1091600094F86030012B10D12B6843F080032B6002
:109170002168002284F860200B6823F4C0630B6030
:10918000032384F8513005232BE7E38F626B9BB2F6
:1091900052F82330AB60A7E628681909013110F0B6
:1091A00018004FEA0116C3EB011119D1606960285C
:1091B00001BF286820F4700040EA01502860103395
:1091C0009B1B89074FEA930300D001339A420DD1CC
:1091D0000022032B3FF6CFAE216801338A60F8E707
:1091E0001028ECD16069B0F5803FE1E7E18F656B55
:1091F000206889B2013255F821108160E18F013178
:1092000089B2E187E2E794F85130022B76D12368E6
:10921000DA680092DA680192DA68DB6802920393F6
:1092200068460022B4F84030B4F842109BB2CD1C1E
:10923000B3EB950F01D2042A13D1B4F84020236870
:1092400092B2B2EB910F1CD11A6822F4C0621A607C
:109250002268012384F85130136823F0010313605E
:1092600061E7B4F84030A16B50F8045B9BB2013267
:1092700041F82350B4F8403001339BB2A4F8403099
:10928000D0E794F86020012A04D11A6842F08002E5
:109290001A606DE7E28F616B92B251F822209A60FA
:1092A000E38F616B226801339BB2E387E38F9BB24C
:1092B00051F823309360E38F616B226801339BB2D6
:1092C000E387E38F9BB251F823309360E38F616BA8
:1092D000226801339BB2E387E38F9BB251F82330BE
:1092E0009360E38FB4F8422001339BB2E387E38FAE
:1092F0009BB2B3EB920F7FF4EDAD3CE6636D43F0B0
:10930000080363652046FFF7B9F9E3E501207047DC
:10931000034B1B6813B15B6803B11847704700BF6C
:10932000748C0020034B1B6813B1DB6803B1184732
:10933000704700BF748C002001F0F6BA01F024BA27
:1093400008B501F03AFD012101F021FDBDE808401A
:1093500001F0E8B838B5074B04460D4693F85600BF
:10936000002101F014FD29462046BDE8384001F0F7
:10937000AFB800BF908C002010B5044601F0D4FDBA
:10938000012817D101F0D8FD34B11048214601F071
:10939000E7FE0E4801F0AAFE0D4C002194F856009D
:1093A00001F0F5FC63786BB16FF07F40BDE81040D1
:1093B00001F0FAB9002340F262211A46084601F092
:1093C00035F9E1E7A0688001F0E700BF788C002064
:1093D000908C0020002001F039B8000008B501F0A1
:1093E0002FF80438C0B2032896BF024B0020185C47
:1093F00008BD00BFFC2B030873B5754CB4F854309E
:109400000025402B8DF80350019500F0D6801CD824
:10941000082B00F0CA8005D8012B2CD0022B43D09A
:1094200002B070BD202BFBD16A4801F0AFFD10B136
:10943000684801F00BFE6078002800F0B380664BAE
:109440001B68002BECD0DB682AE0B3F5807F79D075
:10945000B3F5007F00F08480802BE1D1284600F036
:10946000F5FF5D4B1B68002BDAD09B69002BD7D032
:1094700028469847D4E7594801F088FD10B157486D
:1094800001F0E4FD002000F0E1FF01F04FFD0128B4
:1094900001D101F054FD504B1B68002BC0D01B685C
:1094A000002BBDD09847BBE74A4801F06FFD10B1D3
:1094B000484801F0CBFD657895B9284600F0C6FF15
:1094C000294640F6021001F05FF940F6441001F021
:1094D0002BFA40F00201C9B240F6441001F054F9F1
:1094E000FF220DF103013E483B4D01F037FC3D48A2
:1094F00001F00EF92B68002B92D09E68002E8FD0C1
:1095000094F82430012B08D194F9313094F93020AB
:109510009DF803103248B04782E7E06B01A901F0E3
:10952000B9FC019B9DF803102D484FF47A7203F5A6
:10953000FA7393FBF2F32A685BB2956894F92920D9
:10954000A8476DE7284600F081FF234B1B68002BDE
:109550003FF466AF9B69002B3FF462AF012088E7C0
:1095600000F06EFF042810D11C4801F00FFD10B16F
:109570001A4801F06BFD002000F068FF164B1B68D5
:10958000002B3FF44DAF5B688AE700F059FF0528D8
:109590007FF446AF0F4801F0F9FC10B10D4801F01F
:1095A00055FD002000F052FF49E701F0BDFC012805
:1095B0007FF436AF01F0C4FC32E7607808B900F000
:1095C00045FF054B1B68002B3FF42AAF1B6967E77B
:1095D000908C0020788C0020748C0020E88C002077
:1095E000748B0020B48C0020024BA3F85400FFF7CA
:1095F00003BF00BF908C002008B501F0F3FB0330DF
:1096000008BD01F039BB01F083BA08B501F073F869
:1096100000B208BD38B50D46144601F039F82846A9
:1096200001F0CBFB084D012101F0B1FB00F07AFF06
:109630004FF47A716143284601F092FD2846BDE857
:10964000384001F053BD00BFE88C002001F020B885
:1096500008B5084B002193F8560001F098FB002351
:109660004FF4C0711A46084600F0E0FFBDE808401C
:1096700000F04CBF908C002010B5044601F054FC63
:10968000012817D101F058FC34B11048214601F0EF
:1096900067FD0E4801F02AFD0D4C002194F856009C
:1096A00001F075FB63786BB16FF07F40BDE810404F
:1096B00000F0F8BE002340F262211A46084600F08E
:1096C000B5FFE1E7A0688001F0E700BF788C0020DB
:1096D000908C002008B54FF0040001F07FF9BDE840
:1096E00008400220FBF766BD0128084805D1084B59
:1096F000C17719700E3001F04DBA437D012B03D1B3
:10970000034B81751970F5E7704700BF908C0020FE
:10971000CC0B00200D4B10B5044618735873012074
:1097200000F016F85CB134214FF4E86001F02CF839
:109730004421BDE8104040F2417001F025B81421E9
:109740004FF4E86001F020F82421F2E7908C00202B
:1097500038B50F4D0446287001F0F3FB012C0AD0F8
:10976000023C012C4FF0000494BF0220204601F07F
:109770004FF86C7338BD204601F04AF8287B6B7BAC
:109780008342F7D06873BDE83840FFF7C3BF00BF1E
:10979000908C00202DE9F043054687B00027CDE9E5
:1097A00001770C469146984601F0BDFB012D7AD019
:1097B000022D00F0C880002D5DD1A368002B00F0C1
:1097C000D6802369002B00F0D280227D082A00F287
:1097D000CE8001AB1E46AA425BDC664D002785F8B1
:1097E0003870A368EB63237885F84430606801F033
:1097F0003DFB85F84500E3682B64236994F8241049
:10980000AF73DB002B820423AB74237D2F75DB0049
:109810000229EB74E37F02D0A27F022A3FD103F139
:109820000F02D2B2012A02D9012B40F0A080524B84
:10983000524A19680394012703A88DF8147001F0A7
:109840006FFB002840F093802876EF756875FFF76E
:10985000C1FD0020FFF77CFF494800F0EFFF4948B9
:1098600001F098F9304601F063F9A08B01F0D0F8CF
:10987000208C01F07BF9484601F09FFA3D4C84F8BA
:10988000560001F055FBC4F80480002007B0BDE885
:10989000F083A169495D03F8011B01359BE7EB7576
:1098A00029766A75D3E7334E86F8385094F8283015
:1098B00086F8503094F8293086F8513094F82A30E0
:1098C00086F8523094F82B30012B02D0022B2BD08B
:1098D0000BB986F85330A38DB38394F82E30B37749
:1098E00094F82F3086F82030012594F8303086F82F
:1098F0002130B573FFF76EFD2846FFF729FF20489A
:1099000000F09CFF1F4801F045F996F85130062BF6
:1099100040F6890011D101F007F800F0FB0140F694
:10992000890000F031FFA6E794F828300B3B012BAB
:1099300088BF3D4686F85350CDE700F0F5FF40F074
:109940000401C9B2EBE7636B013BB3F57A7F0ED23A
:109950002846FFF7FDFE074880F83850636B8364A4
:10996000162380F84C30383000F068FF83E74FF062
:10997000FF308BE7908C0020748C0020E88C002056
:10998000C88C00209E8C00202DE9F041002686B076
:1099900098461446CDE9016607460D4601F0C3FA24
:1099A000B442794C16BF01233346B046637037B1D9
:1099B000012F00F08480002006B0BDE8F081EB6844
:1099C000002B00F0DD802B69002B00F0D9806A7D30
:1099D000082A00F2D58001AB38461E46824262DC7E
:1099E0002868003818BF0120002700F0A5FD84F882
:1099F0003870EB68E3632B7984F84430A86801F091
:109A000035FA84F845002B69A773DB0023822B7D90
:109A1000A3746B7DDB00E37495F82230237595F811
:109A20002330002B45D1EA6995F82A10A275022946
:109A300095F8242001D0022B3DD102F10F03DBB2B7
:109A4000012B02D9012A40F09B8000238DF81430AD
:109A50004E4B4F4A1968049503A801F061FA00289B
:109A600040F08E8001232076E3756075FFF7B2FC2D
:109A70000020FFF76DFE474800F0E0FE464801F089
:109A800089F8304601F054F8288C00F0C1FFE88CCA
:109A900001F06CF84FF4FA5303FB08F8EB68B8FBDD
:109AA000F3F3A36087E7A969095C03F8011B0130A0
:109AB00094E7FF22B8E7E27521766375D6E7AB8EAF
:109AC000002B5DD095F83630E86A012B0CBF2F7F54
:109AD000FF27003818BF012000F02EFD5FFA88F044
:109AE00000F07EFE012284F8382095F8303084F8AA
:109AF000503095F8313084F8513095F8323084F890
:109B0000523095F83330934202D0022B03D04BB938
:109B100084F8533006E095F830300B3B012B27D802
:109B200084F85320AB8EA38395F83630A3772B8F20
:109B300023840126A673E777FFF74CFC3046FFF736
:109B400007FE144800F07AFE134801F023F894F859
:109B50002130B34240F236700CD100F0E5FE00F047
:109B6000FB0140F2367000F00FFE4FF6FF7398E7EE
:109B70000023CDE700F0D8FE40F00401C9B2F0E7C1
:109B80004FF0FF3018E700BF908C0020748C00204D
:109B9000788C0020C88C00209E8C00202DE9F04F8E
:109BA00085B082460E9DBDF840B09DF844709DF88A
:109BB0004890019288461E4601F0B5F9BAF1010FAE
:109BC000534C51D0BAF1030F00F09380BAF1000F5B
:109BD0003ED10B22304684F8442084F838A0E56357
:109BE00001F044F9019B23644FEACB03B9F1000F64
:109BF000238241F60403638214BFF2230123E37539
:109C000087F001070123237684F8450084F80EA02D
:109C100084F814A06775FFF7DDFB94F8380000386E
:109C200018BF0120FFF794FD04F1380000F006FE94
:109C300004F10E0000F0AEFF364A1068516802AB26
:109C400003C302A800F074FF40F2FF1000F0E0FE32
:109C5000404601F0B2F884F8560001F069F9169B0D
:109C6000636005B0BDE8F08F2B4984F838A0895DAA
:109C700084F85110EAB29DF83C1084F8502084F822
:109C8000521056BB0B3D012D8CBF00250125012133
:109C9000053A8A4284F85350A17327D8BBF10B0FC1
:109CA00024D80C23A3831D4BA7771B78E3779DF85B
:109CB000543084F8213084F82090FFF78BFB94F81F
:109CC0003800003818BF0120FFF742FD144800F0AB
:109CD000B5FD144800F05EFFBAE7012E04D1A5F1EE
:109CE0000C035D425D41D2E70025D0E7A4F81CB02B
:109CF000D9E75046FFF72CFD022384F8383004F1F1
:109D000038001623A56484F84C3000F097FD9FE7D7
:109D1000908C002010010308C62B0308CC0B0020F8
:109D2000C88C00209E8C00202DE9F04F87B0DFF812
:109D3000B8B29DF864A09DF84C90029314469DF82B
:109D400054309DF85020BDF84880039205468BF8AA
:109D500001A0BDF8446001930F4601F0E4F8BAF1A8
:109D6000000F18BF4FF00008DFF880A2039AB9F186
:109D7000000F08BFFF22012D8AF8002000F0CC80E0
:109D8000042D4CD0002D40F0C480284600F0D4FBB8
:109D90000B2238468BF844208BF83850CBF83C40E7
:109DA00001F064F8019B8BF8450041F60402002B9A
:109DB000ABF812209AF800208BF8162014BFF2227C
:109DC00001228BF81720F600012289F001098BF897
:109DD00018208BF80E50ABF810608BF814508BF8ED
:109DE0001590FFF7F7FA9BF83800003818BF0120EC
:109DF000FFF7AEFC0BF1380000F020FD0BF10E0078
:109E000000F0C8FE7A490868496804AA03C204A899
:109E100000F08EFE40F2FF1000F0FAFD71E001202C
:109E200000F08AFB09224FF000098BF844203846E5
:109E30004FF44872CBF840208BF83890CBF83C4078
:109E400001F014F84FF48052ABF812209AF8002079
:109E50008BF845008BF8162028460122F6008BF877
:109E600017208BF80E90ABF81060ABF814908BF8BD
:109E70001890FFF76DFC0BF1380000F0DFFC0BF1E0
:109E80000E0000F087FE5A498868C96804AA03C218
:109E900004A800F04DFE40F2FF1000F0B9FD40F6BE
:109EA000B80000F041FD00F0EF0140F6B80000F00E
:109EB0006BFC294640F6B90000F066FC40F69B00BA
:109EC00000F032FD00F0E30141F0080140F69B0094
:109ED00000F05AFC40F2D16000F026FD40F018017D
:109EE000C9B240F2D16000F04FFC40F2AC6000F02B
:109EF0001BFD00F08F0141F0500140F2AC6000F01A
:109F000043FC4FF4FA5202FB08F8B8FBF4F4CBF828
:109F1000084007B0BDE8F08F002000F00DFB354988
:109F2000029BC95D8BF83850E2B28BF850208BF859
:109F300051108BF85230002F44D10B3C012C8CBFB8
:109F4000002401240121053A8A428BF853408BF802
:109F50000E1040D80B2E3ED80C22ABF81C209AF8DD
:109F60000020019B8BF81F209DF860208BF821209A
:109F70008BF820308BF81E90FFF72CFA9BF83800F6
:109F8000003818BF0120FFF7E3FB1B4800F056FC28
:109F90001A4800F0FFFD5FFA88F000F021FC9BF802
:109FA0002120012A40F2367018D100F0BDFC00F0EB
:109FB000FB0140F2367000F0E7FB4FF6FF72CBF882
:109FC0000820A6E7012F04D1A4F10C035C425C41F8
:109FD000B8E70024B6E7ABF81C60C0E700F0A4FCCB
:109FE00040F00401C9B2E4E7908C0020CC0B0020C3
:109FF00010010308C62B0308C88C00209E8C00208B
:10A0000008B50120FFF7A4FB00231A46194618469D
:10A0100000F00CFBBDE8084000F03EBEF0B58BB090
:10A020000D46044617461E46FFF7D4F90020FFF7F9
:10A030008FFB204600F02CFB00240123CDE90843D0
:10A0400003234FF4167229462046CDE90644CDE994
:10A050000444CDE90244CDE900532346FFF764FEF2
:10A060002046FFF709FBFFF7C7FAFBF7A3F800F05C
:10A0700091FF0446204600F097FFB04205D301242B
:10A08000FFF7A8F920460BB0F0BD00F034FB00B29A
:10A090008742EFDA0024F3E7224B13B51860224B16
:10A0A00022480024C3E901445C7000F061FC2046B2
:10A0B000FFF730FB00F04CFA2146204600F00EFB83
:10A0C00004222146012000F0BFFC4FF6FF71084634
:10A0D0002346224600F0AAFAFFF7FCFA144B154873
:10A0E000009422464FF0FF3100F036FF124B134828
:10A0F000009422464FF0FF3100F02EFF0D4800F093
:10A1000045FF10B10B4800F0A1FF0C4800F03EFFE6
:10A1100028B10A4802B0BDE8104000F097BF02B075
:10A1200010BD00BF748C0020908C0020E9950108C0
:10A1300011930108E88C002025930108788C0020F9
:10A14000F7B50023634D0C4640F201211A4606463E
:10A15000084600F06BFA95F85600012100F017FE52
:10A160002B78012B40F6890012D195F85130062B3F
:10A170000ED100F0D9FB00F0FB0140F6890000F0A1
:10A1800003FB2B78032B6DD8DFE803F0534C7808E2
:10A1900000F0CAFB40F00401C9B2EEE74E4A731E5C
:10A1A0001046C6F101074FF0000CF9188C4269DC2B
:10A1B0000023E7001946BB426BD100294FEA811307
:10A1C0000CBF2022002243EAC1131343661C03552F
:10A1D000F6B202234148AB73AE7600F0DBFC0021FF
:10A1E000F12000F0D1FA0021F02000F0CDFAAB6CA4
:10A1F000642B67D17021F32000F0C6FA1D21F220F4
:10A2000000F0C2FAE1008C1CF420090A00F0BCFA4C
:10A2100004F0FE01F52000F0B7FA2F486FF07F42FE
:10A2200031461DE0EC772D4800F0B4FC00222146B9
:10A2300015E000F079FE01281ED121460DF107023C
:10A24000304600F076FE0446002841D19DF80730E4
:10A250002248AB7500F09EFC9DF807102246304660
:10A2600000F063FD69681E4800F07AFF1C4803B0E7
:10A27000BDE8F04000F03ABFAC75D4E70223AB7301
:10A28000AC76D0E713F8011FC943197002F801CB6F
:10A290008BE7DA4302F0070CDA100133B25C42FAC2
:10A2A0000CF202F001024FEAE30C5140DA4310F8DD
:10A2B0000CE002F0070201FA02F242EA0E0200F894
:10A2C0000C2078E7E121F32000F05EFA042196E704
:10A2D00003B0F0BD908C0020748B00209E8C002079
:10A2E000E88C0020F0B5BDF814409DF818C09DF82A
:10A2F0001C709DF8205040B1012819D00122002483
:10A30000A0180138B0FBF2F0F0BDBCF1000F0CBF9B
:10A3100008230023002D03EBC40414BF02200020F7
:10A320001834384404EBC0004FF47A744443E7E730
:10A33000501F012803F1040302D80C2C38BF0C2451
:10A34000002937D1A2F10B06012E8CBF0026012671
:10A35000002D14BF1020002000EBC700BCF1000F3F
:10A3600014BF00271427A0EB8200062A38444FEAC6
:10A370008205A2F1020702D9083006B1BD0000280B
:10A38000ACBF2E182E1C701E90FBF5F503FB054488
:10A390000D4B5B5C062A8CBF0C340E340A2B12D892
:10A3A000A4000A4A0134BC404FF47A7052F82320CA
:10A3B0004443A5E7012904D10C2A14BF0026012635
:10A3C000C6E70026C4E7FFDEC62B0308D02B030830
:10A3D00008B5094B012193F8560000F0D8FC4FF462
:10A3E000D7602D2100F0D0F900F0A1F8BDE80840B9
:10A3F000024800F041B800BF908C0020FFFF0F0022
:10A4000010B51346EFF3108472B60A4601460348AE
:10A41000FDF7F0FD84F3108810BD00BFECA2002012
:10A4200010B51346EFF3108472B60A46014603488E
:10A43000FDF718FE84F3108810BD00BFECA20020C9
:10A44000014B1878704700BF068D002007B5012228
:10A450008DF807000DF107018020FFF7D1FF9DF86F
:10A460000730002B034B0CBF012202221A7003B0ED
:10A470005DF804FB068D002007B5094B8DF806003A
:10A4800004221A70030C8DF804300322030A01A978
:10A4900083208DF80530FFF7B3FF03B05DF804FBB0
:10A4A000068D002007B5094B8DF8060005221A70AD
:10A4B000030C8DF804300322030A01A982208DF8D1
:10A4C0000530FFF79DFF03B05DF804FB068D00200B
:10A4D00007B5030C8DF80030030A8DF801300B0C22
:10A4E0008DF802008DF803308DF805100B0A062256
:10A4F000694694208DF80430FFF782FF024B062254
:10A500001A7003B05DF804FB068D0020002208B528
:10A510001146C520FFF774FF014B07221A7008BDD2
:10A52000068D002000221146D120FFF769BF0022CE
:10A530001146D220FFF764BF07B501228DF807004E
:10A540000DF107019F20FFF75BFF03B05DF804FBEF
:10A5500007B510F0C5F8431E584258418DF8070062
:10A5600001220DF107019620FFF74AFF03B05DF8C5
:10A5700004FB07B500F07F008DF8070001220DF104
:10A5800007018920FFF73CFF03B05DF804FB0000E2
:10A59000184B984207B50DD9E1238DF80430E92313
:10A5A0008DF80530022201A99820FFF729FF03B09A
:10A5B0005DF804FB104B984204D9D7238DF8043082
:10A5C000DB23EDE70D4B984204D9C1238DF804300D
:10A5D000C523E5E70A4B984204D975238DF804306A
:10A5E0008123DDE7074B9842DCD96B238DF80430DB
:10A5F0006F23D5E700E9A43580F8A9328044E52D22
:10A60000000B6B1B40FC541907B58DF80620042283
:10A610008DF804008DF8051095200DEB02018DF8E2
:10A620000730FFF7EDFE03B05DF804FB13B5040A35
:10A630008DF801008DF80310080A8DF80520110A25
:10A640001A0A8DF8062008228DF802008DF80410F1
:10A65000104669468DF800408DF80730FFF7D0FEB0
:10A6600002B010BD07B50B0C042200F007008DF8F6
:10A6700004008DF805308DF807100B0A97200DEBBC
:10A6800002018DF80630FFF7BBFE03B05DF804FB56
:10A6900037B5104D2B7804461BB9FFF779FF01231E
:10A6A0002B700D4A00236006E109ECF739FD030E1B
:10A6B0008DF804300422030C8DF805308DF8070066
:10A6C000030A0DEB020186208DF80630FFF798FE95
:10A6D00003B030BD048D00200048E80107B5022218
:10A6E0008DF804008DF805108F2001A9FFF788FE72
:10A6F00003B05DF804FB07B5012201A91520FFF79F
:10A700008FFE9DF804004042401003B05DF804FB4A
:10A7100013B50322044601A91420FFF781FE184B4C
:10A720001A7822704AB1012A17D01422002120463B
:10A7300000F072FD0F2323700DE09DF804302371AB
:10A740009DF80530A2605B425B10A3719DF8063056
:10A750005B425B10637102B010BD9DF804305B4238
:10A760005B1023739DF9053002339B1063739DF8D2
:10A7700006305B425B10A373024B1B682361EAE760
:10A78000078D0020008D002007B501238DF80710EC
:10A790000DF1070201460348FDF7B8FB03B05DF871
:10A7A00004FB00BFECA2002013B50C4B04460522AD
:10A7B000972140F6AC001A70FFF7E6FF230C8DF8E6
:10A7C00004300322230A01A982208DF805308DF878
:10A7D0000640FFF715FE02B010BD00BF068D002039
:10A7E00007B501228DF807000DF10701A020FFF742
:10A7F00007FE9DF807103F2907D901F0F801013144
:10A80000C9B240F20670FFF7BFFF03B05DF804FB6A
:10A8100007B5094B8DF807000146187018B940F2CA
:10A82000AC60FFF7B1FF01220DF107018A20FFF7AD
:10A83000E7FD03B05DF804FB078D002013B5364A31
:10A840000446516810686B4603C3344B20781B786C
:10A85000834201D0FFF7DCFF2378032B29D8DFE800
:10A8600003F0023B2A4662682D4BB3FBF2F31A0C4D
:10A87000A1688DF800208DF802301A0A237B8DF82C
:10A880000330637B8DF801208DF80430254A0023C6
:10A890004806C909ECF744FC030C8DF80530030A9F
:10A8A0008DF806308DF80700082269468B20FFF7E7
:10A8B000A7FD02B010BD2269194BB3FBF2F31A0CCD
:10A8C0008DF800208DF802301A0A237D8DF80120C2
:10A8D0008DF803300422E8E7237E8DF80030637E94
:10A8E0008DF80130A37E8DF80230E37EF0E76268D8
:10A8F0000B4BB3FBF2F31A0C8DF800208DF80230ED
:10A900001A0A237B8DF80330637B8DF801208DF8C4
:10A9100004300522C9E700BF20010308078D00208D
:10A920000000093D0048E80107B5012301460DF18B
:10A9300007020448FDF723FB9DF8070003B05DF80C
:10A9400004FB00BFECA2002010B504460FF0C8FEC7
:10A9500001280CD140F62310FFF7E6FF00F0F901C3
:10A96000214340F62310BDE81040FFF70DBF10BD96
:10A9700010B508B1164B18600FF03AFD0220FFF732
:10A98000E3FF0024134B20461C70FFF75FFD0FF020
:10A99000A5FE012811D14021FFF764FE40F61110F9
:10A9A0002146FFF7F1FE4FF07F00FFF7E2FD0FF0C9
:10A9B00039FE094B01221A7010BD102140F611100A
:10A9C000FFF7E2FE102140F61210FFF7DDFEEEE782
:10A9D000088D0020048D0020068D002013B504464C
:10A9E00000200FF057FE0220FFF7AEFF04F007042F
:10A9F00001220DF1070184208DF80740FFF700FDCB
:10AA0000024B00221A7002B010BD00BF068D00205C
:10AA100010B50C4B1B7804469BB94FF4D760FFF779
:10AA200083FFC4F3002100F0FE0001434FF4D76020
:10AA3000FFF7AAFEE1B240F2B960BDE81040FFF7AF
:10AA4000A3BE10BD078D0020012837B503460C4674
:10AA5000154620D10F2C02464FF000010CBF0620F6
:10AA60000420FFF7D1FD6FF010018C42B8BF0C46F7
:10AA70000E2CA8BF0E24182140F6E700FFF784FE35
:10AA8000022201A98E208DF804408DF80550FFF7B1
:10AA9000B7FC03B030BD40F6D800FFF745FF40F0EB
:10AAA0001E01C9B240F6D800FFF76EFE0721012350
:10AAB00000220420FFF7A8FD6FF008018C42B8BF08
:10AAC0000C46162CA8BF16243821D5E737B5044606
:10AAD0000D46022201A91320FFF7A2FC0A4B1B78A6
:10AAE000012B0DD1094B1B78012B09D140F20270CB
:10AAF000FFF71AFF20709DF805302B7003B030BDB2
:10AB00009DF804302370F6E7078D0020058D0020A6
:10AB100010B51346EFF3108472B60A460146034897
:10AB2000FDF7F4F984F3108810BD00BFECA20020FB
:10AB300008B5014608224FF4D860FFF7E9FF00206E
:10AB400008BD000007B5030A8DF80430064B8DF8E8
:10AB500005001B782BB9022201A940F2BC60FFF767
:10AB6000D7FF03B05DF804FB078D002007B5030A8B
:10AB70008DF80430064B8DF805001B782BB90222A6
:10AB800001A940F2BE60FFF7C3FF03B05DF804FB0C
:10AB9000078D00201FB5354A0446D1689068127CA5
:10ABA00001AB03C31A70324B20781B78834201D06B
:10ABB000FFF72EFE2378032B2ED8DFE803F00240A8
:10ABC0003B02637AF12B29D14FF6FF70FFF7BAFFF2
:10ABD00048F20500FFF7CAFF022362888DF80520BE
:10ABE000110A22798DF8062062798DF80720A27962
:10ABF0008DF80820E2798DF809208DF80B30227A43
:10AC0000A37A8DF80A208DF804108DF80C300922F3
:10AC100001A98C20FFF7F4FB04B010BDF22BDCD1AE
:10AC200041F60F50FFF78EFF41F22100FFF79EFF24
:10AC30000623D2E7237B8DF804300122E8E7E3897D
:10AC40008DF805301A0A8DF804200A4A237C137007
:10AC50008DF80630637C8DF80730A37C8DF80830C2
:10AC6000E37C8DF809300622D2E700BF20010308FB
:10AC7000078D0020058D002010B51346EFF31084DA
:10AC800072B60A4601460348FDF779F984F3108845
:10AC900010BD00BFECA2002073B5002640F6E20014
:10ACA0000196FFF741FE00F0FE01054640F6E20086
:10ACB000FFF76AFD40F6E500FFF736FE00F07F0182
:10ACC000044640F6E500FFF75FFD6FF07F40FFF7B9
:10ACD000E9FB04220DEB020140F61900FFF7CCFF5F
:10ACE0003046FFF7B3FB294640F6E200FFF74CFD84
:10ACF000214640F6E500FFF747FD019802B070BD20
:10AD000010B51346EFF3108472B60A4601460348A5
:10AD1000FDF723FA84F3108810BD00BFECA20020D9
:10AD20000A4601460020FFF7EBBF10B51446FFF7B7
:10AD3000F7FF2046BDE81040FFF79EBB10B5134655
:10AD4000EFF3108472B60A4601460348FDF738FA5D
:10AD500084F3108810BD00BFECA20020F7B50D46AB
:10AD6000064600240DF10701284617468DF80740D6
:10AD7000FFF7ACFE2A78BA4207D89DF807003146A3
:10AD8000FFF7DCFF204603B0F0BD0120FBE70129FF
:10AD900008B5034608460ED1012B07D10420FFF762
:10ADA000D3FD0220BDE808400FF074BC022B14BF95
:10ADB00008460320F6E70120F4E738B504460FF013
:10ADC0008BFC50B1022814BF01250225284602221F
:10ADD0002146FFF739FE284638BD0F2CCCBF02258F
:10ADE0000125F3E701207047014B01201B6818473C
:10ADF000088D0020014B02201B681847088D002099
:10AE0000014B40201B681847088D002011B1012913
:10AE100004D07047044B1B6880201847024B4FF446
:10AE200080701B68F9E700BF088D0020024B4FF4CB
:10AE300000701B68184700BF088D0020014B2020C0
:10AE40001B681847088D0020014B04201B68184719
:10AE5000088D0020014B08201B681847088D002032
:10AE6000014B10201B681847088D002068B1084A64
:10AE7000002352F83310814203D902EBC30318793F
:10AE800070470133162BF4D1FEE71F20704700BF37
:10AE9000842C030873B51D4B0193064640F607004A
:10AEA0000D46FFF741FD02AAC0F3C103134413F896
:10AEB000044C00F00703013B04FA03F3144CB4FB09
:10AEC000F3F4B4FBF6F007281DD8400003288CBF2C
:10AED000022304234FF4D6605C43FFF725FD0002F4
:10AEE00000F4706640F2B160FFF71EFD30430305C9
:10AEF00044BF6FEA00506FEA105063094343DB110F
:10AF00002B6002B070BD0123E4E700BF04080A0C07
:10AF10000048E8014FF0FF3070474FF0FF307047B6
:10AF20004FF0FF3070477047002070470020704797
:10AF300070474FF0FF3070474FF0FF307047704759
:10AF400070477047024B00221A60024B1B6818477B
:10AF50000C8D002088320308F8B5044617460846D1
:10AF60001E467CB173B1084B00255B6A256098478B
:10AF7000069B60602581A572E6602361E7726561CA
:10AF80002846F8BD0120FCE78832030800B1407A6A
:10AF90007047000010B5034CE3699847A36ABDE809
:10AFA000104018478832030870B5064DEB69064615
:10AFB00098476B6A044630469847AB6A201ABDE84A
:10AFC0007040184788320308054A0346106800B9E4
:10AFD0007047984201D04069F9E70120704700BFEF
:10AFE0000C8D002038B505460C46FFF7EDFF68B123
:10AFF000074B9B6998472B680246984298BF9B1A5B
:10B000004FF000008CBF2060236038BD0120FCE7BA
:10B01000883203082DE9F3410B4E336A0446984702
:10B020000123B7692372D4F800800546B847284445
:10B03000804502D2B84705442560B3682068019373
:10B0400002B0BDE8F04118478832030870B520B35C
:10B05000EFF3108672B6124D2B680122827253B143
:10B060000022984242720FD1446902723CB12046DC
:10B070002C60FFF7CFFF86F31088002070BD094BCE
:10B08000DB6898472C60F6E71A465B69002BF2D024
:10B090009842F9D143695361EDE70120EEE700BF23
:10B0A0000C8D00208832030810B5094B1B685A69C3
:10B0B000596911B95861416108E0046811688C420E
:10B0C00002D913465269F3E75861426110BD00BFCF
:10B0D0000C8D0020044A13680BB1002119724361E2
:10B0E0001060FFF797BF00BF0C8D00202DE9F041E5
:10B0F000044600282DD0FFF767FF50BB657A45BB9B
:10B10000EFF3108872B6144E6768336A9847874227
:10B110002CBF27602060114FA5724FF480732381EC
:10B120003B684BB9336998472046FFF7D3FF88F354
:10B1300010882846BDE8F081B36998472368184411
:10B140003B6820601B6898422046EED3FFF7ACFFB7
:10B15000EDE70125EDE700BF883203080C8D0020E4
:10B1600010B5044608467CB1084B5B6A984760609E
:10B170002046FFF729FF40B12046FFF767FF204632
:10B18000BDE81040FFF7B2BF012010BD88320308B0
:10B190002DE9F041EFF3108772B61D4E1D4D736916
:10B1A00098473369044698472B684BB94FF000081D
:10B1B0002B688BB9286828BB87F31088BDE8F0811D
:10B1C000011B241A1A688A428CBF121900221A60C5
:10B1D0005B69002BF6D1E9E71C681CB1B36998479D
:10B1E0008442E7D22C6863692B60A4F80880D4E914
:10B1F000033098476389B3F5807FD9D12046FFF7A4
:10B2000075FFD5E7037A002BD6D1FFF703FFD3E70D
:10B21000883203080C8D00200244904200D1704710
:10B2200000F8011BF9E70000094901FB00F310B524
:10B2300002469B0D00203D241BB93C2A88BF0130EB
:10B2400010BD04FB1322184401FB02F39B0DF3E72E
:10B25000970C010070B544F2444505FB00F31B0D4B
:10B2600000243C2633B93B2884BF01343C381060AD
:10B270000C6070BD06FB13001C4405FB00F31B0DA6
:10B28000F0E782B082B00DF1080C0CE90600BDF8C1
:10B29000042003930B44BDF810100A4491B212B27B
:10B2A000B2F57A7FA2BFA1F57A72013312B20360C0
:10B2B000828002B002B0704782B082B00DF1080CFB
:10B2C0000CE90600BDF804200393CB1ABDF810105A
:10B2D000521A91B212B2002ABEBF01F57A7203F17E
:10B2E000FF3312B20360828002B002B070470000E8
:10B2F00030B585B0114D6B4683E8030000230293FF
:10B30000ADF80C3003A82B699847009BBDF80440AA
:10B310000290181ABDF80C30E41AA3B224B2002C23
:10B32000BEBF03F57A7400F1FF3024B22B68984752
:10B33000AB682046984705B030BD00BF74320308A3
:10B3400073B5114E002305460093ADF8043001A8F3
:10B3500033699847F36800909847736804469847A4
:10B36000009B1844BDF8043023449AB21BB2B3F5D5
:10B370007A7FA2BF0130A2F57A731BB228602846FB
:10B38000AB8002B070BD00BF7432030837B5002334
:10B390000093ADF80430074B04461B6901A8984799
:10B3A0006D46009095E8030084E80300204603B052
:10B3B00030BD00BF7432030837B50F4D02AB03E94F
:10B3C0000300EB6898476B6804469847BDF8043063
:10B3D000009A1B1B99B21BB2002BA2EB0002BEBF4E
:10B3E00001F57A7302F1FF321BB24FF47A7000FB61
:10B3F000023003B030BD00BF743203082DE9F041C4
:10B400004FF47A75B1FBF5F5C5EB4513DFF83C80D9
:10B4100005EB8303A1EBC3039CB2D8F80C300646BE
:10B420009847D8F8043007469847E3199AB21BB2F8
:10B43000B3F57A7F0544A2BFA2F57A7301351BB23A
:10B440003560B3803046BDE8F08100BF7432030838
:10B45000F0B5434B04460E460FCB89B008AD05E965
:10B460000F004048404A2044430C03EB9043002720
:10B47000002B54D13D4B984284BFA0F5A830A0F5D5
:10B48000C07003AA01A988BF0137FFF7E3FE9DF84A
:10B490000C303360019802A9FFF7DCFE9DF80C30F8
:10B4A00073609DF80830B360314B45F6DE0503FB51
:10B4B00007556D0E40F2B5546C430334A7EB94046A
:10B4C00015F00307F46141D13B2C2FD86000FFF742
:10B4D000ABFE05EB85020134264B3061033204EBF1
:10B4E000A20202FB03335B0DC3EBC303D31AB361A8
:10B4F00008AB03EB8707420057F8103CD34003F03A
:10B5000003031C443D2358430130A4EB6000443541
:10B510004FF0FF33F0607561336209B0F0BD02FB9C
:10B5200013001F44430C03EB9043A1E7D42C06D82F
:10B53000A4F13C004000FFF777FE0230C9E7A4F118
:10B54000D5004000FFF770FE0730C2E73A2CBDD9A6
:10B55000D32C02D8A4F13B00ECE7A4F1D400F0E72F
:10B560003401030880B8C303805101007F510100FA
:10B57000DB660100499204002DE9F04F97B00029E5
:10B580008046039140F31181044603991578A4EB9A
:10B590000800013925B90023237017B0BDE8F08FEA
:10B5A0008842F8DA252D04D004F8015B1646721C97
:10B5B000EBE792F801E0AEF1300CDCF1000702F1AC
:10B5C0000106AEF1300247EB0C07092A29D83046B4
:10B5D00000254FF00A09064610F8012BA2F1300CA5
:10B5E000BCF1090F19D93278692A00F0A2801BD862
:10B5F000632A28D0642A00F09C80582A5ED0252A2D
:10B6000019D13278002A00F0988004F8012BA4EBBD
:10B6100008028A4280F28F80C9E709FB0525303D88
:10B62000D9E74FF0FF35DEE7752A00F08480782AED
:10B6300046D0732A1DD0252204F8012BA4EB080262
:10B640008A4278DADDE7611E2A462020013A002A84
:10B650000CDC002D05F1FF32D8BF0022224453F844
:10B66000041B1170D8BF01252C44A0E701F8010F7D
:10B67000ECE799464E4B59F8047B002F08BF1F4654
:10B680003846EAF787FD234661194FF0200CCA1AA5
:10B6900090420CDB2B1A8542B8BF00231C440023C8
:10B6A000834207DB0028A8BF24184B467FE703F836
:10B6B00001CBECE7FA5CE2540133F1E747F04007D5
:10B6C0001020DFF8F090DFF8F0C017F0400F08BF4F
:10B6D000CC46BEF1300FCDF804C0A4EB08020CBF7D
:10B6E0004FF0300C4FF0200CBF07A1EB0202CDF859
:10B6F00008C053F8041B22D5002920DA4942013D35
:10B700004FF02D0C05AF009700278946DDF804A007
:10B71000B1FBF0F100FB119B48451AF80BB0DDF8C6
:10B7200000A00AF801BB07F10107CDF800A0ECD991
:10B730000EE047F002070A20C3E7013E67E711B1B8
:10B740004FF0000CDEE730208DF814008C46012706
:10B75000BEF1300FA5EB070504D02020002D05F128
:10B76000FF3509DCBCF1000F04D0013A04F801CB2D
:10B770003FF41DAF25440AE0013A04F8010BEDD176
:10B7800015E7029904F8011B013A3FF410AF291B99
:10B790000029F6DC05A92244013FFFF408AF785CDC
:10B7A00004F8010B9442F7D101E70020F5E600BF51
:10B7B000342D0308602D03083B2D0308704700005B
:10B7C00030B590F82C30012B4FF0020223D01A4BE9
:10B7D00080F82D20CA25012480F82C40B1F5807F07
:10B7E0005D624FF053055D6217D19A6922F4885269
:10B7F0009A615A6C22F000425A64026B22F00102F4
:10B800000263DC650C4BFF225A620123002280F8A0
:10B810002D3080F82C20104630BD996921F4085154
:10B820009961D96C21F00041D964016B21F00201CA
:10B830000163DA65E6E700BF0028004070B50B4EF3
:10B84000036B756D1D40EA07044603D50123F365BC
:10B850000EF0CAFEAB0704D50223F365204600F0C4
:10B86000CDF9012384F82D3070BD00BF00280040C1
:10B8700038B50A4CE36823F02003E360F9F794FC41
:10B880000546E3689B0601D5002038BDF9F78CFC1E
:10B89000401BB0F57A7FF4D90320F6E7002800407A
:10B8A0002DE9F041114DEC6814F0400407461AD11F
:10B8B000EB6843F08003EB60F9F776FC4FF0030888
:10B8C0000646EB685B0601D4032C02D12046BDE896
:10B8D000F081F9F769FC801BB0F57A7F84BF87F8A7
:10B8E0002D800324EDE70024F0E700BF002800408E
:10B8F00010B5104BDA6822F08002DA609A6992067D
:10B90000044606D4FFF7B4FF10B1032084F82D00DD
:10B9100010BD9A6922F020029A61FFF7A9FF10B1C9
:10B92000032084F82D00034A936943F020039361B8
:10B93000EEE700BF0028004038B50446002847D095
:10B9400090F82D3003F0FF021BB980F82C20FFF790
:10B9500035FF204D022384F82D30CA236B62532318
:10B960006B622046FFF79CFF70BBAB6923F08E63D0
:10B9700023F04003AB6121696368AA690B43134359
:10B98000A2691343AB61D4E9022343EA02432B616A
:10B99000D4E90931EA680B4322F4F8521343EB600F
:10B9A0002046FFF7A5FF78B9D4E90713AA690B432E
:10B9B00022F06042134362691343AB61FF236B6261
:10B9C000012384F82D3038BD024BFF225A62FAE77A
:10B9D0000120F8E7002800400023092803D840EAA6
:10B9E0000310C0B270470A380133C0B2F5E7000057
:10B9F0002DE9F04790F82C30012B05464FF002005E
:10BA000068D0012385F82C304D4B85F82D00DE6879
:10BA100006F44076B6F5807F77D04C69087891F8C7
:10BA2000018091F802A091F82470002A54D19A69FB
:10BA300012F0400208BFCA70FFF7CEFF81464046B1
:10BA4000FFF7CAFF80465046FFF7C6FF82463846DA
:10BA5000FFF7C2FF0A6ACB78224342EA835242EAE6
:10BA60000A0343EA094343EA082343EA0063344AEA
:10BA7000CA20506253205062886AB0F5807F906976
:10BA800045D120F4885090610120D065B6F5807FC3
:10BA90000DBFD1E9063013648B6903435364284B0F
:10BAA0004A681A672A6B42F001022A639A6942F4D3
:10BAB00088529A61234AD2F8803043F40033C2F8A6
:10BAC00080301F4BFF225A620020012385F82D3061
:10BAD00085F82C00BDE8F087B4F1803F07D0B4F5BD
:10BAE000000F04D09A6912F0400208BFCA700A6AB7
:10BAF000144344EA0A0444EA0043C87843EA0823AA
:10BB000043EA805343EA0763B1E70023AFE720F439
:10BB1000085090610220D065B6F5807F0DBFD1E955
:10BB2000063093648B690343D364054B4A685A67B4
:10BB30002A6B42F002022A639A6942F40852B8E77B
:10BB4000002800400008005810B590F82C20012A69
:10BB500003464FF0020014D00A4A83F82D00012456
:10BB6000CA2183F82C40516253215162916941F0FE
:10BB7000200191610020FF21516283F82D4083F85C
:10BB80002C0010BD0028004010B590F82C20012A90
:10BB900003464FF002001BD00E4A83F82D0001240B
:10BBA000CA2183F82C4051625321516291690A489D
:10BBB00041F080019161D0F8801041F48021C0F8FB
:10BBC0008010FF210020516283F82D4083F82C0063
:10BBD00010BD00BF002800400008005810B5064BFB
:10BBE0005A6D5206044603D54022DA650EF0FEFC7B
:10BBF000012384F82D3010BD0028004070478900D3
:10BC000001F1804101F531410A607047890001F17D
:10BC1000804101F53141086870470000044B054A36
:10BC200093F8A831022B18BF062382F88834704796
:10BC300094920020148D0020034BD3F8483313B1A5
:10BC4000DB6803B118477047148D0020034A13784E
:10BC500043F002031370FFF7EFBF00BF108D002009
:10BC6000034A137843F008031370FFF7E5BF00BFE2
:10BC7000108D0020034A137843F004031370FFF77C
:10BC8000DBBF00BF108D0020074BD3F8402322F408
:10BC90008072C3F8402393F8892442F0100283F89D
:10BCA0008924FFF7C9BF00BF148D00202DE9F041A2
:10BCB00016461D4680460F46FFF76CF9084A094CA8
:10BCC0001378278123F0110343F011031370C4E9A3
:10BCD000000866812573BDE8F041FFF7ADBF00BFE6
:10BCE000108D0020749B00201FB5094B8DF80900B2
:10BCF00093F88C208DF80A2093F858000D2202A9A1
:10BD00008DF8082005F03EFEC0B205B05DF804FBDA
:10BD10009492002010B5174C94F8C92194F8503033
:10BD2000012A4FF0010294BF84F8D52184F8D7216D
:10BD3000013394F8C821DBB29A4284F850300DD810
:10BD40000D48FFF723F910B10B48FFF77FF90023E7
:10BD500084F85030BDE81040FFF76EBF074CD4F8B0
:10BD6000DC1404F2BC40FFF7FBF904F2BC40FFF71F
:10BD7000BDF9EFE794920020D0910020148D0020AF
:10BD800008B50948FFF702F910B10748FFF75EF957
:10BD9000064B93F8162412B1012283F81524BDE84E
:10BDA0000840FFF749BF00BF10910020148D00200C
:10BDB00010B50C4CD4F8403343F08003C4F8403342
:10BDC00094F8163413B10020FFF7DAFF94F88934A1
:10BDD00023F0120343F0120384F88934BDE81040C5
:10BDE000FFF71CBF148D00202DE9F0414F4C90B09F
:10BDF00008B984F8C001B4F8DC30A4F8483094F8ED
:10BE0000B93084F879304A4B4A4ED3E9100183E8BF
:10BE10000300D3E9120103F1080282E80300B4F839
:10BE2000CC20A4F88C20D4F8D420C4F89420D4F8E2
:10BE3000D820D4F8D010C4F8982000254FF001087D
:10BE400003F5407203F54573C4F89010A56384F8B8
:10BE5000AB51A4F8B08184F84A5084F8AD5184F80D
:10BE6000AE51C4F8C451A4F8C85103A9C6F8E454AB
:10BE7000A6F8145486F81654C4E9735594F858007B
:10BE8000A4F8D65104932C4B84F8D5510392059312
:10BE90008DF8188005F0CAFDE36FC6F8D83394F822
:10BEA0008D3086F8E43386F8D45394F8C03186F8A0
:10BEB000E73306F575770FCF06F57A740FC486F869
:10BEC000E55386F8E6833B682360022386F8FA335D
:10BED000D6F8483386F81754CDE9015586F8F9832A
:10BEE0001BB15A68DB6801920293144B0793A3F1CC
:10BEF0004C020892A3F114020992114A0B922133C9
:10BF00000A93A2F18C030C93A2F188030D93131DE5
:10BF10000E9301A902F1DC0307A802F254720F93F9
:10BF200003F07AFC10B0BDE8F08100BF94920020CD
:10BF300010930020148D0020E49A00207C910020B2
:10BF40007893002013B5FFF725F80A4B6C4618606C
:10BF50002046FFF7F5F994E80300074A074B83E80A
:10BF60000300137843F02003137002B0BDE81040C3
:10BF7000FFF762BE849B0020108D00204C900020B3
:10BF80002DE9F041DFF8B48098F8A831022B06467D
:10BF90000D4602D02A4BDB6A984703F079FD044630
:10BFA00028B1022003F0A0FD002003F081FA98F8E8
:10BFB000A831012B17D103F07BFD074630B10020DB
:10BFC00003F068FC002003F049FA3C4603F07AFDD8
:10BFD00048B1002003F064FC002003F049FABDE8FA
:10BFE000F041FFF71BBE002CF9D1164C94F88824C1
:10BFF00094F81634DAB90BB184F84164304604F091
:10C00000B3FCD8F83C00FEF7CFFFD4F8BC3398421D
:10C01000E5D30D48FEF7BAFF10B10B48FFF716F84D
:10C0200094F8893443F0100384F88934D7E70BB1CE
:10C0300084F84154284604F097FCF1E794920020DC
:10C04000002C0308148D0020B490002073B5154C0B
:10C05000154D04F57A76EB6D95F8602095F988100A
:10C0600095F85800009605F070FD022384F8FA3325
:10C0700095F8C03184F8FB3395F85800012304F596
:10C080008462314684F8F93305F092FD38B1074BEC
:10C0900000205B6B984794F8FA3384F8883402B038
:10C0A00070BD00BF148D002094920020002C030866
:10C0B000F8B53B4C94F8A861012E05465DD0022EE0
:10C0C00062D066B938B9D4E91F0104F1840383E86A
:10C0D00003000020F8BD01284FD0022801D0032022
:10C0E000F8E7304F84F8A80107F5757EBEE80F0029
:10C0F00007F57A7CACE80F00DEF80030CCF80030B1
:10C1000087F8FA53234693F8E92082B393F8002185
:10C11000022A2CD1302303FB0646D6F80431C4F89A
:10C120008430C7F8EC3394F88D3096F8082187F8FE
:10C13000F833032384F8882087F8FA3397F8172414
:10C1400087F8E823012387F8F933002387F81634AA
:10C15000154BDB6A9847FFF779FF94F8BE31002B47
:10C16000B7D012490122202004F074FAB1E7013659
:10C17000042E03F13003C6D1E7E703F0B3FE002835
:10C18000A8D184F8A851A5E70028A8D1054B84F8C8
:10C19000A801062283F88824034BDB6A9847DCE772
:10C1A00094920020148D0020002C03083C94002061
:10C1B000F8B505460C46FEF7E9FE10B12846FEF735
:10C1C00045FF0A4F0A4D0B4E3B6B984796F85800B7
:10C1D00005F58462214605F0EBFC28B17B6B706E9F
:10C1E0009847A37C85F88834F8BD00BF002C03086D
:10C1F000148D0020949200200E4890F8173480F897
:10C20000C0330D4B93F8792080F8C32393F88D2029
:10C2100080F8D02393F8C03180F8D333002280F81F
:10C22000D12380F8D22300F5707100F56270FFF71A
:10C23000BFBF00BF148D002094920020104890F8DA
:10C240008834DBB190F8173480F8D4330D4BDA6FB3
:10C25000C0F8D82393F88D2080F8E423002280F8DA
:10C26000E52393F8C03180F8E733012280F8E62314
:10C2700000F5757100F56870FFF79ABF704700BF51
:10C28000148D0020949200202DE9F04F91B04FF0D2
:10C290000008012B05460F4602928DF81180ADF87B
:10C2A000148005D8C64EC14606F28C4BB94502D360
:10C2B00011B0BDE8F08F15F8090004F0CDFA48443C
:10C2C000B842F5DC15F8093009F10104013BE4B28C
:10C2D0001F2BEDD801A252F823F000BF5DC3010867
:10C2E00089C30108B9C30108CDC40108F9C4010814
:10C2F00099C50108C9C501083DC6010869C60108FC
:10C3000015C70108F9C6010875C701088BC80108DF
:10C310009DC7010805C8010857C901087DC9010862
:10C32000C1C90108FFC90108B1C20108B1C20108B1
:10C33000B1C20108B1C20108B1C20108B1C201080D
:10C34000B1C20108B1C20108B1C20108B1C20108FD
:10C35000B1C20108B1C201086FC80108994B2A5D3A
:10C3600093F8BE3109F102099A425FFA89F900F2A5
:10C37000C18007A9012004F0F7F9002840F0BA8035
:10C38000079804F0C7F9B5E0052004F009FB88B16F
:10C390000521002004F0D6FA2B5D86F85C3409F103
:10C3A000030409F102095FFA89F9E4B215F80930CA
:10C3B00086F85D34A14679E700238DF812308DF8B8
:10C3C00013308DF818308DF82030B8F1000F78D187
:10C3D000DFF8F0814FF0050A98F88C208DF83920AD
:10C3E000631E98F849208DF83B202B4498F848208C
:10C3F0000D938DF83C2098F8AA3198F878208DF8A4
:10C400003D20D8F8BC218DF83A300C92DBB17B1C72
:10C410001B1BDBB28DF8383008AB019306AB0093E1
:10C4200098F858000DF113030DF112020CA905F054
:10C4300017FC98F8AA318DF8110033B98DF8113036
:10C440004FF0000922E00523E4E700F00700072889
:10C45000F6D198F949209DF9123088F849309A426E
:10C460009DF8133088F84830B8BF01229DF8183085
:10C47000B8BF88F8AD2188F87830E1E701220DF1E6
:10C480001101032004F0E6F809F101095FFA89F2CD
:10C490009DF82030B3FBFAF19142EFD81C44E4B28E
:10C4A00004F1FF395FFA89F94F4506D915F80930CB
:10C4B000032B91D0A74298BFA1464C464FF00108EC
:10C4C00078E709F105095FFA89F9F6E72B5D3D493F
:10C4D00003F00F03012281F8AB3109F1020902FADE
:10C4E00003F3A1F8B0315FFA89F9002205A904200D
:10C4F00004F0B0F84C465DE707238DF811302B5D52
:10C50000DFF8C0A0C3F3021203F00F030F2B8DF866
:10C51000303004BF9AF880308DF830308DF83120FB
:10C5200009F1050409F1020209F1030309F1040903
:10C53000DBB25FFA89F9E95C15F809309AF858001E
:10C54000D2B21B04AA5C43EA01231343642253437F
:10C550000CA90D9305F0C4FB00F00703072BE4B210
:10C560008DF8110010D19DF830309DF831208AF8F7
:10C5700080308AF888300D9BCAF87C30CAF8843045
:10C580008AF87920C6F8EC338DF81400012205A949
:10C59000052004F05FF80DE7D6F848336BB11B684F
:10C5A0005BB19847029B8DF8140003F03F038DF8B0
:10C5B0001530022205A90620EBE7FF20F2E700BFB5
:10C5C000148D00209492002003238DF811302B5DF0
:10C5D0008DF824300CAB089309F1040209F1030330
:10C5E000DBB2D2B2E95CAB5C09F10202D2B21B044D
:10C5F000AA5C43EA0123134309F10604642209F10A
:10C60000050953435FFA89F90C9300230D9315F83C
:10C6100009308DF83830CA4B08A993F8580005F056
:10C6200083FBC3B20028E4B28DF81130FFF6C2AE2E
:10C630008DF81430012205A90720AAE72B5D03F02D
:10C640000F03012B4FF47A7238BF01235343BC4AC6
:10C6500009F10209936603F57A73D3665FFA89F9E3
:10C66000002205A9082043E72B5DB54C00228DF878
:10C67000182013F0200218BF01228DF81920DA06C5
:10C6800048BF012203F00F0394F8580048BF8DF80B
:10C69000182006A98DF81A3005F081FB09F102096E
:10C6A00001305FFA89F93FF425AF9DF81930A54AAA
:10C6B00084F88D309DF81A309DF818A0D05C84F86D
:10C6C0008CA0EAF70FFB0223C4F890000CA994F8A1
:10C6D00058008DF830308DF832A005F053F994F9F8
:10C6E0004930089040B29842B8BF184684F84900D3
:10C6F000002205A90920FBE6914B2A5D93F8BE3183
:10C7000009F102099A425FFA89F93FF6F3AE07A9E7
:10C710000B2030E603238DF811302B5D8DF830307F
:10C7200009F1040209F10303DBB2D2B209F10504F5
:10C7300009F10209E95CAB5C5FFA89F91B0415F8A1
:10C74000092043EA01231343642253430D937C4B96
:10C750000CA993F8580005F046FBC3B20028E4B2D8
:10C760008DF81130FFF626AE8DF81430012205A9A0
:10C770000A200EE72A5D724802F00F010123120918
:10C7800003FA01F109F102049340A0F89A10A0F80D
:10C790009830E4B2002205A90C20FAE62B5DDFF800
:10C7A000A0A1039303F007028AF8C82109F102024D
:10C7B000D2B20020A95CC1F302118AF8C911AA5CA7
:10C7C000202102F00F028AF84920F8F741FC039B70
:10C7D000C3F3C2022023934018440023C6F8DC347C
:10C7E0008AF85030584B98429CBF4FF47A735843A4
:10C7F00009F1030498BFC6F8DC040020E4B2FFF797
:10C8000089FAD7E52B5D00201A090A3201218DF83B
:10C8100014004D4801FA02FC09F102048445E4B217
:10C8200021DC03F00F03043345488DF8141001FA9E
:10C8300003F39BB2C0F8C4314FF47A73C0F8CCC193
:10C8400003FA02F25846C6F8D424FEF79FFB10B153
:10C850003E48FEF7FBFBD6F8D4143C48FEF780FCBC
:10C860003A48FEF743FC012205A90F2091E609F1A1
:10C87000020407A92020E4B203F076FF00287FF429
:10C8800099AD079803F046FF94E5092004F088F875
:10C8900000285DD00921002004F054F80023ADF8F1
:10C8A000263009F1030209F10203DBB2D2B2E95CDE
:10C8B000AB5C2A5D1B0443EA0123134309F1040224
:10C8C000D2B209F1060409F10509AA5C5FFA89F9F7
:10C8D00043EA026315F8092003934FF47A714A433F
:10C8E0000DF1300A12125046ADF82420FEF728FD53
:10C8F000039B03F1965303F5A91303F5EC53089337
:10C90000D6F83C3300930DF1200999E80600D6F8DB
:10C9100038330AA8FEF7D0FC0B9B00939AE8060078
:10C920000A9B4846FEF7ADFC99E80300FEF7E0FCE1
:10C9300003F0E2F90123E4B286F838343AE500BFA7
:10C9400094920020852D030837894100A091002092
:10C9500086F838042EE50C2004F022F800283FF475
:10C9600029AD0C21002003F0EDFF96F88834043B3C
:10C97000012B7FF61FAD03F02BF91BE509F1020334
:10C9800009F10302D2B2DBB2295DE85CAB5C09F1CC
:10C99000050409F104095FFA89F91B0443EA00233D
:10C9A00015F809000B436421594300F00F0003F010
:10C9B00021F9E4B28DF81400012205A91120E8E55F
:10C9C0000D2003F0EDFF00283FF4F4AC0D21002012
:10C9D00003F0B8FF09F10203DBB2174AE85C2B5DF4
:10C9E000126809F1040409F103095FFA89F943EABD
:10C9F000002015F80910E4B203F044F9DAE4285DE8
:10CA000009F1020309F1040409F10309DBB25FFA39
:10CA100089F9EA5C15F809301B0443EA0223034351
:10CA20006420584303F0C4F9E4B28DF814000122E5
:10CA300005A91320ADE500BF749B002037B5214C3C
:10CA4000D4F8C43113B1E36C0133E36494F8BE311C
:10CA50001D4DCBB101A90B2003F086FEA0B9B4F89F
:10CA60005230B4F8982001339BB29A42A4F8523065
:10CA70000AD195F8893484F8C00143F0080385F899
:10CA800089340F2385F8683495F88934990703D5DC
:10CA900095F82D34012B07D994F8AA3123B1A36B53
:10CAA0005A1C18BF0133A3630023A5F8143485F87A
:10CAB0001634D5F8403323F00203C5F8403303B0F1
:10CAC00030BD00BF94920020148D002038B511486D
:10CAD000FEF75CFA10B10F48FEF7B8FA0E4D0F4A98
:10CAE000D5F8D0310E4C93429EBF4FF47A72534327
:10CAF000C4F8D834FFF7A0F80123D4F8D8140548B7
:10CB000085F8D631FEF72CFBBDE838400148FEF72A
:10CB1000EDBA00BFB89100209492002037894100FF
:10CB2000148D002038B51148FEF730FA10B10F48C7
:10CB3000FEF78CFA0E4D0F4AD5F8CC310E4C9342CD
:10CB40009EBF4FF47A725343C4F8D434FFF774F89D
:10CB50000123D4F8D414054885F8D531FEF700FB3D
:10CB6000BDE838400148FEF7C1BA00BFA0910020DF
:10CB70009492002037894100148D0020094BD3F88E
:10CB80004023012A0AD008490978C90708D43AB9CC
:10CB900093F88A04013818BF0120704700207047BD
:10CBA00001207047148D0020108D002007B5002350
:10CBB00001A8019303F012FE054B93F94900FFF71A
:10CBC00093F8019BC01A80B203B05DF804FB00BF6C
:10CBD000949200202DE9F347504CBDF828A01E1E6A
:10CBE0004FF0000508BFAA4680460F4691463146E1
:10CBF000524604F59C70CDE90055258084F8165402
:10CC0000F8F733FA5FFA8AF284F8372298F800309E
:10CC1000A37098F800305B09042B07D0072B6ED067
:10CC2000022B06D0022002B0BDE8F087012384F871
:10CC30001634042384F80431394DC4F80851FF2315
:10CC400084F80C31374E98F8003084F80D31D6F85E
:10CC5000E43084F82891C4F810313B7884F814311A
:10CC6000684605F59B7384F83021C4F82C3104F034
:10CC70001BF9002850D1009BA4F8440401A8A4F893
:10CC80001631C4F84C3403F0A9FD08B11320CAE7EB
:10CC9000019B0BB90020C6E796F94900FFF724F87D
:10CCA00094F83732DBB1019B0F2B0FD805F58B724F
:10CCB00001A90F2003F09EFD0028E7D13B78019ADF
:10CCC00062F303033B7084F81431ACE705F2FE42D3
:10CCD00001A903F08FFD0028D8D10A20A3E705F2AF
:10CCE000FE452A4601A903F085FD0028CED1019B0F
:10CCF00084F82801C4F82C5184F8303193E7002ED1
:10CD0000C8D0002AC6D03146E01CF8F7AEF994F836
:10CD1000373201332380BDE7122084E7148D0020D1
:10CD2000168D00209492002070B54C4D4C4C86B06E
:10CD300000238DF8033095F849308DF8093095F8C7
:10CD400048308DF80A30D5F890300393D5F89430F8
:10CD5000049323888DF808000646ADF8143095F842
:10CD6000580004F583630DF1030202A904F045FFA6
:10CD7000012384F8413495F8493084F842349DF811
:10CD8000033084F84334D4F81834C4F85064C4F839
:10CD90004834C4F8583402F0C9FEB0B995F8A83147
:10CDA000012B01D103F04CF803F06EF8002301933E
:10CDB00094F8043195F9495094F81764042B0CD871
:10CDC000DFE803F00E2E320B3600D4F8180403F01F
:10CDD00011F80028E2D0102000E0032006B070BD5A
:10CDE000204804F0BDF8002833D194F80C3123809A
:10CDF000D4F840331C48217843F00203C4F8403390
:10CE000094F814340133DBB284F8143484F84534D4
:10CE1000164B00259B6AC4F8E45498472846DDE782
:10CE2000104804F0F1F8DEE70E4804F019F9DAE7EB
:10CE300001A804F039F870B994F8143413B1019BC7
:10CE4000013B0193074B01983246E9B204F032F9F5
:10CE5000C9E71120C2E71220C0E700BF949200206A
:10CE6000148D00201C8E0020168D0020002C03083D
:10CE70002DE9F0418EB0064602F00AFE002840F08F
:10CE8000E180724C94F8A831012B0CD0236C704DCA
:10CE9000ABB195F80431042B00F2D680DFE803F043
:10CEA000171D21D4250002F003FE18B10F200EB08B
:10CEB000BDE8F08102F006FE0028E7D0F6E7B4F8FE
:10CEC000B031D5F81824013B53432364E1E76148AE
:10CED00004F043FC68B11120E9E75E4804F071FCFE
:10CEE000F8E75C4804F0A5FCF4E75A4804F0D9FCE4
:10CEF000F0E795F80C312B80236C08930DF118089E
:10CF000094F849308DF82830404694F8AC318DF8CB
:10CF10002A30FEF73BFAD4F8B831009302AF98E814
:10CF20000600D4F8B4313846FEF7C6F997E8030096
:10CF30000BAB83E80300E36B099300238DF83430D7
:10CF40002B88ADF8363094F8C03101228DF82920B5
:10CF50001BB98DF834208DF829303F4B00933F4B9F
:10CF600094F85800A3F1C90208A904F09CFFA0B1ED
:10CF70000B289CD1D5F8E01479B1002E97D0D5F8C4
:10CF80004033374843F02003C5F84033FEF7E8F854
:10CF90003348FEF7ABF8002089E794F8587094F90D
:10CFA000793094F9492094F88D102E4E384604F0CB
:10CFB000AEFFE36D94F86020009641B21436384617
:10CFC00004F0C3FDE36D94F9801094F858000096C6
:10CFD00094F8602004F0B9FDD5F8CC63A36ED5F8C1
:10CFE000E003E16E3344C5F8B83395F804310144E9
:10CFF000042BC5F8BC1307D0226F636F324403447F
:10D00000C5F8B823C5F8BC330023059394F8C031A4
:10D010007BB105A803F0E2FB90B994F9490095F8BB
:10D0200037629DF81470FEF75FFE3E4480B2B04256
:10D0300004D395F81704FFF777FE38E7082036E7A2
:10D04000132034E70E2032E7032030E794920020CB
:10D05000148D00201C8E0020D4920020F49100201A
:10D0600084900020D490002010B51A48FDF78EFF60
:10D0700010B11848FDF7EAFF174CD4F84033D4F844
:10D08000E40423F02003C4F8403348B1FDF78CFFDB
:10D09000B0F5FA5F04D9114B002283F84A2010BD85
:10D0A0000120FFF7E5FE0028F9D00B28F7D00B4B45
:10D0B00093F8493084F84234092094F8143484F801
:10D0C000453484F8410403F04FFCBDE81040FFF7FD
:10D0D000B5BC00BF84900020148D002094920020E5
:10D0E0002DE9F0433B4C8BB01746994694F8C0218C
:10D0F000B4F84830B4F848800E46A16B0491054658
:10D100005BBA002A63D094F8AB2102B9226494F888
:10D11000AA014FF0000260F3C7128DF80C2094F8BA
:10D12000A821012A02BF9DF80C2042F010028DF8C0
:10D130000C2094F84A202AB19DF80C2042F02002DD
:10D140008DF80C20ADF8203094F878308DF822302E
:10D1500094F88C308DF8233094F858308DF82430C2
:10D1600004AB012200931C4B8DF81420D4F89820B6
:10D170008DF8150006910792A3F12F01A3F130025B
:10D1800005A802F0F5F89DF80C30CDF8009060F39A
:10D1900086138DF80C3032463B4603A92846FFF72C
:10D1A00019FD08B10A2803D10020FFF761FE20B164
:10D1B000A4F848800BB0BDE8F083049B84F84A00D3
:10D1C000A36303F0DFFA002818BF1320F2E707205B
:10D1D000F0E700BF949200200C930020022870B565
:10D1E000054601D027D868BB3A4B3B4C012283F857
:10D1F000D4210222D3F8E03084F80421A218C4F824
:10D2000008214CF2FF02A4F80C2184F80F311A0A0D
:10D210001B0C84F8102184F8113184F80E510CF0A5
:10D2200053FF0822014604F58970F7F71EFF04F545
:10D230008D71082029E0FF282DD00120BDE8704025
:10D24000FFF716BE244C234A012382F8D431A21CD6
:10D25000C4F808214CF2FF02A4F80C2184F8043130
:10D2600084F80E310CF046FF0822014604F20F103C
:10D27000F7F7FBFE0CF028FF0822014604F2171016
:10D28000F7F7F3FE04F59071092003F03BFE002848
:10D29000D3D0112070BD104E0020FEF709FF0024EE
:10D2A000B31CC6F8083186F80441A6F80C510CF0FE
:10D2B00021FF0822014606F58770F7F7D6FE0CF02D
:10D2C00003FF0822014606F58B70F7F7CEFE2046D5
:10D2D000B4E700BF94920020148D0020084B10B5D5
:10D2E000044608461146DB6B224649B29847054A78
:10D2F000D2F8403343F00203C2F84033002010BD9F
:10D30000002C0308148D00200346D0B1C9B1027B64
:10D3100012F00F0205D090F8200010B10020087024
:10D32000704793F8280010B901230B70704752B969
:10D3300093F8200008B90223F7E703230B70104687
:10D340007047032070471720704700002DE9F04F09
:10D3500089468DB090460746002800F0A681002936
:10D3600000F0A3810368002B00F09F814368002B2D
:10D3700000F09B818368002B00F09781C368002B2D
:10D3800000F09381104604F0F8FA002800F08F8135
:10D39000C94CCA4E384603F085FA4FF405620021A5
:10D3A0002046F7F776FE4FF4B06200213046F7F7DB
:10D3B00070FEC34BC4F8BC3104F55F73089304F5E9
:10D3C000647300254046099308A9BE4B84F8588031
:10D3D0000A9384F8A8518DF82C5004F027FB0E23F3
:10D3E00006A994F858008DF8183004F0CBFA401BC9
:10D3F00018BF01204FF00A0B84F8AC0106A994F87D
:10D4000058008DF818B004F0BDFA4FF0060A84F801
:10D41000DC0006A994F858008DF818A004F0B2FAC0
:10D420000F2384F8DD0006A994F858008DF8183011
:10D4300004F0A8FA1023C4F8A40006A994F8580030
:10D440008DF8183004F09EFA1123C4F8A80006A93C
:10D4500094F858008DF8183004F094FA1223C4F8A8
:10D46000AC0006A994F858008DF8183004F08AFA38
:10D470001323C4F8B00006A994F858008DF81830AA
:10D4800004F080FA1523C4F8B40006A994F85800F3
:10D490008DF8183004F076FA162384F8B90006A93E
:10D4A00094F858008DF8183004F06CFA1723C4F87B
:10D4B000BC00C4F8C40006A994F858008DF81830D0
:10D4C00004F060FAC0B21C2384F8C00084F8C800DD
:10D4D00006A994F858008DF8183004F053FA1D236B
:10D4E00084F8CC0006A994F858008DF8183004F0A0
:10D4F00049FA1E2384F8CD0006A994F858008DF847
:10D50000183004F03FFA1F23C4F8D00006A994F89D
:10D5100058008DF8183004F035FA0B23C4F8D40005
:10D5200006A994F858008DF8183004F02BFA0C2353
:10D5300006A9A4F8D80094F858008DF8183004F023
:10D5400021FAD4F8A4306366D4F8A830A366D4F8DE
:10D55000AC30E366D4F8B03005904FF00108A4F881
:10D56000DA0023672846D4F8B430636784F8B880BB
:10D57000C4F89CB084F8A0A0C4F85CB084F860A0A3
:10D5800084F8788084F8AF81FEF72EFC4E4B00952E
:10D590002A464FF0FF3106F55C70C6E9D179C4E93F
:10D5A0000F5584F8A98186F88954C6F84083FDF7A1
:10D5B000D3FC464B00952A464FF0FF3106F56270CA
:10D5C000FDF7CAFC424B00952A464FF0FF3106F5A5
:10D5D0006870FDF7C1FC3F4B00952A464FF0FF31C4
:10D5E00006F57F70FDF7B8FC3B4B00952A464FF0DF
:10D5F000FF3106F28C40FDF7AFFC384B00952A4610
:10D600004FF0FF3106F2A440FDF7A6FC02AF344B09
:10D6100000952A464FF0FF3106F2BC40FDF79CFC16
:10D620003846FDF7B3FE97E8030004F5DA7383E8A4
:10D6300003002C4B2C4F1D602C4BC6F84C332C4B4D
:10D64000C6F854332B4BC6F85C332B4BC6F850331B
:10D650002A4BC6F8583306F553703B68984704F5D3
:10D66000EE700CF04DFB20B1112528460DB0BDE841
:10D67000F08F204603F0F2FB0028F5D102F0DCFF2A
:10D68000B8B91F4803F056FC05460028ECD17B6969
:10D690009847F7F7D7FCBB6D94F8A9019847FB6A48
:10D6A0009847012386F88A34DFE70325DDE709255B
:10D6B000DBE71325D9E700BF94920020148D0020EA
:10D6C00000010101E49A002069D00108F9C10108B4
:10D6D0003DC2010881BD010825CB0108CDCA010862
:10D6E00015BD0108108D0020002C030845BF01085E
:10D6F000ADBC010875BC010861BC01084DBC010846
:10D700007C93002008B5034B0020C3F84003FEF7CC
:10D7100085FA08BD148D002010B5FFF72FFA0A4CCA
:10D7200060B90A4B93F8A831022B02D1084BDB6A8F
:10D7300098470123C4F84033002010BDD4F84003BB
:10D74000013818BF0120F8E7148D002094920020C2
:10D75000002C030870B52D4B8AB0054693F8DD0008
:10D760008DF8090093F8DC008DF80A0028489A6BC0
:10D7700090F81404039200268DF80B0004960C46D2
:10D7800000293ED00692D3F898200792B3F848209B
:10D7900093F8AA118DF8151052BAADF8202093F81D
:10D7A0008C2093F858308DF8243003AB8DF822008C
:10D7B0008DF8232000930DF10A020DF10B030DF1FA
:10D7C000090105A88DF8146001F0D2FD9DF909004A
:10D7D000FEF78AFA607004A803F000F898B9049B79
:10D7E0000F2B0AD86278934207D8D11A2B442170A4
:10D7F0009A4238BF08200AB070BD00232370082069
:10D80000F9E70320F7E71320F5E700BF9492002023
:10D81000148D00201FB50446002800F03A810078DE
:10D820004C2800F23081DFE810F04D005300580022
:10D830005D006000630067006C002E012E012E0168
:10D840002E012E012E01F200DE002E012E012E01EE
:10D850002E012E012E012E012E012E012E012E0150
:10D860002E012E01700074007E00850088008B0060
:10D8700090008E009200960099009C009F00A200EC
:10D88000A500B400B800C000BC00C400C700CB00B5
:10D89000D200D0002E01D600030107012E012E0177
:10D8A0002E012E012E012E012E012E012E012E0100
:10D8B0002E012E012E01FF000B0110011401180191
:10D8C0001C012501754B93F8A831237104B010BDDC
:10D8D000724B93F8C031237102E00CF0F5FB6060ED
:10D8E0000020F3E70CF006FCF9E70CF019FCF6E772
:10D8F0006A4B93F8AA31EEE7684BD3F8E0306360E7
:10D90000EEE7664BD3F8E430F9E7644B93F8A931BE
:10D91000E1E71B238DF80830604B02A993F858000B
:10D9200004F030F8DBE75E4B043493E8030084E84E
:10D930000300D5E75B4B0434F7E75B4B0434F4E7B3
:10D940005A4B0434F1E71923E4E71823E2E7534B79
:10D9500093F87830BFE7514B5B6ED0E74F4B9B6E2F
:10D96000CDE74E4BDB6ECAE74C4B1B6FC7E74B4B0B
:10D970005B6FC4E702238DF80830484B02A993F887
:10D980008C2093F858008DF80A2003F0FBFF2071DB
:10D99000A6E7424B93F9DD309DE7404B93F94930C0
:10D9A00099E73E4B93F9DC3095E73C4B93F94830CF
:10D9B00091E73A4BDB6DA2E7384B93F860308AE78A
:10D9C000364BD3F8943063608AE7344B97E7334B98
:10D9D000D3F8D430F7E7314BD3F8BC31636004F0AF
:10D9E000EDFAA0607CE72D4A0023114692F8F00181
:10D9F000072805D103EB031303F2F1130B447EE771
:10DA00000133172B02F11102F0D102205EE7234A05
:10DA10000023114692F8F0010628EBD00133172BB2
:10DA200002F11102F6D1F0E71C4B93F8AF3152E747
:10DA30001A4BD3F8CC3162E7184BD3F8D0315EE7FC
:10DA4000164BB3F89830A3804AE7144BB3F89A30DA
:10DA5000F9E7124BB3F8D830F5E7104BB3F8DA30EA
:10DA6000F1E70E4B93F858200AB1062A13D1B3F907
:10DA70002C38E8E7094B93F858200AB1062A0AD156
:10DA8000D3F830383BE7204604B0BDE8104002F040
:10DA900085B803201AE7172018E700BF94920020EA
:10DAA00010930020509300201893002058930020DA
:10DAB000F0B5044685B010B9032005B0F0BD9B4D0C
:10DAC000D5F840339A0700F1368302784C2A00F2E9
:10DAD0002F83DFE812F04D005300610067006B00F8
:10DAE0006F00740079007E0089008F0095009B0014
:10DAF000A100A700AD00B300B900BF00C500CB0076
:10DB0000D100D700DD00E300E900EF00F500FB00E5
:10DB100001012D030901310144016B018D017E01D9
:10DB200091019A019E01A201A601AA012D03AE0155
:10DB3000C001E801D601FA0104020B02100215022D
:10DB4000A2022D03C202E4022D032D032D032D0397
:10DB50002D032D032D032D032D032D032D032D0345
:10DB60002D03BD02040309030E031303180323034B
:10DB70000079FEF79DFA00289FD105E00379022B7A
:10DB80009AD06B4A82F8C03195F8893443F020036B
:10DB900085F88934002090E740680CF087FA002867
:10DBA0008AD1F1E740680CF095FAF8E740680CF08C
:10DBB000A7FAF4E75E4B027983F8AA21E4E75C4B0D
:10DBC0004268C3F8E020DFE7594B4268C3F8E4201D
:10DBD000DAE7416800293FF46FAF002003F0F4FB5F
:10DBE0000028D1D0112068E7416800293FF464AFD4
:10DBF0000120F3E7416800293FF45EAF0220EDE722
:10DC0000416800293FF458AF0320E7E74168002945
:10DC10003FF452AF0420E1E7416800293FF44CAFE4
:10DC20000520DBE7416800293FF446AF0620D5E731
:10DC3000416800293FF440AF0720CFE74168002941
:10DC40003FF43AAF7F20C9E7416800293FF434AF81
:10DC50008020C3E7416800293FF42EAF8120BDE753
:10DC6000416800293FF428AF8220B7E741680029C6
:10DC70003FF422AF8320B1E7416800293FF41CAF95
:10DC80008420ABE7416800293FF416AF8520A5E763
:10DC9000416800293FF410AF86209FE741680029C2
:10DCA0003FF40AAF872099E7416800293FF404AFA9
:10DCB000882093E7416800293FF4FEAE89208DE774
:10DCC000416800293FF4F8AE8A2087E741680029BF
:10DCD0003FF4F2AE8B2081E7154B007983F8A90160
:10DCE000144B9B6D98474FE7114E037A8DF8043023
:10DCF00096F8580096F88D308DF80530072201A966
:10DD000003F0B7FE00283FF4D7AE636896F85800DA
:10DD10000193002201A903F0ACFE00283FF4CCAE31
:10DD20007C36D4E9010186E803002DE7148D00203C
:10DD300094920020002C0308BE4E037A8DF8043024
:10DD400096F8580096F88D308DF80530072201A915
:10DD500003F08FFE00283FF4AFAEBC36E1E7B54ECE
:10DD6000037A8DF8043096F8580096F88D308DF8C7
:10DD70000530072201A903F07CFE00283FF49CAE89
:10DD8000D4E9010106F1840383E8030096F8A83181
:10DD9000022B7FF4F9AE96F8C031002B3FF4F4AEBD
:10DDA000A54BDB6A9847FEF751F9EDE6A14E037AE1
:10DDB0008DF8043096F8580096F88D308DF80530BF
:10DDC000072201A903F055FE00283FF475AEC436C2
:10DDD000A7E74368029301238DF80C30954B02A905
:10DDE00093F8580003F08DFE00287FF4CDAE63E673
:10DDF000436802930023EFE703795A1E0E2A3FF689
:10DE00005BAE8C4A82F87830BEE68A4B42685A662E
:10DE1000BAE6884B42689A66B6E6864B4268DA668E
:10DE2000B2E6844B42681A67AEE6824B42685A6794
:10DE3000AAE6804C037994F858008DF80430062245
:10DE400001A903F016FE00283FF436AE9DF8043019
:10DE500084F8DD3098E6774C03798DF8043094F837
:10DE6000580094F88C308DF80630052201A903F093
:10DE700000FE00283FF420AE9DF8043084F84930BD
:10DE800082E66C4C037994F858008DF804300A222D
:10DE900001A903F0EEFD00283FF40EAE9DF804301A
:10DEA00084F8DC3070E6634C037994F858008DF800
:10DEB0000430092201A903F0DCFD00283FF4FCAD89
:10DEC0009DF8043084F848305EE64368B3F5FA7F85
:10DED0003FF6F2AD574AC2F89C30D36554E6554B35
:10DEE000027983F8A02083F860204DE6514B426808
:10DEF000C3F8942048E64F4B4268C3F8D42043E669
:10DF00004468002C3FF4D8AD012B40F0148134213B
:10DF10002046F7F7C5F8636B984204D1454838228C
:10DF20002146F7F7A2F804F138061C213046F7F72E
:10DF3000B7F8636D984204D1404820223146F7F784
:10DF400094F804F158074FF4C0713846F7F7A8F871
:10DF5000D4F8D83198421ED1364E4FF4C27206F131
:10DF600058003946F7F781F895F8173485F8E83303
:10DF7000D6F88430C5F8EC3396F88D3085F8F83350
:10DF8000012385F8F933022385F8FA332A4B96F8F2
:10DF9000A9019B6D984704F5EE764FF4CE7130469B
:10DFA000F7F77EF8D4F87833984205D124484FF437
:10DFB000D0723146F7F759F804F55F7610213046F4
:10DFC000F7F76EF8D4F88C33984204D11D48142228
:10DFD0003146F7F74AF804F5647640F2A44130463A
:10DFE000F7F75EF8D4F83438984205D116484FF464
:10DFF00095623146F7F739F804F6380614213046B1
:10E00000F7F74EF8D4F84C3898427FF4BDAD0F487E
:10E0100018223146F7F729F8B6E58379012B3FF648
:10E020004BAD044B4268C3F8BC21406802F034FF9A
:10E03000D6E500BF94920020002C0308CC9200206B
:10E04000709400201096002024960020CC9A002086
:10E050003B4B027983F8AF2196E54368394A9342F6
:10E060003FF62AAD364A92F8C01102297FF424AD5A
:10E07000C2F8CC314FF47A7253433348C5F8D434E4
:10E08000FCF784FF10B13048FCF7E0FFD5F8D4145A
:10E090002D48FDF765F82C48FDF728F874E543682E
:10E0A000284A93423FF608AD254A92F8C01102294A
:10E0B0007FF402ADC2F8D0314FF47A725343234853
:10E0C000C5F8D434FCF762FF10B12048FCF7BEFF5E
:10E0D000D5F8D8141D48FDF743F81C48DCE7184B69
:10E0E0008288A3F898204FE5154B8288A3F89A20E0
:10E0F0004AE5134B8288A3F8D82045E5104B828867
:10E10000A3F8DA2040E50E4B93F858200AB1062A0E
:10E1100013D1B4F90420A3F82C2835E5084B93F863
:10E1200058200AB1062A08D16268C3F830282BE5C6
:10E1300001F040FD1FE50120BFE41720BDE400BF52
:10E140009492002037894100A0910020B8910020CE
:10E15000F7B5DFF8E8C0DCF840339B07054668D424
:10E160008478032C67D8364F3023064603FB0474AB
:10E170000FCEE8340FC40FCE0FC4336823609CF871
:10E18000893443F020038CF889342A78AB78DAB1EB
:10E1900080228DF8042083228DF8052086228DF8B8
:10E1A000062089228DF8072002AA1344A96813F8D3
:10E1B000040C03F009F920B96968A87803F0DAF9CA
:10E1C00060B3112003B0F0BD81228DF800208422BD
:10E1D0008DF8012087228DF802208A228DF80320F5
:10E1E00082228DF8042085228DF8052088228DF862
:10E1F00006208B228DF8072002AA1344A96813F881
:10E20000080C03F0E1F80028DBD1AB78E96802AA3A
:10E21000134413F8040C03F0D7F8D1E7AB7830229D
:10E2200002FB03734FF0FF32D3F80C3100201A6069
:10E23000C8E70120C6E71620C4E700BF148D002000
:10E2400094920020F0B5154FD7F8406316F00206FF
:10E250008BB01ED103281ED8114C302303FB004481
:10E2600094F8E930BBB12422314601A801ADF6F79C
:10E2700010FF0FCDE8340FC40FCD0FC42B682360FF
:10E2800097F8893443F0200387F8893430460BB07F
:10E29000F0BD0120FBE71620F9E700BF148D002038
:10E2A000949200202DE9F04700F0030A534E0AF142
:10E2B0001C0313701746D6F8402312F002098CB0E5
:10E2C00080460D4640F096800A78013A012A03D92B
:10E2D00003200CB0BDE8F087032800F28D80484C85
:10E2E000302202FB004292F8E920002A00F08480EC
:10E2F00003F00F033B7091F908308DF8043094F867
:10E30000580094F88D308DF80530072201A903F0EC
:10E31000B0FB18B13B7823F004033B706B6894F8B2
:10E3200058000193002201A903F0A3FB18B13B7828
:10E3300023F008033B703B785345C9D195E80700AB
:10E34000302303FB084303F5807383E8070096F846
:10E35000893443F0200386F8893402A800238DF81D
:10E360000830FFF757FA9DF80C30022B2FD101230C
:10E3700002A88DF80830FFF74DFA9DF80C3033B342
:10E380001F4B93F8E9206AB3302303FB0949D9F8FE
:10E390000431C4F88430C6F8EC3394F88D3086F834
:10E3A000F833032386F8FA33012386F8F933002380
:10E3B00099F8082186F81634124B84F8882096F8CC
:10E3C0001724DB6A86F8E8239847FDF73FFE2B7891
:10E3D000012B05D1302000FB0840E83001F014FE8D
:10E3E000002076E709F10109B9F1040F03F13003C8
:10E3F000C7D1ECE701206CE716206AE7148D0020F6
:10E4000094920020002C03082DE9F04188B00023ED
:10E41000ADF808300546002800F0FC800361FEF7E7
:10E42000ADFB20B10124204608B0BDE8F08102F028
:10E43000FDFA07460028F5D102F0F2FA20B9764835
:10E4400014223946F6F725FE744E96F889340122D7
:10E4500043F0040386F8552486F889342B788DF828
:10E460000C300021013B8DF80D208DF80F108DF838
:10E470000E100C2B00F2A280DFE803F0075A62674F
:10E480006C76A0A07CA093808F00D6F8404314F057
:10E490002004C7D195F80480B8F1020F30D1DFF81D
:10E4A00080812046FDF7A0FC224695F9051098F8DA
:10E4B000580003F0D3FC072388F84900FF208DF8AB
:10E4C0000D30FEF78BFE044640B195F9051098F823
:10E4D0005800012203F0C2FC88F84900D6F8E03465
:10E4E0002B61002C6ED002F09BFA00289BD196F88D
:10E4F000893486F8160460F3820386F8893492E73B
:10E50000B8F1010F4FF0020058D1454F8DF81C00B3
:10E5100004A997F8580087F8AD4103F087FA2B79E2
:10E5200087F8C0318DF80D408DF80E804746D5E74D
:10E53000022386F854340020FEF750FE0446CDE74F
:10E54000032386F854340120F6E7042386F8543474
:10E550000220F1E7002202A9022002F07BF808B9AC
:10E560000024BBE71324B9E72A7BA968A888FEF733
:10E57000B5FEE3E7002202A90D20EEE7284B93F851
:10E58000A831DBB92C7904F0070001F0DDFA8DF831
:10E590000840012202A91020DFE7002202A9122070
:10E5A000DBE78DF80F2001F0B7FA044640B901F01F
:10E5B0009BFA204600F07CFF27468FE702248DE778
:10E5C00001248BE703A802F081F9002F3FF42BAF61
:10E5D000144B1A784AB901221A701348134B00944D
:10E5E00022464FF0FF31FCF7B7FCD6F840330E4817
:10E5F00043F48073C6F84033FCF7C8FC10B10A48F6
:10E60000FCF724FD0A210848FCF7AAFD0648FCF7A0
:10E610006DFD08E7032406E768910020148D0020B3
:10E6200094920020889B0020FC91002089BC010866
:10E630002DE9F04FDFF8F8A2BE4CABB00AA8E9F71D
:10E64000ADF8DAF8005000230AA8CAF80030E9F75C
:10E65000A7F8002D00F0EB80EBB2A806039365D578
:10E66000B54D95F8A831022B02D0B44BDB6A984720
:10E6700011A8B34FE9F792F8FCF78CFC3E68D4F888
:10E68000B813361A3144AF48FCF76AFDAD48FCF7C1
:10E690002DFDD4F8BC13AC483144FCF761FDAA4809
:10E6A000FCF724FD11A8E9F77BF894F81634002B49
:10E6B00000F0EF81142314A995F858008DF850301C
:10E6C00003F060F9D4F8BC130D9001449F48FCF7A7
:10E6D00047FD9E48FCF70AFD3B6894F81724EB635E
:10E6E0000FAF38468DF878201F93FCF74FFED5F812
:10E6F000B831009306AE97E80600D5F8B43130463D
:10E70000FCF7DAFD96E8030021AB83E80300D4F8B8
:10E710001834209395F8C03195F85800002B18BF95
:10E7200001231EA98DF8793003F05DF9039BD9060A
:10E7300051D5814DDFF81892D5F8E420B9F90A30A7
:10E7400005929AF800200493002363F300020C93CF
:10E75000ADF824308AF8002084F84434049AA4F8F0
:10E760001E3484F82134C4F82434A4F8283484F8FE
:10E770002E34C4F8303484F81C34C4F8343484F8AB
:10E780003834C4F83C346D4B99F90C80A4F82A2431
:10E7900094F88824DB6A84F82C8484F82D24D9F832
:10E7A0000470B9F80860984794F82D3433B9664876
:10E7B000FCF7ECFB10B16448FCF748FC31463846E6
:10E7C00001F074F88346002800F06681049BA4F8E9
:10E7D0007A3484F87C84039B19071AD5564B93F836
:10E7E000A831022B02D0554BDB6A98470220FDF777
:10E7F00015FA84F8410402F0B7F894F8163413B10E
:10E80000012384F8153494F8893443F0100384F814
:10E810008934039B5A0703D506210520FDF7B0FB79
:10E82000039B9B0703D504210320FDF7A9FB01F0FF
:10E8300017FC94F88924D7065FD5002384F88A341E
:10E84000D4F840331E0644BF23F08203C4F840339B
:10E8500012F0050F00F001840B2002F0A1F800284F
:10E8600000F0FB8394F88934DD0700F1F683580744
:10E8700040F11984D4F8403323F00203C4F8403344
:10E88000D4F8402382BB94F8895415F001011EBFCF
:10E890002B4662F3000384F8893494F889345E07C8
:10E8A00044BF6FF3820384F88934012384F88A34E7
:10E8B00021B1D4F8443327481B6898476D070BD51E
:10E8C000254802F079F802F0ABF828B194F88934C1
:10E8D00043F0040384F8893401F046F994F889344C
:10E8E0006FF3041384F88934012384F88A3494F88C
:10E8F000893443F0200384F8893494F88934180764
:10E9000008D56FF3C30384F88934D4F8443313482B
:10E91000DB68984794F88934990723D56FF341034E
:10E9200084F88934D4F844330D485B68984719E07B
:10E93000108D0020148D002094920020002C0308DC
:10E94000849B00209C900020B49000201091002017
:10E95000749B002054910020689100207C9100203D
:10E9600030910020D4F84033ABB98F4DD5F8C42195
:10E97000E96C8A4240F0E08395F8BE11002900F06E
:10E98000DB83002A00F0D883EB641EA802238DF8F5
:10E990007830FFF739FD94F88834022B01D1FDF768
:10E9A00055FB94F889349A0640F1F683D4F8405325
:10E9B0006FF3451384F88934002D40F0ED837A4ECF
:10E9C00034213046F6F76CFB736B984218BF7063C6
:10E9D0004FF01C01754818BF0125F6F761FB736DF8
:10E9E000984218BF70654FF4C071714818BF45F068
:10E9F0000205F6F755FBD6F8D831984218BFC6F88D
:10EA0000D8014FF4CE716B4818BF45F00405F6F7F6
:10EA100047FBD6F87833984218BFC6F878034FF012
:10EA20001001654818BF45F00805F6F739FBD6F820
:10EA30008C33984218BFC6F88C0340F2A4415F485B
:10EA400018BF45F01005F6F72BFBD6F8343898427E
:10EA500018BFC6F834084FF01401594818BF45F0E4
:10EA60002005F6F71DFBD6F84C389842D4F8483309
:10EA70001CBFC6F84C0845F04005002B00F08C8305
:10EA80009B68002B00F0888328462BB0BDE8F04F30
:10EA9000184784F841341FE695F8A821012A0CD1C3
:10EAA00001F006F8824668B1584600F0F3FE584679
:10EAB00000F0D4FC042384F82D347EB9012384F8BB
:10EAC0001D34B3E100F0FEFF0028F6D0504600F000
:10EAD000E7FE504600F0CCFC0523ECE73B780493BE
:10EAE0009A07EBD15B09013B062B00F2A282DFE81B
:10EAF00013F00700A002F200A002EF00A0029102B2
:10EB0000102EDBD995F8C0311497F6B28DF8546009
:10EB10001BB195F8D431002BD0D00BF0EBFA14AA2E
:10EB20000146FF2002F066FCC0B30BF0E3FA14AA22
:10EB30000146002002F05EFC90B30BF0DBFA14AA51
:10EB40000146012002F056FC60B30BF0D3FA14AA80
:10EB50000146022002F04EFCA8B904279DF860305F
:10EB600003F00F020F2A2DD0C3F303038DF8783082
:10EB700095F8580095F88D308DF8793007221EA948
:10EB800002F077FFF0B9012001F00AFF002800F041
:10EB90008A800121072001F0D5FE84E00127DDE70E
:10EBA0000227DBE70327D9E794920020CC920020CC
:10EBB000EC920020709400201096002024960020F3
:10EBC000CC9A00209DF85B309DF85A209DF860108B
:10EBD0001B0443EA02239DF859201343C5F8E03093
:10EBE000179BC5F8E430C1F3021385F8793001F0C2
:10EBF0000F030F2B1EBFC1F3030385F8803085F888
:10EC000088309DF86130002B60D0AB66AB6E95F814
:10EC100058004FF47A725343AB661344B84AEB661C
:10EC200011F0800FB74B18BF1346C5F8BC310DF17A
:10EC3000620312934FF0010894F817348DF84430B2
:10EC4000113E11A985F878808DF84C6002F036FFEE
:10EC5000022385F8C03195F8BE314BB10022A5F8EA
:10EC6000522009A942460B208DF8243001F0F2FC15
:10EC7000384601F095FE18B13946002001F062FED9
:10EC800095F8D4314BB100239F4885F8D431FCF777
:10EC90007DF910B19C48FCF7D9F9023F012F02D849
:10ECA0000120FDF7A1F894F82D34012B00F2CF815B
:10ECB00094F81634002B40F0C28194F8893443F064
:10ECC000100384F88934FCF7A9FF84E501239CE74D
:10ECD000012384F81C3495F88D308DF8363094F883
:10ECE00020348DF8353095F858000D230DA98DF896
:10ECF000343002F047FEA6F10D031BB20B9023EA5D
:10ED0000E37300B283423FF7D9AE0B2E7FF6D6AE47
:10ED10007E4B27930DF1780BFF2358461E978DF8F5
:10ED20007C608DF8A03002F0BDFC074600287FF41F
:10ED3000C5AE95F8A831012B14D100F0B9FE0646F6
:10ED4000002843D0384600F0A5FD384600F086FB89
:10ED500004239DF88410209884F82D34C1F3001109
:10ED600001F060F9209BC4F8343411A95846FEF72D
:10ED7000CBFA074600287FF4A1AE2099644B0C9093
:10ED80008246D3F8EC208A422CD193F8E90048B3AC
:10ED9000302303FB0A5393F8EAA0D3F80C311B6825
:10EDA0000C9395F8A831022B02D1032384F82D345B
:10EDB0009DF84430032B7FF481AE9DF8843013F02E
:10EDC000600F7FF47BAE0592012712E000F07AFE1F
:10EDD0000028C7D0304600F063FD304600F048FB05
:10EDE0000523B6E70AF1010ABAF1040F03F1300373
:10EDF000C7D19DF8443095F8BE61BAF1040F29D807
:10EE0000DFE80AF022031E2017000526BDF8861051
:10EE10000CAA304602F054F8F0B107280CBF0823C2
:10EE2000012384F81D340C9BC4F83034FCF7C0FF78
:10EE3000D1E4012E0AD15BB1032B08BF0226E5E71E
:10EE40000626E3E70726E1E70426DFE70326DDE7FA
:10EE50000226DBE70123E4E70C9B0599CDF800B01F
:10EE60003246504602F0F4F920B102280CBF0A23C2
:10EE70000B2324E60C9BC4F830349DF8843084F8CE
:10EE80001D04C3F3401384F82E3484F8443494F8FA
:10EE90002D3484F81E74012B9EBF0122A86385F8CF
:10EEA000AE21012FC4F8240484F8280484F8410416
:10EEB00030D1022284F81C2495F84A20002A42D13D
:10EEC0009DF88420D7063ED4D4F83C2412B1012208
:10EED00084F82124012B94F840149DF8842005D84F
:10EEE000012901D1960601D501F05AFC9DF8443064
:10EEF000032B00F28980DFE803F0314A803B00BF3A
:10EF00000001010100040001D09100204C8F00207D
:10EF100094920020049A02F0E002A02A18D195F8F9
:10EF2000BE11012285F84A2009B929996964012B8B
:10EF300084F81C2407D94FF4FA52C4F83C24D9F8B9
:10EF40000020C4F8E42495F8A821002ABFD0BBE72C
:10EF5000002285F84A2084F81C24B1E79DF884102B
:10EF600094F82D34424601F00F0122A8FDF78CF9E8
:10EF70009DF8983084F81F34279BC4F824349DF8FA
:10EF8000A03084F82834012384F829340DE09DF85A
:10EF9000841094F82D34424601F00F0122A8FDF7A9
:10EFA00073F99DF8983084F81F3495F8D43183B103
:10EFB00000237B4885F8D431FBF7E8FF10B178488F
:10EFC000FCF744F894F88934580744BF002384F8C8
:10EFD00055349DF89820E02A08D195F8AF312BB927
:10EFE00084F81F24C4F82434A4F8283494F889340D
:10EFF00043F0020384F8893455E694F82D349DF8E3
:10F00000A01027984246CAE7012384F81D34FCF774
:10F01000CFFECAE7634D013EB2B2791C2846F6F72F
:10F0200024F80323A4F81C34C4F8245484F8286476
:10F03000DCE7012384F81D34FCF7BAFE33E694F8CC
:10F040004434002B3FF439AE0020FCF799FE94F8CD
:10F050002D34022B3FF437AE2FE694F8893459074C
:10F0600021D5012001F09CFC48B1002384F8143420
:10F07000D4F8403323F00203C4F8403313E00220F5
:10F0800001F08EFC0028F0D1032001F089FC00285B
:10F09000EBD1042001F084FC0028E6D1062001F029
:10F0A0007FFC0028E4D194F88934DA077FF5E8ABD7
:10F0B00094F840240AB1032A1DD13B4A94F8141451
:10F0C00092F87820914205D29B0728D594F82D34E8
:10F0D000012B24D83548FBF759FF10B13348FBF713
:10F0E000B5FFD4F8403323F02003C4F84033FDF7D4
:10F0F000A5FCFFF7C5BB012A11D194F81524002AFD
:10F100003FF4BEAB284A94F8141492F87820914248
:10F11000E0D29F0703D594F84434002BDAD194F859
:10F12000893400206FF3041384F8893484F81504BB
:10F13000FDF79AFFFFF7A4BB95F8D5315BB1022329
:10F140001EA88DF87830FFF75FF900287FF423AC14
:10F1500085F8D5011FE495F8D6315BB103231EA8CD
:10F160008DF87830FFF750F900287FF414AC85F85B
:10F17000D60110E495F8D731002B3FF40CAC0423F2
:10F180001EA88DF87830FFF73FF900287FF403AC14
:10F1900085F8D701FFF7FFBB2BB0BDE8F08F00BFAC
:10F1A000D09100204C8F0020949200208490002069
:10F1B0002DE9F04F06468DB018B903200DB0BDE81B
:10F1C000F08F00230361FDF7D9FC0546002873D1B9
:10F1D00037460FCF564F96F8008096F90EB08DF84F
:10F1E000085007AC0FC4B389524C0193142229462E
:10F1F00007F58860F5F74DFF012287F8412494F860
:10F20000C021022A0BD194F8A821022A07D194F830
:10F21000AE2122B9B8F1010F38BF4FF00108B8F1A3
:10F22000010F2CD0B8F1030F2DD0B8F1000F3BD156
:10F230009DF80820022161F347129DF82090DDF827
:10F2400024A08DF80820012594F88C108DF8161054
:10F25000022205A994F858008DF8142002F092FBC0
:10F2600094F8AA1140B2022259B394F8C01194F84C
:10F27000AD31012922D10BBB45BB104654E09DF8AE
:10F2800008200421D7E79DF80830DDF820A09DF97B
:10F2900026B043F0E0038DF80830BDF82430019328
:10F2A00001254FF00009CFE74FF0000BD946CBE71F
:10F2B000002387F8163437E001207FE7CDB902201C
:10F2C00032E0002DD9D05845B8BF584694F88C305C
:10F2D0008DF81000052294F858008DF8123004A91A
:10F2E00002F0C7FB00283FF468AF9DF8103084F8A7
:10F2F0004930D7F8E40438B1FBF756FEB0F5FA5FB1
:10F3000084BF002384F84A30019B5246494602A834
:10F31000FDF7E6FE0028CBD197F8893487F84084C2
:10F3200043F0010387F88934D7F8E034336145E7C7
:10F33000148D00209492002037B50B4D8DF80400F9
:10F3400004460E2295F8580001A902F092FB40B144
:10F35000064A85F8AC4192F8893443F0200382F8DC
:10F36000893403B030BD00BF94920020148D00207A
:10F370002DE9F04F8BB08B460093149B416890F9B8
:10F380000C8090F90D6090F80E9019604778044653
:10F390009246002F57D002238DF8103004A9C37B6A
:10F3A000007C8DF8123002F0EDFAB4F808C06189E3
:10F3B00043B26068984545466144B8BF1D46604504
:10F3C00034BF00270127884209D30A218DF8101085
:10F3D000207C019304A902F0D5FA019B46B2B4F84F
:10F3E00008C0608961680CEB400E714520D3A1EB29
:10F3F0000C01B1FBF0FC00FB1C11C9B998450ADCFB
:10F40000237833B10223207C8DF8243006A902F042
:10F410000DFB4FF0010920238DF81030207CE37B99
:10F420008DF8115004A98DF8123002F0ABFA45B2F4
:10F43000009B8BF8005038468AF8006083F80090F3
:10F440000BB0BDE8F08F4546F2E70000024BD3F861
:10F450009C3003B118477047909B0020034A1378F3
:10F4600043F002031370FFF7F1BF00BF549C00206C
:10F47000034A137843F004031370FFF7E7BF00BF9C
:10F48000549C00201FB571B933238DF80830074B09
:10F490008DF80C00D3F8B43002A9187802F072FA93
:10F4A00005B05DF804FB2E23EFE700BF909B002022
:10F4B00010B5FBF76FFD0A4C206404F15000FBF718
:10F4C00065FD18B104F15000FBF7C0FD054A137843
:10F4D00043F001031370BDE81040FFF7B7BF00BF52
:10F4E000909B0020549C00202DE9F84381460D4656
:10F4F00017461E46FBF74EFD1D4B804693E8030062
:10F50000FBF75AFFA8EB00044FF4FA30B4FBF0F31A
:10F5100000FB13441E2303FB098000F64800A0EB08
:10F520000409C8450FD9241A03FB05F24444B4FB6F
:10F53000F2F40134E4B2654303FB0599BC4204D301
:10F540000020BDE8F8830024F8E70A4B93E80300A5
:10F55000FBF732FFA0F6D6304845F1D3064BDB6D02
:10F560009847A9EB0808A8EB000030600120E8E705
:10F57000AC9B0020B49B0020002C030870B588B021
:10F58000054614466846102200211E46F5F781FD07
:10F5900010220DEB02000021F5F77BFD2B0A8DF800
:10F5A00001302B0C8DF80230230A8DF80530230C26
:10F5B0008DF800508DF804408DF806302D0E04AB08
:10F5C000240E8C22102168468DF803508DF80740D8
:10F5D0000AF048FC9DF811309DF8102002EB032240
:10F5E000B2FBF6F306FB13220C9B1A8008B070BD29
:10F5F00030B5B8B10446014441F22105002014F8A9
:10F60000013B082280EA032010F4004F4FEA400338
:10F6100002F1FF3218BF6B4092B298B2002AF3D1C8
:10F62000A142ECD130BD000070B50023124D8160C5
:10F63000C3602B7B13F0120F86B004461AD0302320
:10F640008DF81030D5F8B43004A9187802F09AF982
:10F65000D5F8B820B5F94860136803900146D5F88D
:10F66000B400127900780094B34238BF334649B2EF
:10F6700002F06BFA06B070BD909B00202DE9FF41AF
:10F6800005460F46164632BB3523DFF854808DF809
:10F690000830D8F8B43002A9187802F073F9C4B26F
:10F6A000012C019019D932238DF80830D8F8B430E4
:10F6B00002A9187802F066F905EBD713B3FBF4F151
:10F6C00004FB113353FA80F03146C0B2FFF7DAFE83
:10F6D00004B0BDE8F0813123D7E70020F4E700BF94
:10F6E000909B0020F0B506461B4D85B01746084696
:10F6F00061B301210020FFF7C5FE184B1B681A7B80
:10F70000D107044648BF1C692B7B1A0708D56FF345
:10F71000C30395F838002B730121FFF7B3FE0446AD
:10F72000CDE90264D5F8B430D5F8A420ADF8047062
:10F730001878043201A902F01DFCD5F8A030DC6075
:10F74000D5E9283212791A7405B0F0BD6969012231
:10F750008031FFF793FFD0E7909B00208C9B002027
:10F760007FB5174E174B184C3068002518222946D4
:10F770001D60F5F78EFC0C2229462046F5F789FC22
:10F780004022294604F10C00F5F783FC0F4B23615E
:10F79000D4F898300BB19847206134238DF80830A5
:10F7A000D4F8B43002A9187802F0ECF832680023DB
:10F7B00010725372A4F84C3084F84E3004B070BD0F
:10F7C0008C9B0020549C0020909B00200000C8418E
:10F7D0002DE9F8430F4E33681D7BD3F810901C7849
:10F7E000D3F8048093F90870FFF7BAFF33681A7BE7
:10F7F000C3F8109005F0010565F300021A731A783A
:10F80000C3F80480C4F3400464F341021A701F7209
:10F81000BDE8F8838C9B002073B5044672B303C91E
:10F82000174E184B86E803001A600FCC06F1080546
:10F830000FC50FCC0FC523682B6000242246124B46
:10F8400000944FF0FF31A6F14800FBF785FB2246FC
:10F850000E4B00944FF0FF31A6F13000FBF77CFB1C
:10F860000B4B009422464FF0FF31A6F11800FBF736
:10F8700073FB02B0BDE87040FFF772BF02B070BD0D
:10F88000289C00208C9B0020B1F401085DF4010845
:10F8900071F40108014B83F84D007047909B0020E4
:10F8A000014B83F84E007047909B00202DE9F047F4
:10F8B000714C8CB02F238DF81830D4F8B430054635
:10F8C0000E46187806A902F05DF894F84C300590C1
:10F8D000092B04D0207B10F0100000F0C7809DF8A9
:10F8E0001430B34240F0B7809DF815702846791D5A
:10F8F000FFF77EFEEA199179537943EA01238342A7
:10F9000040F0B780D4F8A030E95D5975D4F8A01064
:10F910005A484B7DC35CA4F84830537863619078B3
:10F9200043EA00236361D07843EA004363611279BC
:10F9300043EA02636361524A002323830B1D92E86A
:10F94000030083E803004FF001099DF8161007F14A
:10F950000E0807F1070A884405EB0A000731FFF794
:10F9600047FE05EB08035A7815F8083043EA0223EE
:10F9700083420DD1D4F8A03015F80A209A75D4F836
:10F98000A00007F10801062229441730F5F76DFBA6
:10F99000B9F1000F5FD030238DF81830D4F8B430AF
:10F9A00006A9187801F0EEFF36238DF81830D4F848
:10F9B000B4308DF81900059006A9187801F0E2FF1F
:10F9C00037238DF81830D4F8B4300590074606A9CF
:10F9D000187801F0D7FFF6B202962A4E059001235F
:10F9E00000250A22CDE900230146766A03953A46AE
:10F9F0001846B0474FF47A73B0FBF3F3C3EB4312EE
:10FA000003EB8202A0EBC2001F4AADF8240012E90A
:10FA1000030082E803001D49E0690144E16109999E
:10FA200000910AAE06CA3046FBF72BFC96E80300AD
:10FA3000FBF75EFC237B23F0030343F003032373F4
:10FA400008232386E380022363632846052384F882
:10FA50004C30FFF72DFD94F84C30092B05D10223D3
:10FA6000002084F84C30FFF723FD01200CB0BDE8E6
:10FA7000F0874FF0000968E7909B0020952D030860
:10FA8000A49B0020002C0308AC9B0020803DD512D5
:10FA9000064B1A7BD20606D493F84C00A0F109035A
:10FAA0005842584170470120704700BF909B00208A
:10FAB000034B93F84D00C31E58425841704700BF96
:10FAC000909B0020034B93F84E00C31E58425841B0
:10FAD000704700BF909B0020024B187BC0F30010C2
:10FAE000704700BF909B002008B50A4A58B9137BA5
:10FAF0005B0706D5FFF7F0FF18B9012382F84C30F9
:10FB000008BD0023FAE792F84C30012B88BF82F839
:10FB10004C00F5E7909B0020034B93F84C00012824
:10FB200001D0FFF7D9BF7047909B0020054B1A7B8F
:10FB3000D20705D493F84C00431E584258417047F1
:10FB400001207047909B0020064B1A68802343FADF
:10FB500000F050704FF48053C0B2B3FBF0F050800F
:10FB6000704700BF8C9B00200B4B93F84C20062A5B
:10FB700011D11A7B42F020021A7392074FF005014F
:10FB800058BF04224FF0000083F84C1058BF83F890
:10FB90004C20FFF78DBC7047909B00200378452BCD
:10FBA00001BF034B1B6893F90830037102207047B3
:10FBB0008C9B00200378452B02BF044B90F9042056
:10FBC0001B684FF0020008BF1A7270478C9B002020
:10FBD00008B50C2000F0E4FE48B10C21002000F034
:10FBE000B1FE034B1A68137843F00103137008BD8C
:10FBF0008C9B00202DE9F341204E0546884629B311
:10FC0000D6F8B43001911878002201A901F031FF33
:10FC10000028074619BF0324074601270224D6F807
:10FC2000B83093F831308DF805306DB2D6F8B43075
:10FC30008DF804501878072201A901F01AFF40B985
:10FC400004F0FD04204602B0BDE8F0810F46032415
:10FC5000E5E7032C0FD10A4B1A68137837B143F04C
:10FC600002031370C2F804801572EBE767F34103D7
:10FC700013705760F8E70224E4E700BF909B002070
:10FC80008C9B002073B51E231A4C5843E0630D2053
:10FC9000164684F8381000F083FEA0B1E16BB1F590
:10FCA000FA3F12D90023E36384F838300D210F2086
:10FCB00000F048FED4F8A830E26BDA60D4F8A8303F
:10FCC00094F838201A7402B070BD237B6D4623F07F
:10FCD0000C0343F00C03314428462373FBF78EFBDF
:10FCE00095E8030004F1240383E803000D210020BC
:10FCF000DEE700BF909B00202DE9F04389B004AF00
:10FD00003846FBF71DFB049C97E80300FBF754FB08
:10FD100024F07F0808F1800300250493ADF8145007
:10FD2000214CADF81C50814697E8030004F12406ED
:10FD300086E80300079B009302AF96E80600802345
:10FD40003846FBF7B9FA97E8030004F11C0383E88F
:10FD50000300092000F024FE10B396E80300FBF72F
:10FD60002BFB48450AD2E56125846562258509217A
:10FD70000F2009B0BDE8F04300F0E4BD237B96E816
:10FD8000030043F004032373FBF716FB074B2583A3
:10FD9000A0EB09004344E063636109212846E8E7DA
:10FDA00009B0BDE8F08300BF909B002080C22AED1F
:10FDB00013B5044690B10D4B0190D3F8B430002236
:10FDC000187801A901F055FE30B1094B1B681A7B68
:10FDD0001C6142F001021A7302B010BD044B1B6893
:10FDE0001A7B60F300021A730120F5E7909B002054
:10FDF0008C9B002070B50546FBF7CCF80F4E0446EF
:10FE0000D6E90901FBF7D8FAD6F8B810D1E90331E1
:10FE10000B44C3F17F4303F57F0303F57443483379
:10FE20005B1B03449C4207D300F6480240F648009F
:10FE3000A24298BF002070BD0020FCE7909B0020EC
:10FE400007B50E48FBF7A2F810B10C48FBF7FEF817
:10FE50000B48FBF79BF810B10948FBF7F7F801A82E
:10FE6000E7F79CFC074A137823F00603137001A8F8
:10FE7000E7F796FC03B05DF804FB00BFF89B002099
:10FE8000109C0020549C002013B5134C237BDB07EF
:10FE90001FD594F84C3003F0F703022B02D1002059
:10FEA000FFF706FB01A8E7F779FC0C4B1A7801A8CD
:10FEB0006FF300021A70E7F773FC0948FBF766F866
:10FEC00010B10748FBF7C2F8062384F84C30FFF75F
:10FED000B7FF02B010BD00BF909B0020549C0020D3
:10FEE000E09B0020012810B504460DD10A4B1B7B76
:10FEF000DB070FD5094B1B681B7813F0010F0CBFF4
:10FF000002240024204610BD20B9FFF7BDFFFFF7F3
:10FF10005FFCF7E70224F5E7909B00208C9B002014
:10FF200038B5104B1B681B78DB0719D50E4C002524
:10FF3000012104F1680084F84D50FBF711F904F138
:10FF40006800FBF7D3F804F18000012184F84E50DB
:10FF5000FBF706F904F18000BDE83840FBF7C6B8AE
:10FF600038BD00BF8C9B0020909B00202DE9F743FB
:10FF7000234D8846074695E803001646FBF71CFA12
:10FF8000341A4FF4FA30B4FBF0F300FB1344041BB3
:10FF9000E94631194846FBF731FA99E80300A045D4
:10FFA00005F1080538BFA4EB080485E80300154DEA
:10FFB0002644EE62FFF7B4FF2B7B9B0612D4D5F8E4
:10FFC000A0300A221A70D5F8A0305F70D5F8AC20A6
:10FFD000137843F008031370D5F8AC20137843F07E
:10FFE000100313702B7B6FF345132B7340F6B8335C
:10FFF0009C4288BFA4F6B834204603B0BDE8F08325
:020000040802F0
:10000000AC9B0020909B002050B1428C8023134178
:1000100080F828304FF48052DBB2B2FBF3F3438513
:100020007047000010B50C4BD3F8B0201268824224
:1000300003D10A4B1B68597210BDD3F8BC3003F1D1
:10004000C00223B15C68844208BF83F82E103033AD
:100050009342F6D1F0E700BF909B00208C9B0020DC
:100060002DE9F04188B002A8E7F798FBAA4B1C687D
:10007000002202A81A60E7F793FB002C00F06682CA
:10008000E6B2E4075BD5A54C94F84C30256C0A2BFE
:1000900000F27D81DFE813F0AC000B00C5007B01AE
:1000A000E300FB007B01180137017B015401237B36
:1000B00013F0100804D09A4BDB6A98470A2393E0A8
:1000C0000821022213F004032186E180626300F01C
:1000D000888003A8FFF7A8FAE16B21B3FAF75AFF6B
:1000E000904F054697E80300FBF766F9854212D268
:1000F00097E80300FBF760F9069B451BAB4200DA6B
:100100001D440023E36329468748FBF729F8864806
:10011000FAF7ECFF13E0237B84F84C8023F00C0308
:1001200023730125EDE7237BBDF8142023F014038E
:1001300043F01003237340F64800FFF7D3FAB107EA
:1001400040F17881754C94F84D10002301290393F8
:1001500013D0022900F01F81002940F0E781734B82
:10016000D4F8B0201B68201D5B880090126860697D
:10017000FFF704FA012384F84D306C4DA0882968FC
:1001800003AB4A784988FFF7AFF9002800F05281A5
:10019000237B9A071AD5D4F8B820B4F948701368AD
:1001A0002968D4F8B400624D127991F908100078EA
:1001B0000095BB4238BF3B4601F0C7FCAB68039AD1
:1001C000E380EB689342BCBF9B180393022303991F
:1001D00084F84D305748FAF7C3FF5648FAF786FFC0
:1001E00028E163622385E36384F84C3001258AE7C4
:1001F000237B13F010057FF45EAF0821022243F049
:10020000100303A82186E18062632373FFF70CFAD1
:100210002846BDF814200121FFF764FA4FF4FA359F
:1002200071E763698033636100232383636B5B0041
:10023000B3F5807F88BF4FF480736363238E5B00C8
:100240009BB2FF2B88BFFF232386E3885B009BB212
:100250001E2B88BF1E23E380042384F84C30237BAD
:100260006FF341032373344B93E80300FBF7A4F8C7
:10027000324B281A98423FF621AF2A46616B0E2076
:10028000FFF774FE0546072384F84C303BE7237BD9
:100290002A466FF3041300210D202373FFF766FE37
:1002A000D4F8AC301B7805465807ECD50B2000F08D
:1002B00077FB0028E7D00B21002000F043FBD4F8A7
:1002C000A83000225A60DEE7D4F898300BB1984786
:1002D0002061134BE76ADB6D98473F1AFAF75AFE25
:1002E000218E054603A8FFF79FF9AF4209D90823DD
:1002F00084F84C30069B7D1BAB42BFF604AF1D4417
:1003000001E7042370E7092384F84C30FFF798FDD8
:10031000BDF8142000210EE7549C0020909B002083
:10032000002C0308B49B0020E09B00208C9B002045
:100330006C9C0020F89B0020AC9B002000DD6D0031
:10034000D4F8AC301B7813F0040312D00B2000F06B
:1003500027FB18B10B210F2000F0F4FAFFF770FD16
:10036000FFF736FAD4F8AC20137843F0100313707B
:10037000E5E6D4F8A0200E211170D4F8A020537027
:10038000D4F8AC20137843F008031370E6E7002399
:1003900084F84C30D3E6984F3B681A7812F002028A
:1003A00000F0B680D3F80480A3683BB13A6893F8B4
:1003B0002E30527A9A428CBF0023012394F84E20AB
:1003C000032A0FD1002B00F0AD808C4B1B6B98479C
:1003D00000238B4884F84E301E21FAF7C1FE88486E
:1003E000FAF784FE032384F84D303B68854D1B7A71
:1003F0006B70D4F8B830C5F8048093F831302B74A2
:100400000423AB740027D4F8C0306F741B78EB74EE
:10041000D4F8A420D4F8B43004321878294601F076
:10042000C7FB764B6A7C5B6B002A79D1D4F8B82085
:1004300090689847730740F18980734CD4F8BC608A
:1004400000210391002E00F0818094F84E20032AB1
:100450007CD0012A19D0022A6BD0002A40F0C98032
:1004600006F12C05EC3615F82B3C43B135F8023C6F
:10047000009555F8282C60690021FFF77FF830358A
:10048000AE42F0D1012384F84E30D4F8BC5000269F
:10049000A66005F1C0076B786BB195F82820698DCF
:1004A000A88D03ABFFF720F828B1039B0EB1B34230
:1004B00001D21E46A5603035BD42ECD1A368002BA9
:1004C00044D0237B514D13F0020F14D0D4F8B82040
:1004D00049491368B4F948700968D4F8B40012792E
:1004E00091F9081000780095BB4238BF3B4601F0F7
:1004F0002CFBAB68E380EB68B342B8BFF61802236D
:1005000084F84E3031463E48FAF72AFE3C481BE05C
:10051000D4F8B03061691868FFF7B0F8804643E757
:10052000384686E784F84D301E2153E684F84D3076
:1005300080E7A3686BB9012104F1800084F84E3094
:10054000FAF70EFE04F18000FAF7D0FD08B0BDE81E
:10055000F081DE692EB9324661695868FFF78EF87E
:10056000064694F84D30032B15D1234BA2681B6827
:1005700092F82E205B7A9A424FF0000535D21F4B3D
:100580001B6B9847224884F84D501E21FAF7E8FD6E
:100590001F48FAF7ABFD032384F84E30A3681B4DC8
:1005A00093F820306B70D4F8B8306E6093F8313027
:1005B0002B740523AB740026D4F8C0306E741B78FE
:1005C000EB74D4F8A420D4F8B43004321878294657
:1005D00001F0EEFA094B6A7C5B6B22B9D4F8B820C3
:1005E00090689847B2E73046FBE784F84E501E21EA
:1005F00089E784F84E10A9E78C9B0020002C0308A3
:10060000109C00206C9C0020909B0020589C002097
:10061000F89B002001280CD00538C0B21B2807D851
:100620000123834003481840003818BF0120704759
:10063000002070477910000810B5054C4FF4037284
:1006400020460021F4F725FD0020C4E9000010BD7C
:10065000809C00202DE9F0478146164600294BD0AA
:10066000294B002503F1010C1A462801103312F81A
:10067000017F002F42D19A42F9D1DFF89080D8F85B
:1006800000300BB9C8F800C0D8F804300BB1C3F87B
:1006900000C008EB0003002401359C6083F80C9037
:1006A0000D302B01B2B2404448F80360C8F804C0D2
:1006B000F4F7DBFC484609F1FF395FFA89F9FFF7E7
:1006C000A9FFB9F11F0F98BF114CD8F8083208EBF9
:1006D000051A98BF24FA09F408EB051503F1010384
:1006E00098BF04F001041E448AF804006C71C8F835
:1006F00008623846BDE8F0870127FAE70135202D6A
:10070000B0D10227F5E700BF879C0020809C002025
:100710000104008010B510B3124A1368984204D146
:1007200003681360002304E00B4613B11968884284
:10073000FAD15168884208BF53600BB10168196053
:1007400000240460D2F808328168013B5B1AC2F8C9
:10075000083221461022F4F79CFC204610BD0120EF
:10076000FCE700BF809C0020054B1B6813B11A7981
:100770008242FAD1002B0B600CBF0320002070478F
:10078000809C002010B5054B186800B910BD037B94
:1007900004680BB9FFF7BEFF2046F6E7809C0020F7
:1007A00038B50C4B0C4C196809B9084638BD0A79A4
:1007B0000D681046FFF72EFF50B1013AD2B21F2A42
:1007C00003D824FA02F2D30702D40846FFF7A2FFA7
:1007D0002946E9E7809C00200104008028B1044BF1
:1007E000D3F808320360002070470120704700BF33
:1007F000809C00202DE9F04107460E46154632B395
:1008000029B3144B1C6800232CB93046FFF7E6FFD0
:100810000020BDE8F081A268F91A013291420FD39D
:100820002279EA54581C22895FFA80F8611D55FA32
:1008300080F0F4F71AFCA36824684344DBB2E3E7D2
:1008400020462468FFF766FF002CF9D1DDE7012080
:10085000DFE700BF809C00200138C0B21F289ABF8C
:10086000014B185C00207047992D030830B50B4BE5
:1008700093F820200446084672B100211C33057805
:10088000A54208D001319842CDB20CBF04480430D3
:10089000AA42F4D8002030BD1046FCE78C9E002010
:1008A000989E002010B5084C00232060142204F10B
:1008B0000C00FF2184F82030C4E90100F4F7E9FBC3
:1008C000012384F8213010BD8C9E0020114B93F839
:1008D0002020042A1BD89A68017811709A68417800
:1008E00051709A68C178D1709A688178917093F844
:1008F0002020013283F820209A6803F11C018A42EB
:1009000014BF043203F10C029A60012070470020EA
:10091000704700BF8C9E0020094B93F8200068B1FF
:100920005A6803F11C018A4200F1FF3014BF0432FF
:1009300003F10C0283F820005A600120704700BFC9
:100940008C9E002010B5074B93F8202004460846E3
:1009500032B15968FFF78AFF10B1012344708370E8
:1009600010BD00BF8C9E002030B50B4A92F82010BD
:10097000536882F8210071B1012502F11C04D97875
:10098000587001B99D70A34208BF044B916818BF0D
:1009900004339942F3D130BD8C9E0020989E0020F4
:1009A00008B5044B5968FFF761FF003818BF0120F4
:1009B00008BD00BF8C9E00202DE9F3410422174D95
:1009C000044600210DEB020095F82080F4F761FB4E
:1009D0000026F3B2984502D802B0BDE8F0816B68FA
:1009E0001B7823706B685B7863706B689F785FB16E
:1009F0002B6820469B689847FFF78EFF17B901A820
:100A0000FFF764FF0136E4E71A788DF804205A787E
:100A1000DB788DF805208DF80730EDE78C9E0020FF
:100A2000014B93F8200070478C9E0020034B93F8F5
:100A30002000042894BF0020012070478C9E0020D5
:100A4000F0B50D4685B006461F4611469AB3002400
:100A50000628CDE90144039426D0072829D005288B
:100A60004FF001041CD08DF800402B0A8DF8015086
:100A7000082201A82D0C8DF802308DF80350F4F7F0
:100A8000FEFA8DF80C7032463F0A214668468DF812
:100A90000D7009F066FA002818BF0E2005B0F0BDF1
:100AA00003238DF80030E0E704238DF800300124A3
:100AB000DBE70223F5E70920F0E71FB507284FF031
:100AC0000004CDE902440CBF022401248DF800404B
:100AD0008DF801100C0A090C8DF803108DF8042014
:100AE000110A120C8DF805108DF806208DF80730CC
:100AF00002461B0A012168468DF802408DF8083035
:100B000009F02FFA002818BF0E2004B010BD2DE9FF
:100B1000F04188B017460D460F9A0646002853D07C
:100B200000240121CDE904448DF810109DF83810FF
:100B30008DF81510190A8DF816308DF81710190C4C
:100B40001B0E8DF81930CDE90044130ACDE902449B
:100B50008DF81A208DF81B30130C120E07948DF8A7
:100B600018108DF81C308DF81D20E3B24FEA0318E1
:100B7000002D5FFA88F803DC002008B0BDE8F081A2
:100B8000013310218DF81F303A466B460DEB010002
:100B900009F068F90346C8B9102DAC46A8BF4FF05C
:100BA000100CDAB2624503F1010303DB103D2DB2F4
:100BB0000134DAE708A908EB02000A44315C12F8B4
:100BC000202C4A403254ECE70920D6E70E20D4E727
:100BD000F0B5002489B006462C48CDE90444CDE99F
:100BE0000044CDE90244CDE906440068284C4FF0AA
:100BF000010C8DF810C0D0F800E0A645DDE90E57D5
:100C000008D9634504D9022B26D0082009B0F0BDCD
:100C10008DF814C00B0A8DF817300B0C8DF81830B6
:100C20002B0A8DF816108DF81A508DF81B30090E0E
:100C30002B0C2D0E8DF81C308DF815208DF8191009
:100C40008DF81D50124B02689A4284BF01238DF823
:100C50001F3026B90020D9E78DF81430DAE71021CB
:100C60006B4606220DEB010009F0FCF858B908AB01
:100C70001A183B5C12F8202C53403B54431CD8B24A
:100C8000B042F4D3E6E70E20C0E700BFB09E0020DC
:100C9000000001011FB500237F2208216846CDE92D
:100CA0000033CDE9023309F05CF9002818BF0E20AB
:100CB00005B05DF804FB00000138062823D8DFE802
:100CC00000F0040A0E12161A1E00104B1B681B6956
:100CD0000B60002070470D4B1B685B69F8E70B4BFE
:100CE0001B689B69F4E7094B1B68DB69F0E7074B5E
:100CF0001B681B6AECE7054B1B685B6AE8E7034B64
:100D00001B689B6AE4E70520704700BFB09E002087
:100D10002DE9F043C5B0DDE94C650C4690461F4611
:100D20008146002851D0B1F5807F50D84FF48872A9
:100D300000216846F4F7ADF949238DF80030002F03
:100D40003ED0244B1B68DB688DF80130C3F30723CA
:100D50008DF8023001228DF80520320A8DF8072027
:100D6000320C8DF808202A0A8DF80B202A0C00235B
:100D70008DF806608DF80A508DF80C204946224601
:100D800004A8360E2D0E8DF803308DF804308DF842
:100D90000E308DF809608DF80D508DF80F40F4F786
:100DA00064F904F110014E9A434689B2684609F08D
:100DB00043F810B1012818BF0E2045B0BDE8F083FC
:100DC0008DF801708DF80270C4E70920F5E70D2059
:100DD000F3E700BFB09E0020F0B587B00F46DDE915
:100DE0000C6513460146A8B3B7F5807F34D8492275
:100DF0008DF80820320A8DF80F20320C8DF8102063
:100E00002A0A8DF813202A0C8DF814200E9A8DF8DA
:100E10000E6000248DF812500092360E2D0E3A46C8
:100E200002A88DF809408DF80A408DF80B408DF826
:100E30000C408DF80D408DF811608DF815508DF82F
:100E400016408DF8177008F0F1FF002818BF0E202B
:100E500007B0F0BD0920FBE70D20F9E710B5A8B1F8
:100E60000B4C382200212060F4F713F92368094A5B
:100E70001A6000204FF0FF32C3E90302C3E90522E4
:100E8000C3E90722C3E909221A6310BD0820FCE761
:100E9000B09E002000010101024B1B681860002079
:100EA000704700BFB09E002030B1044B1B68DB6868
:100EB000013303600020704709207047B09E002076
:100EC00013B500230C460193D2B101A9FFF7F4FE3C
:100ED00018B9019B591C02D1146002B010BD99B21F
:100EE000611A002902DD0B441360F6E702D113609A
:100EF0000720F2E71B0C1B0403F580332344F3E7C0
:100F00000920EAE779B1082803D0092807D005208D
:100F10007047064B1B8801330B8000207047044B41
:100F20001B689B8DF7E70920704700BFB49E002027
:100F3000B09E002080B1094B1B6803F11C02426285
:100F400003F12002426503F124022833C0F8842013
:100F5000C0F8B4300020704709207047B09E0020D0
:100F600030B5044687B0002847D0264B1A689388CE
:100F700001339BB2938000F10E05C3820023CDE9BB
:100F80000233CDE904330822062329460DF1090076
:100F90008DF80830F4F773F80222012102A808F056
:100FA000E0FF90B9CDE90200CDE904000523082255
:100FB00029460DF109008DF80830F4F760F8032296
:100FC000012102A808F0CDFF10B1122007B030BDFA
:100FD000204600F0C2FB08B11020F7E704F1180327
:100FE000009321680123132208F020FF38B920461E
:100FF00000F0B3FB0028E9D0EEE70920E6E70E2079
:10100000E4E700BFB09E002037B50446F8B1134DA9
:101010002B689A8D4FF6FF739A421AD000F0D1FBDD
:1010200010B1102003B030BD04F11C0300932168FF
:101030000223142208F0FAFE68B9204600F0C1FB32
:101040000028EED12A68938D01339385EAE70920C1
:10105000E8E71120E6E70E20E4E700BFB09E00209D
:1010600037B50446E8B1124D2A884FF6FF739A420D
:1010700019D000F0DEFB10B1102003B030BD04F138
:1010800014030093216805230F2208F0CFFE60B9F6
:10109000204600F0CEFB0028EED12B8801332B80B8
:1010A000EBE70920E9E70420E7E70E20E5E700BFCA
:1010B000B49E00202DE9F04704468AB088461746C2
:1010C0001E46002B46D0614D2B68DB68834200F240
:1010D000BB8096F82020002A14BF072206228342F4
:1010E00006D3304600F0DDFB034608B310201CE0B9
:1010F000002301900093B36896F82810706AFFF7F8
:1011000006FD90B92B689B78012BEAD106F11003FC
:1011100096F80CC0CDE9004302460346B1680CF0D6
:101120000F00FFF755FD0028DBD00AB0BDE8F087BF
:10113000D5F800E096F804C09EF802903068B268D6
:10114000ACF1040CB9F1010F1FFA8CF171D1CDE9AA
:10115000043308B90920E8E7B1F5807F01D90D20F3
:10116000E3E796F80C908DF81C7019F0200FC9F386
:1011700040134FEA122718BFDEF830308DF81E20DA
:101180008DF81F704FEA12474FEA126218BF8DF8B0
:1011900019308DF8212018BFC3F307234FEA14221A
:1011A00008BF8DF819308DF81A308DF823200023F0
:1011B000220C8DF81D308DF824208DF82630220E5B
:1011C00004AB4FF0490A8DF8252000930A46052309
:1011D000014606A88DF818A08DF81B808DF82070A8
:1011E0008DF822408DF827C008F020FEF8B905AA36
:1011F000337B3179CDE90142B2680092043930681D
:10120000C3F34013042289B2FFF7E6FD00288CD116
:10121000BDF81030059A43EA0243F362304600F00D
:1012200040FB00287FF462AF2B68DC607DE70E2076
:101230007BE706F12C070092CDE901470622FFF774
:10124000CBFD0028EAD070E706206EE7B09E0020B4
:101250002DE9F04F87B08246109E894690461C4685
:10126000002E00F08C80002305A910460593FFF79F
:1012700023FD20B10625284607B0BDE8F08F059B69
:101280009C4201D80133F5D1304600F00BFA0546F7
:10129000002876D13C4810F82530534504D1B36876
:1012A0004B4506D00225E6E70135052DF3D10B2588
:1012B000E1E7364F337B3A683179927800EB850568
:1012C000002AF26A95F801B0CDF80090CDE901420C
:1012D000A1F10401AA783068C3F3401389B208BFB2
:1012E0000023FFF715FD05460028C4D196F82030ED
:1012F0000194002B4FF00103009396F82810706AB8
:101300004B4614BF5A460622FFF701FC054600284B
:10131000B1D13B689A78012A0AD008F1FF38B8F1B8
:10132000060FA8D8DFE808F015191C1F2225280091
:10133000BAF1040FF1D1307B1036CDE900464346B7
:10134000494600F00F00FFF743FC0028E5D00546B2
:1013500091E73B681C611C638DE73B685C61FAE7C1
:101360003B689C61F7E73B68DC6184E73B681C6293
:1013700081E73B685C627EE73B689C627BE709250E
:1013800079E70F2577E700BFCD0B0020B09E002046
:101390001FB5B1B90128CDE9001108BF2023CDE95F
:1013A00002114FF008024FF00001684608BF8DF8A7
:1013B000003008F0D6FD002818BF0E2005B05DF8FB
:1013C00004FB0A20FAE7000038B5054608F0C4FD22
:1013D000044650B955B9064B1B6801469878FFF78B
:1013E000D7FF10B9FFF756FC00B10E24204638BDD8
:1013F000B09E00202DE9F04304468FB08946164682
:10140000002A00F0AB80002900F0A8800025DFF85A
:101410005C8105951D22294606A80BF04BFDD8F8E6
:1014200000308DF81350FF2C9F8805D014F0FD0F6D
:101430000ABF4F4B9F8D1F880DF1130305AD02931B
:1014400001953379009333683A464946204608F0BF
:10145000A4FD002840F08480306832792946F3F7F3
:1014600004FE304600F0D0F800287BD1357AF279BE
:10147000B3799DF813002D0445EA02251D43D8F8E1
:10148000003001289A6803D1954203D803243EE036
:101490009542FBD09D600021FFF77AFF04460028AB
:1014A00035D1FFF7F7FB044688BB9DF81330012BBD
:1014B00031D13B464A4629460420FFF7C1FA0028AD
:1014C00052D13B464A4629460520FFF7B9FA002883
:1014D0004AD13B464A4629460620FFF7B1FA002882
:1014E00042D13B464A4629460720FFF7A9FA002881
:1014F0003AD1D8F800309DF813201D499A70002287
:101500000A80DA604FF0FF32C3E904229A61204674
:101510000FB0BDE8F083727AB37AF67A360446EA01
:10152000032616433B46324629460720FFF7C5FAF5
:10153000D0B93B46324629460620FFF7BEFA98B995
:101540003B46324629460420FFF7B7FA60B93B46CE
:10155000324629460520FFF7B0FAC8E70924D6E746
:101560000E24D4E70F24D2E70446D0E7B09E002033
:10157000B49E002070B588B0002940D0214C0022D4
:1015800014F8223083422CD10023CDE90133CDE978
:10159000053304EB8204039307930123C1F307206F
:1015A000CDB28DF80030C1F30743090E8DF802006B
:1015B0008DF8041002268DF812008DF81410627850
:1015C000E1788DF8015068468DF803308DF8106091
:1015D0008DF811508DF8133008F0C3FC38B10E208F
:1015E00003E00132052ACBD10B2008B070BDA278F0
:1015F000E17804A808F0B5FC0028F6D0EFE7092050
:10160000F3E700BFCD0B002010B50446002845D0FD
:101610000168002942D011F8013B437103220630D2
:10162000F3F723FD2046032250F8091B0431F3F79A
:101630001CFD2168CB79E3600A7A43EA0223E36068
:101640004A7A43EA0243E3608A7A43EA0263E36048
:10165000CB7A23740B7B63742379212B1AD110224C
:101660000D3104F11200F3F700FD1D222168501C1A
:101670008B5C6362085C43EA0023901C6362085C35
:10168000033243EA004363628A5C43EA02636362B3
:10169000002010BD112B03DC0D22E7E70220F8E744
:1016A0000120F6E710B50446002854D0016800294F
:1016B00051D00B7843714B7883608A7843EA0223D8
:1016C0008360CA7843EA024383600A7943EA02638B
:1016D00083604B7903738B79C381CA7943EA022310
:1016E000027BC38102F00F0208311030F3F7BDFC1A
:1016F000237B002203F00F0384F8202084F82820A5
:10170000227903F10800111A04290DDD216809333B
:10171000043AD21A085C84F82000D2B2606A84F8D5
:1017200028201944F3F7A1FC237922681A440020E9
:1017300012F8043CE36212F8031C43EA0123E3625B
:1017400012F8021C43EA0143E36212F8012C43EA57
:101750000263E36210BD0220FCE710B5044660B3EB
:10176000036853B30279162A29D942791A700146BF
:10177000082251F8060B0130F3F781FC21460822BC
:1017800051F80E0B0930F3F77AFC2368E28A5A7499
:10179000E38A22681B0A93742368A269DA74A36936
:1017A00022681B0A13752368628B5A752368E27ED0
:1017B0009A7517232371002010BD0120FCE7022039
:1017C000FAE710B5044600282FD003686BB30279FE
:1017D000172A2CD942791A70036882795A70014607
:1017E000082251F8070B0230F3F749FC2146082282
:1017F00051F80F0B0A30F3F742FC2368228B9A74DE
:10180000238B22681B0AD3742368E2691A75E36983
:1018100022681B0A53752368E28B9A752368E27F5E
:10182000DA7518232371002010BD0120FCE7022087
:10183000FAE710B5044600282FD003686BB302798D
:10184000122A2CD942791A70036882795A7001469B
:10185000032251F8070B0230F3F707FC2146082258
:1018600051F80A0B0530F3F70AFC2368628A5A73B1
:10187000638A22681B0A937323686269DA73636957
:1018800022681B0A13742368E28A5A742368E27D73
:101890009A7413232371002010BD0120FCE702205D
:1018A000FAE738B50446002863D00168002960D003
:1018B000037B90F8282003F00F03002A57D1083348
:1018C000207904321344984255D363790B7023680E
:1018D000A2685A70A36822681B0A93702368628901
:1018E000DA702368E27A1A712368227B5A712368BE
:1018F000E2899A71E38922681B0A2146D371227B0F
:1019000051F8100B02F00F020830F3F7AEFB237B07
:1019100094F8282003F00F0303F108052AB1226888
:1019200094F82010515503F10905206894F82820F7
:10193000616A2844F3F799FB94F828302268E16A39
:101940002B44D1545A1CE16A206892B2090A81548E
:101950009A1C2168E08D92B28854DA1C216894F8B0
:101960002F0092B2043388542371002038BD09330C
:10197000A6E70120FAE70220F8E70A288CBF00203A
:1019800001207047034682B008460A2B28D8DFE8BA
:1019900003F006090C0F1215181B1E21240002B0BB
:1019A00000F056BB02B001F0D9B802B001F070BE31
:1019B00002B002F00FBE02B003F0CCBD02B004F0E2
:1019C00009BB02B005F050BD02B005F02BB802B063
:1019D00007F048BC02B006F043BF02B006F05CBAA4
:1019E000002002B07047034608460A2B1DD8DFE8E6
:1019F00003F006080A0C0E10121416181A0000F054
:101A0000DFBB01F05BB901F041BF02F075BE03F02E
:101A10002FBE04F06DBB05F0B7BD05F093B807F01D
:101A2000BDBC06F0AFBF06F0C7BA70470346084614
:101A30000A2B1DD8DFE803F006080A0C0E1012145A
:101A400016181A0000F0D8BB01F054B901F03ABFE3
:101A500002F06EBE03F028BE04F066BB05F0B0BD18
:101A600005F08CB807F0B6BC06F0A8BF06F0BCBA0B
:101A700070470346084611460A2B1DD8DFE803F0DD
:101A800006080A0C0E10121416181A0000F010BCEA
:101A900001F0BCB901F0A0BF02F0A6BE03F060BE29
:101AA00004F0A8BB05F0F2BD05F0C4B807F01EBDF8
:101AB00006F0D8BF06F00ABB002070470346084670
:101AC0000A2B1DD8DFE803F006080A0C0E101214CA
:101AD00016181A0000F07CBF01F0C0B901F09ABFDF
:101AE00003F0C4B904F07EB904F0DEBE06F016B906
:101AF00005F0F2BB07F01EBD07F0F6BA06F012BB08
:101B00007047034608460A2B1DD8DFE803F0060895
:101B10000A0C0E10121416181A0000F0F5BB01F092
:101B2000DDB902F055B802F081BE03F03BBE04F00F
:101B300089BB05F0C7BD05F0A3B807F03BBD06F0B3
:101B4000B3BF06F017BB0020704710B40446084628
:101B500011461A46019B0A2C28D8DFE804F0060932
:101B60000C0F1215181B1E21240010BC00F0EABB3C
:101B700010BC01F0E9B910BC02F05AB810BC02F078
:101B800073BE10BC03F02CBE10BC04F079BB10BCBB
:101B900005F0B6BD10BC05F091B810BC07F046BD0D
:101BA00010BC06F09FBF10BC06F014BB10BC704701
:101BB0000346084611460A2B1DD8DFE803F0060845
:101BC0000A0C0E10121416181A0000F0EDBB01F0EA
:101BD000E7B902F059B802F079BE03F033BE04F061
:101BE00081BB05F0B9BD05F09BB807F04BBD06F011
:101BF000ABBF06F027BB0020704710B40446084670
:101C000011461A460A2C28D8DFE804F006090C0F02
:101C10001215181B1E21240010BC00F039BC10BC8A
:101C200001F00ABA10BC02F091B810BC02F0C2BEBA
:101C300010BC03F07BBE10BC04F0C8BB10BC05F0A8
:101C4000DBBD10BC05F0E0B810BC07F067BD10BCF0
:101C500006F0EEBF10BC06F039BB002010BC704788
:101C600030B40546084611461A46DDE902340A2D0D
:101C700033D8DFE805F0060A0E12161A1E22262AAD
:101C80002E00029430BC00F087BC029430BC01F0FE
:101C900039BA029430BC02F0D7B8029430BC02F0DA
:101CA0000DBF029430BC03F0C5BE029430BC04F0FA
:101CB00011BC029430BC05F01FBE029430BC05F08C
:101CC00027B9029430BC07F0A7BD029430BC07F0DE
:101CD00033B8029430BC06F061BB002030BC7047C2
:101CE000034608460A2B1DD8DFE803F006080A0C55
:101CF0000E10121416181A0000F0FEBC01F020BBE2
:101D000002F062B902F082BF03F03CBF04F08ABC6B
:101D100005F09ABE05F0ACB907F08EBE07F0B4B876
:101D200006F03EBC0020704708B5034608460A2B63
:101D300033D8DFE803F0060A0E12161A1E22262AEE
:101D40002E00BDE8084000F081BEBDE8084001F06B
:101D50001DBBBDE8084002F055B9BDE8084003F0DE
:101D6000C3B8BDE8084004F07BB8BDE8084004F003
:101D7000D9BDBDE8084006F00FB8BDE8084005F041
:101D8000E9BABDE8084007F083BEBDE8084007F0A7
:101D9000E9B906F02BFC40B208BD0020FCE7034681
:101DA00008460A2B1DD8DFE803F006080A0C0E10BF
:101DB000121416181A0000F0BDBC01F0EABA02F0C5
:101DC00024B902F041BF03F0FBBE04F04EBC05F0A5
:101DD00059BE05F06FB907F05EBE07F073B806F0A4
:101DE00007BC0020704708B5034608460A2B33D8C5
:101DF000DFE803F0060A0E12161A1E22262A2E000B
:101E0000BDE8084000F098BCBDE8084001F0C3BA46
:101E1000BDE8084002F0FCB8BDE8084002F018BF79
:101E2000BDE8084003F0D0BEBDE8084004F020BC87
:101E3000BDE8084005F02ABEBDE8084005F03EB9FF
:101E4000BDE8084007F02ABEBDE8084007F03EB8EC
:101E500006F0D0FB40B208BD0020FCE70346084670
:101E600011460A2B1DD8DFE803F006080A0C0E10F5
:101E7000121416181A0000F083BC01F08FBA02F099
:101E8000CAB802F009BF03F0C3BE04F01BBC05F0E2
:101E900021BE05F037B907F005BE07F03BB806F0E4
:101EA000ABBB0020704710B40446084611461A46E2
:101EB000019B0A2C28D8DFE804F006090C0F121544
:101EC000181B1E21240010BC00F05CBC10BC01F0EB
:101ED00087BA10BC02F0A0B810BC02F0DFBE10BC84
:101EE00003F098BE10BC04F0EFBB10BC05F0F4BDCD
:101EF00010BC05F009B910BC07F0F6BD10BC07F026
:101F00000BB810BC06F08CBB092010BC704710B495
:101F10000446084611461A460A2C28D8DFE804F081
:101F200006090C0F1215181B1E21240010BC00F00E
:101F3000ADBD10BC01F0F2BA10BC02F0FDB810BC8F
:101F400002F0F2BF10BC03F0ABBF10BC04F00ABD3E
:101F500010BC05F041BF10BC05F01CBA10BC07F066
:101F600061BE10BC07F01EB910BC06F00FBCC8B2B1
:101F700010BC70470346084611460A2B1DD8DFE8FF
:101F800003F006080A0C0E10121416181A0000F0BE
:101F90008BBD01F0D3BA02F0DBB802F0CBBF03F087
:101FA00085BF04F0E5BC05F01DBF05F003BA07F0DE
:101FB00043BE07F0FDB806F0F9BB70470048704714
:101FC00003000102064B10B51B6A0446984730B166
:101FD0000448054B204498428CBF0020012010BDCE
:101FE000002C0308403576C9405DC600F0B5114BA2
:101FF00085B00C4610491F56054603F05BFA0F4B9F
:10200000E4B25E6A072D4FF00103CDE902430146B9
:102010000AD105220023CDE900234FF47A727A43D6
:102020001846B04705B0F0BD08220020CDE90020D9
:102030003A46F5E7E32D0308BC2D0308002C0308FE
:1020400004289CBF014B1870704700BFB69E00204B
:102050001FB5002300930378013B362B7ED8DFE8C1
:1020600003F01C227D7D7D1F7D7D7D7D3F41437D75
:102070004C4F5255585B7D631F696E7375787D7A3E
:102080007D247D7D7D7D7D7D7D7D7D7D7D7D7D81D5
:10209000858A7D7D8C8A7D909400C378002B5DD0ED
:1020A000022300935AE08378F8E743788DF80430F0
:1020B00007238DF805308378002B0CBF0023022303
:1020C0008DF8063010238DF80730334B1B6801A8BC
:1020D00003F59062CDE9022303F0CCF900903DE0D6
:1020E0004023DEE72023DCE7827890F9013012B943
:1020F0002A4AD35CD5E72A4AFBE740F6B833D0E753
:102100004FF47A73CDE74FF4FA63CAE741F28833AC
:10211000C7E741F27073C4E722484FF47A71F2F7CF
:1021200097FF00F5FA60D9E71F4B1A781F4B53F859
:102130002230B6E7184B1B6803F59063B1E7164BE6
:102140001B6803F28C43ACE71023AAE7124B1B6811
:10215000A7E70123A5E74FF083430093009805B05C
:102160005DF804FB104B1A78114BE0E740F21113B5
:10217000ADF80030F2E7032393E70B4B1A780D4BD1
:10218000D5E790F901300C4AB3E70C4990F901000A
:1021900003F090F9A2E700BFBC9E00206B2E03085D
:1021A000732E030818FCFFFFB69E00200C0C0020C5
:1021B000E40B0020F80B0020E32D0308BC2D0308DE
:1021C00037B50B4B02781B680C2101FB02335B7A9D
:1021D00003EB4304074B1D6803690093C36842780F
:1021E000816805EBC40002F042FF03B030BD00BFC0
:1021F000BC9E0020B89E002010B586B0027B6423F0
:10220000ADF80030012A4FF00003CDE90133CDE9EC
:1022100003338DF802308DF814302CD0022A33D0DD
:102220003ABB03682BB343681BB31C4C8068236024
:102230001B4B182269461860F2F717FF194B1A78E2
:1022400023680C245443184A224407CA83E8070031
:10225000164A224407CA03F10C0484E8070003224B
:10226000A3F88C2403F28C41012203F5906002F064
:10227000EFFE06B010BD094908684360036100F233
:102280008C4100F59060F2E7044B1B68B3F88024A2
:10229000B3F88C140A43A3F88024EAE7BC9E00201C
:1022A000B89E0020B69E0020200C00205C0C002070
:1022B00008B503460A2924D8DFE801F006232323C2
:1022C000230B161B23212100BDE808400068FFF7FF
:1022D00079BE90F900009978072271B902F078FE72
:1022E000003818BF012008BD052293F90000002125
:1022F000F4E790F900005978EEE70221EEE70722B3
:10230000F3E70020EFE7000010B504791CB1012CC1
:102310000BD0002010BD0A4B01681B68012203F599
:10232000906002F095FE0120F4E7054B01681B6800
:10233000224603F28C4002F08BFE2046EAE700BF03
:10234000BC9E0020F7B50728144D1C46A8BF0720E7
:1023500058700E462946174603F0ACF894F9013040
:10236000A070072B13D1322002F074FF0C4BDB6DF1
:102370000546984704F10C02083403460192009484
:102380003A463146284602F06AFF03B0F0BD054ADE
:1023900055F82310D05C02F055FFE7E7BC2D030889
:1023A000002C0308E32D03082DE9F04FDFF8CC9053
:1023B00090F90180D9F8043046688BB005468A460A
:1023C00098470446002856D1AB7C63B92C4A2B7839
:1023D000126803EB430302EB830152F823604B685E
:1023E000002B18BF1E46274B304613F908B0D9F80A
:1023F0000C309847D9F81830AF689C46B8F1070FF1
:102400006B7C099325D100230121CDE904311E49BC
:1024100006930522CDE90733CDE90012BFB24FF490
:102420007A720393029702FB0BF24CF2503118467A
:102430006546A847154B13F80810D9F854300D31EC
:102440002046C9B298478AF8008001200BB0BDE849
:10245000F08F002601240823CDE90063CDE907644D
:10246000CDE90566CDE90366BFB20297A978234698
:102470005A462046DCE70020E8E700BF002C0308AE
:10248000BC9E0020E32D0308854501006B2E030848
:102490002DE9F04FDFF8EC9090F9013092463A4A7E
:1024A00012F903B00278D9F800300C2505FB02338D
:1024B000364A5B7A126803EB43038DB002EBC30329
:1024C00004460B9190F9020093F9021002F0EDFF1F
:1024D0002F49064694F9010002F0ECFFA2686168FA
:1024E0008046304602F0E4FE2378D9F80020DFF879
:1024F000A4905D430746D9F80C3050599847D9F855
:102500001C309C4694F901300025072B4FF47A6368
:10251000CDE90753CDE9055523D10123CDE9035377
:102520000523CDE901534FF47A7303FB0BF30093BA
:102530003946434646F2A81228466746B847A1895D
:1025400094F90100FFF752FDCAF80000D9F85430A1
:10255000217B284698470B9B01201E700DB0BDE8DB
:10256000F08F01200823CDE90350CDE901032A466D
:10257000CDF800B0654643463946A84701200546D8
:10258000DDE700BFBC9E0020E32D0308B89E0020BD
:10259000BC2D0308002C03082DE9F04F8FB0002458
:1025A000DFF850B104940546894690461F46ADF8C1
:1025B0001440ADF8024007264FF00C0A2B7AA342D4
:1025C00006D9686804A9204402F0D6FD00285CD131
:1025D00002238DF8083002A86B7A8DF80A30FFF7D5
:1025E00037FDAB7A8DF81D309DF811308DF81E3017
:1025F0009DF812308DF81F309DF810308DF8203086
:10260000EB7A8DF821302B7B8DF822306B7B8DF8A7
:10261000233010238DF81C608DF82430354E8DF852
:102620002C000DF102030A93072332688DF82D3038
:10263000ADF834302B680C9206930DF1120204AB06
:102640000DF1110106A802F0B1FD072805460BD1D6
:1026500030680C22002100F59060F2F71AFD336813
:10266000BDF80220A3F880249DF8113089F80030CD
:102670009DF8123088F800309DF810303B70189BA0
:1026800028461C700FB0BDE8F08F9DF81320BDF8F0
:102690001430ADF802300444E4B2C2B9E3B1DBF85F
:1026A0000010002007264FF0010C062A16D10AFB65
:1026B00000F3CB583BB1BDF802E00CFA00F343EA5B
:1026C0000E03ADF8023001301028EED176E7531E2C
:1026D000042B01D9062AE2D006266FE7BDF80230A6
:1026E0000341DB07EFD50AFB00F3CB58002B08BFF3
:1026F0000626E8E7BC9E002038B505464068FFF78F
:1027000061FC072200284FF0000195F9000014BF7A
:102710000724062402F05CFC08B904F0050495F9CE
:1027200001000722002102F053FC08B904F0FB0469
:10273000204638BD0020704710B503780F2B0446A3
:102740001AD84068FFF73EFC22780C4902EB42029F
:102750000968002801EB820051F8222014BF0323EE
:1027600002231AB903F0010358B210BD032B06BFB0
:10277000626842600223F7E70020F6E7BC9E002073
:10278000022070472DE9F04F564F0446386899B043
:102790008846914600211D460122032300F59060E2
:1027A000CDE90611CDE908118DF814108DF815103A
:1027B000ADF8163002F02EFC30B93A68B2F8803429
:1027C00043F00303A2F880343A68637A8DF8283026
:1027D00002F59061CDE90B12434A94F90830126872
:1027E0000D920DF116020F922268109262681192FA
:1027F000D4E90301A27A8DF8482001228DF84920FE
:1028000013AA82E803001026227DE18A8DF8293080
:1028100018468DF85420ADF83860FFF7E7FB0AAB97
:1028200017930DF11503169000932946CDF80490E7
:1028300005AB06AA10A802F0D9FD0546002846D12E
:10284000EAF7FBFB012835D1EAF7FBFB8346EAF701
:10285000FCFB9DF81410814601392846F2F7F8FB7D
:10286000224B23491B690393C4B218AB23449DF840
:10287000140013F848AC0134B4FBF0F300FB13442C
:102880000C2303FB0AFC38684B4650F80C00DDF8BB
:102890000CC05A46E047E4B2154928B188F800A0B8
:1028A000284619B0BDE8F08F013E16F0FF06DCD1D6
:1028B0000D25F5E79DF8141028460139F2F7C8FBFD
:1028C00018AB184410F8483C88F80030E8E70C28AA
:1028D00001BF3A68B2F8803443F00303A2F88034B1
:1028E000DEE700BFBC9E0020B89E0020002C03083D
:1028F000400D0300F8B50679012E054601D80620E3
:10290000F8BD0F2E2BD80368187A40F30300072276
:10291000002140B202F05CFB2B680446187A40F3B9
:1029200003100722002140B202F052FBA8B1B4FA12
:1029300084F4640929680B7A086843F3030243F3BB
:10294000031352B25BB29A42C8BF0124FFF73AFBAD
:1029500048B9002CD3D10420D2E70124EAE70320B0
:10296000CEE70520CCE7002CFBD10C4F29683B6853
:1029700006EB460003EB80000C22F2F776FB3A6888
:102980000C2303FB062320465C72012303FA06F6A0
:10299000B2F880341E43A2F88064B1E7BC9E0020E8
:1029A00010B4017801290ED9084B18680C234B4349
:1029B000C4180022C250C4E9012200F5906010BC86
:1029C000102202F00EBB002010BC7047BC9E0020FD
:1029D0002DE9F04186B050238DF81430037A102B86
:1029E000074630D14368DD7B6DBB0224A8466426D0
:1029F000062C14D87A68535D03932A44517843EA2D
:102A000001230393927843EA02437343CDE90338E9
:102A100063B968468DF80040FFF7C2FF0DE0CDF8BE
:102A20000C808DF81480CDF81080F2E703AB01A87C
:102A300001938DF80840FFF75DFF0134E4B2102CDC
:102A400005F10305D4D106B0BDE8F0811FB50268D9
:102A50000379116851B901A88DF80430FFF7A0FF80
:102A600078B9002040B205B05DF804FB02A80292DC
:102A70008DF80C30FFF73EFF0628F2D8024B185CA9
:102A8000F0E70320EEE700BFDC2D0308C90020B902
:102A9000034B19448856C0B27047024BF9E700BF98
:102AA000EB2D03082B2E030810B586B00B4B0193BA
:102AB0008368029340F21133ADF80C3000238DF897
:102AC0000E30436804930388ADF8143001A80C4617
:102AD00002F004FC0323237006B010BDE32D0308AD
:102AE00030B50B4B85B00C460A491D5602F0E2FC8E
:102AF000082201460020CDE90020074A0123E4B264
:102B000002940393546A18462A46A04705B030BD84
:102B1000E62E03087C2E0308002C03080B4B10B58F
:102B20001B6A0446984768B1094B0A4A23449342FA
:102B300009D8094A534341F6F632B2EBB31F2CBF12
:102B40000120002010BD0020FCE700BF002C03087E
:102B5000608FF7C8401640005FF743591FB5002348
:102B600000930378013B362B25D8DFE803F01C20C7
:102B700024242422242424244345472450535659F2
:102B80005C5F24671E696E737578247A2428242478
:102B900024242424242424242424247D831E1E2449
:102BA0007D1E1E8B8F00C3781BB9082302E083783B
:102BB0000BB102230093009805B05DF804FB437845
:102BC0008DF804300D238DF805308378002B0CBF71
:102BD000002302238DF8063048238DF807302E4B52
:102BE0001B6801A803F59062CDE9022302F042FCC4
:102BF0000090E0E74023DDE72023DBE7827890F9CF
:102C0000013012B9254AD35CD4E7254AFBE740F6E8
:102C1000B833CFE74FF47A73CCE74FF4FA63C9E7E0
:102C200041F28833C6E741F27073C3E71D484FF4A1
:102C30007A71F2F70DFA00F5FA60D9E71A4BB9E7A5
:102C4000154B1B6803F59063B4E7134B1B6803F245
:102C50008C43AFE74823ADE70F4B1B68AAE701237E
:102C6000A8E7124B0093A6E7114A0F49007900F03C
:102C7000DCFCBDE740F21743ADF8003003238DF8CC
:102C8000023098E790F901300A4ABCE70A4990F906
:102C9000010002F00FFCABE7D09E0020F62E0308E7
:102CA000042F030818FCFFFFA07008370000F04154
:102CB000C0270900E62E03087C2E030837B50B4B0E
:102CC00002781B680C2101FB02335B7A03EB43049F
:102CD000074B1D6803690093C3684278816805EB60
:102CE000C40002F0C4F903B030BD00BFD09E002084
:102CF000C89E0020F0B587B00123047BADF80030FA
:102D00000023CDE90133CDE903338DF802308DF88E
:102D1000143024B1013C012C50D907B0F0BD036838
:102D2000002BFAD04268002AF7D0314E806832601A
:102D3000304A314D10609C81182269462B60F2F7B1
:102D400094F930682D4B2E4F024601464FF0500C3F
:102D50000B6003F5433303F5A073BB4281F808C051
:102D60004C7201F10C01F3D1264B27496627002450
:102D7000C2F8003303F5C31303F520638B4282F8D6
:102D8000087382F8094302F10C02F1D14FF0FF33CE
:102D9000C0F88C34C0F89034FF23C0F8943400F2AB
:102DA0008C41062200F5906002F052F931682868E3
:102DB000062201F5906102F04BF9AEE70C4C206859
:102DC000062200F28C4100F5906002F041F90A4BB6
:102DD00021681B6801F590619A1E0A3332F8024F90
:102DE00031F8020B9A4200EA04001080F6D194E711
:102DF000D09E0020C89E0020CC9E002000D88C369B
:102E0000002850376086973660D65A3708B5034693
:102E10000A2921D8DFE801F006202020200B0B181A
:102E2000201D1D00BDE808400068FFF777BE9978B7
:102E300090F900000D2229B902F0CAF8003818BF35
:102E4000012008BD0221F7E70D22082193F90000B7
:102E5000F2E70E220021F9E70020F2E7F8B51C4B5B
:102E60001B68044683BB237A102B30D16368DB7B5D
:102E7000012B2CD1174B1868174B1D6800F5906675
:102E8000023D00223146636813F8123033806768D0
:102E900007EB4207042A7F7843EA072326F8023B20
:102EA00004BFDBB2A0F8883435F8023F36F8027C64
:102EB00001323B40052A2B80E5D1BDE8F8400622CF
:102EC00000F28C4002F0C4B898470028CBD0F8BD7F
:102ED000C09E0020D09E0020CC9E002038B50479F2
:102EE0001CB1012C21D0002038BD154D01682B6884
:102EF000062203F5906002F0ABF82B6893F8942457
:102F0000A3F894240F4AA3F89644126803F590633B
:102F1000911E0A3231F8024F33F8020B914200EA57
:102F200004000880F6D10120DEE7054B01681B682C
:102F3000062203F28C4002F08BF82046D4E700BF53
:102F4000D09E0020CC9E0020F7B50D28114DA8BFC3
:102F50000D201C460E4658702946174602F0AAFA64
:102F600094F901300C4A55F82310A070D05C02F09F
:102F700069F90A4BDB6D0546984704F10C020834E9
:102F80000346019200943A463146284602F067F91A
:102F900003B0F0BD7C2E0308E62E0308002C0308C6
:102FA0002DE9F0471F4E90F90190736845688AB08B
:102FB000044688469847002831D1A37C33B9257848
:102FC000194A05F00703194D02FB0355184B284613
:102FD00013F909A0F3689847637C228909930125B6
:102FE000002302920822CDE90032CDE90735CDE970
:102FF0000533CDE90333A178B7692B4652462846FD
:10300000B8470C4B13F80910736D0D312846C9B23F
:10301000984788F8009028460AB0BDE8F08700205D
:10302000FAE700BF002C0308C0270900A07008378A
:10303000E62E0308F62E03082DE9F04FDFF8B0A0C6
:1030400090F9013091462B4AD7560278DAF80030D1
:103050000C2505FB0233284A5B7A126803EB430315
:1030600002EBC3038DB00446884690F9020093F941
:10307000021002F01AFA2149064694F9010002F002
:1030800019FAA26861680B90304602F011F92278B3
:10309000DAF80010DFF868A055438346DAF80C2010
:1030A00048599047012500224FF47A630821CDE961
:1030B0000723CDE90522CDE90325CDE901510B9B7D
:1030C000009759462846DAF81C70B847DAF85430A9
:1030D000217B28469847A18994F90100FFF700FD5C
:1030E000C9F80000284688F800600DB0BDE8F08FF0
:1030F000D09E0020E62E0308C89E00207C2E0308E8
:10310000002C03082DE9F04F8B4F95B0CDE901124B
:103110003968039309AE00240546062201F5906143
:103120003046C6E901440794ADF82040099401F007
:103130008FFFA0464FF6FF792B7AA34207D9686824
:1031400007A9204402F018F8002840F083809DF978
:103150001D30052B07DC0422002109A801F05AFFCD
:10316000012840F2E6804FF0070802238DF8143062
:1031700005A86B7A8DF81630FFF7F0FCAB7A8DF866
:1031800035309DF81D308DF836309DF81E308DF8A5
:1031900037309DF81C308DF83830EB7A8DF83930A7
:1031A0002B7B8DF83A306B7B8DF83B3048238DF8C4
:1031B0003C300D238DF845303B6812930E23ADF85B
:1031C0004C302B6804908DF844000C930DF11E02D6
:1031D00007AB0DF11D010CA88DF83480109601F09D
:1031E000E5FF0728054623D138680622314600F559
:1031F000906001F02DFF514B3A681B68B2F88004D3
:10320000198801401980B2F8820459880140598018
:10321000B2F88404998801409980B2F88604D9886C
:103220000140D980B2F888141981B2F88A245A81F1
:10323000019A9DF81D301370029A9DF81E3013708C
:10324000039A9DF81C3013701E9B28461C7015B005
:10325000BDE8F08F9DF81F30BDF820200444062BF8
:10326000E4B20BD1ADF82490ADF82690ADF82890DB
:10327000ADF82A90D2B2ADF82C205DE7072B08D12B
:10328000ADF82480ADF82680ADF82880ADF82A800E
:10329000F0E7052B47D14FF0000CD2B26146012375
:1032A00003FA0CFA0CEA030B14AB03EB410E12EA1F
:1032B0000A0F3EF82C3C0FFA8AF01DD0BBF1000F2C
:1032C0000ED143F0FF032EF82C3CBDF82C30034305
:1032D000ADF82C300CF1010CBCF1080FDFD12BE75D
:1032E00063F0FF032EF82C3CBDF82C300343ADF8FF
:1032F0002C300131C9B2EDE7C043BBF1000F09D159
:1033000023F0FF032EF82C3CBDF82C301840ADF80C
:103310002C00DFE7DBB22EF82C3CBDF82C30184037
:10332000ADF82C00E5E714A901EB430323F82C2C9E
:1033300002E74FF0060818E7D09E0020CC9E002040
:1033400038B505464068FFF7E9FB0D2200284FF02D
:10335000080195F9000014BF0724062401F038FE87
:1033600008B904F0050495F90030072B01D00D2BA6
:1033700001DD04F0FD0495F901000522002101F0B2
:1033800027FE08B904F0FB04204638BD4FF0FF309B
:103390007047002070474FF0FF30704710B50E4B5C
:1033A0005B680C462BB90D4B1A68537B34B1013B5B
:1033B00005E0984740B20028F5D010BD01335373A3
:1033C000537BC3EBC30203EBC203DBB21D2B34BF41
:1033D00006200220F1E700BFC09E0020CC9E002006
:1033E0002DE9F0470025A4B0494E8DF80E50044653
:1033F0000F4691462946442213A898468DF80F504F
:10340000129509F057FD29463068DFF808A104221B
:1034100001F000FE054648B9DAF8001030680422D1
:1034200001F5906101F014FE33681D7394F90820D2
:103430003368DAF80010052A04DD1A7A12B9B1F8F7
:1034400088241A81CDE90531334B627A1B680793D2
:103450004823ADF820300023099323680A9363685A
:103460000B93D4E90301A37A8DF810208DF8303046
:1034700094F908208DF8112001238DF831300DAB1F
:1034800083E80300237DE18A8DF83C301046FFF786
:1034900027FB04AB11930DF10F0310900093CDF8AF
:1034A00004900DF10E0312AA41460AA801F09EFFF6
:1034B000054680B9637A93B19DF80E100139F1F792
:1034C000C7FD24AB184410F8483C3B70397830688D
:1034D000482201F086FD284624B0BDE8F08794F923
:1034E00008303068022B0AD0007A2A46D3B240FA5C
:1034F00003F1C90702F10102F8D54033E5E73A4686
:1035000000F10C0100F03EF80328DFD10546E2E7A8
:10351000CC9E0020D09E0020C89E0020064B10B5F7
:10352000062404FB01339B56002B03DA00280CBF52
:1035300000230223D8B210BDBC2E030810B586B0FC
:103540000B4B01938368029340F61703ADF80C30E0
:1035500002238DF80E30436804930388ADF81430CD
:1035600001A80C4601F0BAFE0823237006B010BD76
:10357000E62E030803C8024B83E80300704700BF30
:10358000C09E00202DE9F3410023CDE900330E4613
:103590009046074618B9032002B0BDE8F081002923
:1035A000F9D0002AF7D00C786308E00737F8131039
:1035B0004FF0000354BFC9B2090A1D4641FA03F295
:1035C000D207D8B205D502AA2A44013502F8080C60
:1035D000EDB20133082BF1D15DB1691E0020F1F786
:1035E00037FD02AB184410F8083C03EBC40388F81D
:1035F00000300134E4B2082C28BF00241DB9337810
:10360000A342D1D1C7E734700020C5E788420AD36E
:10361000904208D8401AB0FBF3F103FB1100B0FA56
:1036200080F0400970470020704702FB001070478F
:1036300030B50B4B85B00C460A491D5601F03AFFD8
:10364000082201460020CDE90020074A0123E4B208
:1036500002940393546A18462A46A04705B030BD29
:10366000642F0308142F0308002C0308064B10B521
:103670001B6A0446984728B1044B20461B69BDE8E5
:103680001040184710BD00BF002C0308D49E002036
:103690001FB5002300930378013B362B3AD8DFE8AF
:1036A00013F037003700390039003900370039008E
:1036B00039003900390051005300550039005A00D3
:1036C0005D0060006300660069003900710037002A
:1036D000810086008B008D00390039009000390090
:1036E0003C0039003900390039003900390039000F
:1036F0003900390039003900390039009300A3003E
:10370000AB00AD00B600C300AB00D000DA00DE00B5
:1037100001230093009804B010BD43788DF8043065
:1037200005238DF8053046F20103ADF806304F4B06
:103730001B6801A803F59062CDE9022301F09AFE0F
:103740000090E7E74023E4E72023E2E790F9013027
:10375000474AD35CDDE740F6B833DAE74FF47A73D3
:10376000D7E74FF4FA63D4E741F28833D1E741F267
:103770007073CEE73F484FF47A71F1F769FC00F5BA
:10378000FA60DDE73C4B0093384B1B6893F89824B4
:10379000002ABFD0394A93F89A14126A93F8990410
:1037A0009047CDE7314B1B6803F59063B1E72F4B92
:1037B0001B6803F28C43ACE76023AAE72B4B1B6822
:1037C000A7E72F4B0093A5E72B4B0093274B1B68D4
:1037D00093F89824002A9DD0284A5468002293F830
:1037E00099140079A047ABE740F21323ADF80030FD
:1037F00001238DF802308DE702238AE71B4B1B68FB
:1038000093F89834002B85D01C4B9B7881E7174B9D
:103810001B6893F89824002A3FF47CAF174A93F86A
:103820009904926890478BE7134B00930F4B1B68EA
:1038300093F89824002A3FF46DAF104A546801228F
:10384000CDE70A4B1B6893F89834002B3FF462AF26
:103850000A4BDB785DE790F901300A4A79E70A49BB
:1038600090F9010001F026FE6AE700BF009F0020EA
:103870006C2F030818FCFFFF2081051DD49E00203B
:1038800033339941642F0308142F030837B50B4BCA
:1038900002781B680C2101FB02335B7A03EB4304C3
:1038A000074B1D6803690093C3684278816805EB84
:1038B000C40001F0DCFB03B030BD00BF009F00205E
:1038C000F89E0020F0B587B0047B00230127CDE9E6
:1038D0000133CDE90333ADF800708DF802308DF877
:1038E000143024B1013CBC4241D907B0F0BD02689C
:1038F000002AFAD04368002BF7D02A4D2A4E2B60BD
:103900002A4B80683260694618221860F1F7ADFBD7
:103910002868274B80F89A44264CA0F898742360B6
:10392000254B6360254BA360254BE360254B23614A
:10393000254B6361254BA361254BE361254B236236
:1039400000F066FC2868A36900F28C40984728685C
:10395000062200F28C4100F5906001F079FB2968A5
:103960003068062201F5906101F072FBBDE70D4C55
:103970002068062200F28C4100F5906001F068FB9F
:10398000094B21681B6801F590619A1E0A3332F8D1
:10399000024F31F8020B9A4200EA04001080F6D17F
:1039A000A3E700BF009F0020FC9E0020F89E00209F
:1039B00004040808D49E0020A54202088941020898
:1039C00091410208F94102081142020869420208C5
:1039D0007D420208A9420208072908B504D8042933
:1039E0000DD839B1002013E009390129FAD807228E
:1039F000002106E0BDE808400068FFF737BE052259
:103A0000012190F9000001F0E3FA003818BF01200D
:103A100008BD0000F0B5484B01781A68474B82F8A2
:103A200099140124072982F89A4413D8444919604B
:103A300044495960444999604449D96044491961ED
:103A400044495961444999614449D96182F898448B
:103A500043491EE0A1F10805012D43D9A1F10A0552
:103A6000042D2AD90F390429E0D8042182F89814AA
:103A70003C4919603C4959603C4999603C49D960CE
:103A80003C4919613C4959613C4999613C49D961BA
:103A90003C491962017A10290ED14168C97B01297C
:103AA0000AD13949D1F800C000265978F5B26C0026
:103AB000A9425FFA84FE2AD8F0BD032182F8981447
:103AC0002849196031495960314999603149D960B3
:103AD0003149196131495961314999613149D96196
:103AE0003149D6E7022182F89814304919603049EB
:103AF0005960304999603049D9603049196130497D
:103B00005961304999613049D9613049C1E741680B
:103B1000144411F80E10A4F8801447687744013655
:103B20007F7841EA0721A4F880143CF81540214031
:103B30002CF81510B9E700BF009F0020D49E00208C
:103B400004040808A54202088941020891410208BC
:103B5000F941020811420208694202087D42020846
:103B6000A942020803030101D9440208E144020802
:103B7000E5440208E9440208014502082D4502080F
:103B80003145020851450208FC9E0020DD42020832
:103B9000E5420208E942020851430208694302086B
:103BA00095430208A9430208C943020804040120FE
:103BB00099440208D1430208D9430208DD430208B0
:103BC000154402086D44020871440208B544020815
:103BD00010B504791CB1012C1BD0002010BD124C73
:103BE00001682368062203F5906001F031FA0F4B5B
:103BF00021681B6801F590619A1E0A3332F8024F62
:103C000031F8020B9A4200EA04001080F6D101203C
:103C1000E4E7054B01681B68062203F28C4001F0C3
:103C200017FA2046DAE700BF009F0020FC9E002024
:103C3000F7B50528114DA8BF05201C460E46587043
:103C40002946174601F036FC94F901300C4A55F824
:103C50002310A070D05C01F0F5FA0A4BDB6D05462D
:103C6000984704F10C0208340346019200943A4646
:103C70003146284601F0F3FA03B0F0BD142F0308D3
:103C8000642F0308002C03082DE9F047294E90F912
:103C90000190736845688AB00446884698470028B2
:103CA00046D1E37C002B3CD0A37C002B2DD1224BB2
:103CB0002078DB6998470546204B284613F909A070
:103CC000F3689847637C22890993012500230292B7
:103CD0000822CDE90032CDE90735CDE90533CDE93C
:103CE0000333A178B7692B4652462846B847144B90
:103CF00013F80910736D0D312846C9B2984788F83A
:103D0000009028460AB0BDE8F087012BD4D10D4BB6
:103D1000094A1B68126A93F89A1493F89904904719
:103D2000C9E72278084B0C2101FB02335D68C3E729
:103D30000020E7E7002C0308D49E0020642F03082E
:103D40006C2F0308009F0020980C00202DE9F04FF5
:103D5000384E90F90130DFF8E0B09246374A894694
:103D6000D356017832680C2505FB01223449527A7A
:103D7000096802EB420201EBC2028DB0044692F9DF
:103D8000021090F902000B9301F08FFB2D490746BA
:103D900094F9010001F08EFB6168A2688046384604
:103DA00001F086FA22780A9055433068DBF80C203F
:103DB0004059904794F90120DBF81C300025072A70
:103DC0004FF47A629C46CDE90752DDE90A13CDE94A
:103DD000055521D10122CDE903520522CDE9015239
:103DE0004FF47A72534300932846434646F2A81292
:103DF0006646B0472846DBF85430217B9847A189B6
:103E000094F90100FFF714FCCAF80000012089F8BA
:103E100000700DB0BDE8F08F01260822CDE90356F1
:103E2000CDE9016200932A46304643466546A847DD
:103E30003046E0E7009F0020002C0308642F0308B1
:103E4000F89E0020142F03082DE9F04FDFF86C8155
:103E5000DFF86CB193B08A46D8F80010019307AE32
:103E600000240546914601F5906106223046C6E9D8
:103E700001440594ADF81840079401F0E9F80727CC
:103E80002B7AA34207D9686805A9204401F074F988
:103E9000002840F081809BF800200021304601F08E
:103EA000B9F8002800F0868002238DF80C3003A8B2
:103EB0006B7A8DF80E30FFF7EBFBAB7A8DF82D3077
:103EC0009DF815308DF82E309DF816308DF82F3076
:103ED0009DF814308DF83030EB7A8DF831302B7B33
:103EE0008DF832306B7B8DF8333060238DF83430B1
:103EF00005238DF83D30D8F8003010930723ADF836
:103F000044302B6802908DF83C000A930DF11602A4
:103F100005AB0DF115010AA88DF82C700E9601F075
:103F200045F90728054625D1D8F800000622314674
:103F300000F5906001F08CF8224BD8F800201B6847
:103F4000B2F88004198801401980B2F882045988B7
:103F500001405980B2F88404998801409980B2F8F0
:103F60008604D9880140D980B2F888141981B2F842
:103F70008A245A819DF815308AF80030019A9DF8FC
:103F8000163089F800309DF8143013701C9B2846B9
:103F90001C7013B0BDE8F08FDBF80C70D8F800305F
:103FA000BDF818209DF8171004443046B847E4B215
:103FB000074665E707F0FE0776E700BF009F002091
:103FC000D49E0020FC9E002038B505464068FFF7CF
:103FD0004DFB052200284FF0010195F9000014BFA8
:103FE0000724062400F0F4FF08B904F0050495F94D
:103FF00001000522002100F0EBFF08B904F0FB04EA
:10400000204638BD4FF0FF3070474FF0FF3070470B
:104010004FF0FF30704770472DE9F0470025AAB0F8
:1040200004468846924629465C2213A899468DF894
:104030000A508DF80B50129508F03CFF384B394F61
:10404000394E1868039029463A783068374D00F0A9
:10405000E1FF70B929683A7830684FF0FF33C1F852
:104060008034C1F88434C1F8883401F5906100F0DF
:10407000EFFF31680591296806912D49627A096838
:104080000791602194F90830ADF8201000218DF8D7
:1040900010208DF8113009913AB92649069103AAEA
:1040A00014210592ADF82010099222680A926268E4
:1040B0000B92D4E90301A27A8DF8302001228DF809
:1040C00031200DAA82E80300227DE18A8DF83C2090
:1040D0001846FFF7ADFA04AB11930DF10B031090E6
:1040E0000093CDF804A00DF10A0312AA49460AA8CC
:1040F00001F07CF9044670B99DF80A100139F0F717
:10410000A7FF2AAB184410F8601C88F800103A7812
:10411000306800F066FF20462AB0BDE8F08700BF97
:1041200044010308D49E0020FC9E0020009F002034
:10413000F89E0020980C0020044B062000FB013361
:10414000985620EAE070C0B2704700BF342F0308D1
:1041500010B586B00B4B01938368029340F2132392
:10416000ADF80C3000238DF80E30436804930388BB
:10417000ADF8143001A80C4601F0B0F8022323700A
:1041800006B010BD642F0308C00000F0F8007047AF
:10419000F0B50446081F01282CD906290AD14FF68C
:1041A000FF7323806380A380E380002323816381E6
:1041B0000720F0BD072905D1002323806380A38059
:1041C000E380F3E70DB201EB410103EB811107201E
:1041D00000230C2642FA03F7FF0705D506FB03F779
:1041E000CF59002F08BF06200133102BF2D124F83D
:1041F0001520DEE70620DCE7024B034A0349FFF700
:1042000005BA00BF400D030020FD971D60BAD71C02
:10421000114B124930B5024651250024136003F5B5
:10422000433303F5A0738B421572547202F10C02F2
:10423000F4D10B4B0B4A51240021C0F8803103F517
:10424000433303F5A073934280F8884180F88911C5
:1042500000F10C00F1D130BD6035081C60DD691C37
:10426000E0CC021EE074641E4FF6FF7303804380AF
:104270008380C3800023038143817047202834BF9B
:10428000002220220449054BA0EB0200044A28BF6B
:104290000B4602FB003070476062391D60BAD71CC4
:1042A000400D0300FFF7EABFF0B50A4D06460F4682
:1042B0000FCD89B06C460FC495E80F0084E80F005D
:1042C00037B108AB03EB860656F8200C09B0F0BDF9
:1042D0000148FBE7480103082081051D004870479D
:1042E00020937F1D00207047F0B50446481F022828
:1042F0002CD903290AD14FF6FF7323806380A38052
:10430000E3800023238163810720F0BD042905D1C8
:10431000002323806380A380E380F3E70DB201EBE9
:10432000410103EB8111072000230C2642FA03F719
:10433000FF0705D506FB03F7CF59002F08BF06205E
:104340000133102BF2D124F81520DEE70620DCE73C
:10435000024B034A0349FFF759B900BF400D030060
:10436000E0857C1D2055361D084B094A10B50021FB
:104370005124036003F5433303F5A07393420472A1
:10438000417200F10C00F4D110BD00BF6035081C73
:1043900060B19A1C4FF6FF73038043808380002333
:1043A000C3800381438170471823B0FBF3F202FB03
:1043B0001300C3B2024A034800FB0320704700BF4A
:1043C0002055361D400D03000048704720F45A1D4B
:1043D000400100F0E0007047FFF7DABE38B5084A48
:1043E000084B09490546FFF711F9064B074A0849EA
:1043F00004462846FFF70AF9002C18BF204638BDAE
:104400006085CB1C400D0300A0EA6C1C60B2FC1D53
:10441000A0179E1D114B124930B5024651250024AC
:10442000136003F5433303F5A0738B421572547286
:1044300002F10C02F4D10B4B0B4A51240021C0F8BD
:10444000803103F5433303F5A073934280F888412C
:1044500080F8891100F10C00F1D130BDA0EA6C1C8C
:10446000A092CE1CA0179E1DA0BFFF1DFFF7FCBE93
:10447000202834BF002220220449054BA0EB020073
:10448000044A28BF0B4602FB00307047A0179E1D50
:10449000A0EA6C1C400D03000AB1FFF7E9BF034B13
:1044A0000348082918BF1846704700BF6048E41D3C
:1044B000601BB31C064A0346064882B0CDE90020C3
:1044C00021B102AA02EB830353F8280C02B0704713
:1044D0006047821C6074B31D00487047A029181EF5
:1044E00000207047FFF700BF024B034A0349FFF764
:1044F0008DB800BF400D0300601C151EA0EBCE1D43
:10450000084B094A10B500215124036003F54333D9
:1045100003F5A07393420472417200F10C00F4D1D0
:1045200010BD00BFE0CBA01CE047331DFFF732BF3A
:104530001823B0FBF3F202FB1300C3B2024A034894
:1045400000FB0320704700BFA0EBCE1D400D030011
:1045500000487047A08AF31D064B10B51B6A04463D
:10456000984730B10448054B204498428CBF002046
:10457000012010BD002C030820C689D1C0CF6A00DD
:10458000F0B5114B85B00C4610491F56054600F09A
:1045900091FF0F4BE4B25E6A072D4FF00103CDE9A6
:1045A000024301460AD105220023CDE900234FF43E
:1045B0007A727A431846B04705B0F0BD0822002051
:1045C000CDE900203A46F5E79B2F0308742F030836
:1045D000002C03081FB50023009303780B3B2C2B02
:1045E00063D8DFE803F02C2F3136383B3E41444797
:1045F000624F6251565B5D62626062176262626224
:1046000062626262626262626266686D6262666D66
:10461000626F730043788DF8043007238DF80530FE
:104620004FF48053ADF806302B4B1B6801A803F5FF
:104630009062CDE9022300F01DFF009035E0402399
:10464000009332E02023FBE790F90130234AD35C4A
:10465000F6E70123F4E740F6B833F1E74FF47A7355
:10466000EEE74FF4FA63EBE741F28833E8E741F213
:104670007073E5E71A484FF47A71F0F7E9FC00F53A
:10468000FA60DAE7174BDBE7134B1B6803F590631F
:10469000D6E7114B1B6803F28C43D1E71023CFE719
:1046A0000D4B1B68CCE7104B0093009805B05DF8EC
:1046B00004FB0E4BC4E740F21113ADF80030F4E7F1
:1046C0000323BDE790F90130094AC0E7094990F991
:1046D000010000F0EFFEB0E7089F0020A32F0308C1
:1046E00018FCFFFF8068D92E666642414026CA2E1C
:1046F0009B2F0308742F030837B50B4B02781B68F8
:104700000C2101FB02335B7A03EB4304074B1D686A
:1047100003690093C3684278816805EBC40000F028
:10472000A6FC03B030BD00BF089F0020049F0020FE
:1047300030B587B0027B6423ADF80030012A4FF01A
:104740000003CDE90133CDE903338DF802308DF854
:1047500014302FD0022A37D052BB036843B34368CA
:1047600033B31E4C806823601D4B182269461860C5
:10477000F0F77BFC1B4B246893E8070084E80700F4
:1047800003F10C0207CA04F10C05183385E8070091
:1047900093E8070004F11805072385E80700A4F84B
:1047A0008C34012204F28C4104F5906000F050FC3E
:1047B00007B030BD0949086843600361C36100F276
:1047C0008C4100F59060F1E7044B1B68B3F880243E
:1047D000B3F88C140A43A3F88024E9E7089F00206B
:1047E000049F00206801030808B50E2909D8DFE8F6
:1047F00001F00A080808080F190F08191908080815
:104800001B00002008BDBDE808400068FFF7A4BEFB
:10481000072290F90000002100F0DAFB003818BFF1
:104820000120EFE70522F4E70120EBE710B504795A
:104830001CB1012C0BD0002010BD0A4B01681B6875
:10484000012203F5906000F003FC0120F4E7054B22
:1048500001681B68224603F28C4000F0F9FB2046F9
:10486000EAE700BF089F0020F7B50728144D1C4653
:10487000A8BF072058700E462946174600F01AFEBA
:1048800094F90130A070072B13D1322000F0E2FC24
:104890000C4BDB6D0546984704F10C0208340346C7
:1048A000019200943A463146284600F0D8FC03B005
:1048B000F0BD054A55F82310D05C00F0C3FCE7E7D3
:1048C000742F0308002C03089B2F03082DE9F04FD9
:1048D000DFF8CC9090F90180D9F8043046688BB0AD
:1048E00005468A4698470446002856D1AB7C63B9F2
:1048F0002C4A2B78126803EB430302EB830152F836
:1049000023604B68002B18BF1E46274B304613F917
:1049100008B0D9F80C309847D9F81830AF689C46E1
:10492000B8F1070F6B7C099325D100230121CDE954
:1049300004311E4906930522CDE90733CDE9001263
:10494000BFB24FF47A720393029702FB0BF24CF260
:10495000503118466546A847154B13F80810D9F88A
:1049600054300D312046C9B298478AF800800120A2
:104970000BB0BDE8F08F002601240823CDE90063C9
:10498000CDE90764CDE90566CDE90366BFB20297BC
:10499000A97823465A462046DCE70020E8E700BF16
:1049A000002C0308089F00209B2F03088545010069
:1049B000A32F03082DE9F04FDFF8EC9090F90130B8
:1049C00092463A4A12F903B00278D9F800300C2521
:1049D00005FB0233364A5B7A126803EB43038DB062
:1049E00002EBC30304460B9190F9020093F9021005
:1049F00000F05BFD2F49064694F9010000F05AFDD6
:104A0000A26861688046304600F052FC2378D9F8ED
:104A10000020DFF8A4905D430746D9F80C305059C8
:104A20009847D9F81C309C4694F901300025072B93
:104A30004FF47A63CDE90753CDE9055523D101231E
:104A4000CDE903530523CDE901534FF47A7303FBFA
:104A50000BF300933946434646F2A81228466746B0
:104A6000B847A18994F90100FFF78AFDCAF8000050
:104A7000D9F85430217B284698470B9B01201E70A3
:104A80000DB0BDE8F08F01200823CDE90350CDE93A
:104A900001032A46CDF800B0654643463946A8478B
:104AA00001200546DDE700BF089F00209B2F03087B
:104AB000049F0020742F0308002C03082DE9F04FF9
:104AC0008DB00024DFF840B1029405468946904637
:104AD0001F46ADF80C40ADF8064007264FF00C0A13
:104AE0002B7AA34206D9686802A9204400F044FB4F
:104AF000002853D1AB7A8DF815309DF809308DF828
:104B000016309DF80A308DF817309DF808308DF872
:104B10001830EB7A8DF819302B7B8DF81A306B7BBF
:104B20008DF81B3010238DF814608DF81C30364E34
:104B30000DF1060308934FF4E063ADF824303368B9
:104B40000A930523ADF82C302B6804930DF10A026B
:104B500002AB0DF1090104A800F028FB0728054667
:104B60000BD130680C22002100F59060F0F791FA2B
:104B70003368BDF80620A3F880249DF8093089F831
:104B800000309DF80A3088F800309DF808303B70FE
:104B9000169B28461C700DB0BDE8F08F9DF80B20C9
:104BA000BDF80C30ADF806300444E4B2C2B9E3B14C
:104BB000DBF80010002007264FF0010C062A16D162
:104BC0000AFB00F3CB583BB1BDF806E00CFA00F34A
:104BD00043EA0E03ADF8063001301028EED17FE72E
:104BE000531E042B01D9062AE2D0062678E7BDF829
:104BF00006300341DB07EFD50AFB00F3CB58002B4F
:104C000008BF0626E8E700BF089F002038B5054624
:104C10004068FFF7A1FC072200284FF0000195F93A
:104C2000000014BF0724062400F0D2F908B904F0EC
:104C3000050495F901000522002100F0C9F908B921
:104C400004F0FB04204638BD4FF0FF3070470000F1
:104C500010B503780F2B04461AD84068FFF77CFC88
:104C600022780C4902EB42020968002801EB82001D
:104C700051F8222014BF032302231AB903F00103C1
:104C800058B210BD032B06BF626842600223F7E7EB
:104C90000020F6E7089F0020704700002DE9F04152
:104CA000394D0446286896B00E46904600211F46AE
:104CB0000122072300F59060CDE90411CDE906112A
:104CC0008DF80C108DF80D10ADF80E3000F0A2F933
:104CD00030B92A68B2F8803443F00703A2F8803470
:104CE0002A68637A8DF8203002F59061CDE90912C7
:104CF000264A94F9083012680B921022ADF8302041
:104D00000DF10E020D9222680E9262680F92D4E9A4
:104D10000301A27A8DF8402001228DF8412011AACA
:104D200082E80300227DE18A8DF8213018468DF853
:104D30004C20FFF725FC08AB15930DF10D031490E3
:104D40000093CDF8048003AB04AA39460EA800F006
:104D50004DFB044668B99DF80C100139F0F778F95D
:104D600016AB184410F8483C3370204616B0BDE826
:104D7000F0810C2801BF2A68B2F8803443F00703A1
:104D8000A2F88034F1E700BF089F0020049F0020B4
:104D9000F8B50679022E054601D80620F8BD0F2E7B
:104DA0002BD80368187A40F303000722002140B291
:104DB00000F00EF92B680446187A40F3031007221E
:104DC000002140B200F004F9A8B1B4FA84F46409F7
:104DD00029680B7A086843F3030243F3031352B2C2
:104DE0005BB29A42C8BF0124FFF7B6FB48B9002C5A
:104DF000D3D10420D2E70124EAE70320CEE705203F
:104E0000CCE7002CFBD10C4F29683B6806EB460031
:104E100003EB80000C22F0F728F93A680C2303FB1F
:104E2000062320465C72012303FA06F6B2F88034AA
:104E30001E43A2F88064B1E7089F002010B40178F7
:104E400002290ED9084B18680C234B43C4180022C2
:104E5000C250C4E9012200F5906010BC102200F09D
:104E6000C0B8002010BC7047089F00202DE9F04119
:104E700086B050238DF81430037A102B074630D1BA
:104E80004368DD7B6DBB0324A8466426072C14D839
:104E90007A68535D03932A44517843EA01230393CC
:104EA000927843EA02437343CDE9033863B9684615
:104EB0008DF80040FFF7C2FF0DE0CDF80C808DF8B3
:104EC0001480CDF81080F2E703AB01A801938DF8B0
:104ED0000840FFF75DFF0134E4B2102C05F1030533
:104EE000D4D106B0BDE8F0811FB50268037911681E
:104EF00051B901A88DF80430FFF7A0FF78B9002060
:104F000040B205B05DF804FB02A802928DF80C30A7
:104F1000FFF73EFF0628F2D8024B185CF0E70320AB
:104F2000EEE700BF942F0308881A40B220EAE07031
:104F3000C0B2704710B586B00B4B019383680293E3
:104F400040F21133ADF80C3000238DF80E30436879
:104F500004930388ADF8143001A80C4600F0BEF9A4
:104F60000323237006B010BD9B2F0308F0B59A42AF
:104F7000069E03DB9DF914309A4225DD0020F0BD2A
:104F800003EB430331F814E006EB830300274EFAEA
:104F900007F5ED070CD593F808C04CF303150CF09A
:104FA0000F0C62456DB203DB05F00F05AA420DDD63
:104FB0000137102F03F10C03E9D10134E4B22301CE
:104FC000DBB29842DCD8D9E70024F8E70120D6E725
:104FD000884204DB9042CCBF0020012070470020B3
:104FE000704710B51409B4EB111F03464FEA1110B6
:104FF0000ED391420CD202B201F00F0133F81240ED
:10500000012000FA01F124EA010123F8121010BD79
:105010000020FCE7F0B528B100EB41050126002097
:10502000914200D3F0BD002435F8027B234606FAF6
:1050300004FC3CEA070C08BF013304F1010408BF7B
:10504000DBB2102CF3D118440131C0B2C9B2E7E78A
:1050500010B500B149B910BD31F8134020F8134024
:105060000133DCB2A242F7D8F5E70023F9E782B0BA
:105070000193038812B9642B38BF6423012BC268E3
:1050800038BF01234B439A428CBFD31A0023C3601D
:1050900002B070472DE9F74F92460C4606469846F7
:1050A000F5F778FF304FDFF8C4B00190182212FBFB
:1050B0000A4A00254FF0FF39A24507D1002D14BF41
:1050C00048464FF0FF3003B0BDE8F08F6068F5F759
:1050D0006BFF0D9B228816B9642A38BF6422012A0F
:1050E00038BF01225EBB224949F6AF2C634598BF09
:1050F000394621614EBBB3F5616F26D3DFF874C02A
:1051000049F6AF2E734588BFDC46604504D2A368DC
:105110009C4501D163681BB9019BE160C4E9013C76
:105120000F9B5A43E368934203D8B8F1000F0ED1A6
:105130006EB1012323751D44EDB21834BCE7B8F1FC
:10514000000F00D1E7603946D3E7BC46DDE7002316
:105150008A422375F1D2A268824228BF131A994568
:1051600028BF99460135E7E780EE3600809B82072D
:1051700070460D00803F5C020378032B14D1437806
:1051800003F00F021B098A704B7083788B80C27802
:1051900043EA02238B800379C3F3021203F00F0367
:1051A000CA700B7005207047002070472DE9F34747
:1051B00098464379057990F90770067A9146044636
:1051C00090F906208A467BB176B275B30F2A12D1C8
:1051D00094F909200F2F1ED194F90A70072D24D1BC
:1051E000002E08BF012620E090F90B6090F90920FD
:1051F00090F90A70E9E7A369019394F915300093D7
:10520000216994F91430207BFFF7B0FE0028E1D12A
:1052100005F0FD05DEE794F91D3094F91C10BB4242
:105220000DDCB942DADA05F0FB0528468AF80020E1
:1052300089F8007088F8006002B0BDE8F0871F466A
:10524000CCE70000024B03FA00F0B0FBF1F070472E
:1052500040420F004FF4FA53B3FBF0F0704730B503
:105260004FF47A750C1F6A4300FB042252001EBFE4
:1052700000F1FF341219B2FBF0F28A4238BF0A463D
:105280008400504318BF0130039918BF40080A60DA
:10529000201A4FF47A7202FB13000028049BD2BF3D
:1052A00090FBF2F000F2E730B0FBF2F0186030BD96
:1052B00038B5400014460D46E1F714FD0146284676
:1052C000E1F75EFC2146E1F75BFCE1F725F90AF026
:1052D00007FEE1F729FC40B238BD000070B5154D5E
:1052E00004468AB0EB6A9847EB68606898476B6D34
:1052F000217A01209847637A2268AE69D25CE3681C
:10530000B3FA83F35B090993237A04930021012301
:105310000A20CDE90213CDE90010CDE90711CDE94E
:1053200005111846A17AB0476B6BE0680AB0BDE87A
:1053300070401847002C03082DE9F74F0193002314
:105340001F469C461C01058A5FFA84FE04F0F004A7
:10535000A54206D8019B82F800C01F7003B0BDE8CB
:10536000F08F0EEB4E054FEA4309AD00002446686E
:1053700036F809602641F60727D5866806EB050A48
:10538000765916B3067836B9466926B136F80960FB
:105390002641F60719D59AF8086090F901B046F34E
:1053A00003084FFA88F8D8450FDC46F3031676B2A7
:1053B0005E450ADB9AF8096006EB4608C66806EB0C
:1053C000C806367D4EB90137FFB20134102C05F105
:1053D0000C05CCD10133DBB2B4E70CF101060EEBC6
:1053E000040801F80C805FFA86FCEEE72DE9FF4720
:1053F00004464068DDE90C671D468A469146F5F78C
:10540000D3FD23681B1A3B604FF000080123337063
:1054100085F80080636813B12368834224D8CAF8F2
:105420000080D4F81CC0A3699CF800E00393D4E981
:10543000030101AB83E80300237D0093DCF80C102B
:10544000237A627A7046FFF725FE38603346E069BA
:105450002A464946FFF770FF2B782BB1C7F800802A
:10546000002004B0BDE8F0873378002B14BF0B2078
:105470000C20F6E737B590F9002090F902509542DC
:1054800004460FD0013A52B295420BD0A368019363
:1054900094F9013000936168E0782B46FFF766FDD0
:1054A0000028EFD0104603B030BD8842B8BF084690
:1054B0007047000051F82000054B984205D0054B7D
:1054C00098420CBF0220002070470120704700BFA7
:1054D00090D0030020A10700064B10B51B6A0446BC
:1054E000984730B10448054B204498428CBF0020B7
:1054F000012010BD002C030828462EE650BC1600E3
:10550000F0B5114B85B00C4610491F560546FFF704
:10551000D1FF0F4BE4B25E6A072D4FF00103CDE9D6
:10552000024301460AD105220023CDE900234FF4AE
:105530007A727A431846B04705B0F0BD08220020C1
:10554000CDE900203A46F5E7D32F0308AC2F030836
:10555000002C03081FB50023009303780B3B2C2B72
:1055600063D8DFE803F02C2F3136383B3E41444707
:10557000624F6251565B5D62626062176262626294
:105580006262626262626262624F666B62624F6B0B
:10559000626D710043788DF8043007238DF8053073
:1055A0004FF48053ADF806302A4B1B6801A803F571
:1055B0009062CDE90223FFF75DFF009035E04023C4
:1055C000009332E02023FBE790F90130224AD35CBC
:1055D000F6E70123F4E740F6B833F1E74FF47A73C6
:1055E000EEE74FF4FA63EBE741F28833E8E741F284
:1055F0007073E5E719484FF47A71EFF729FD00F56C
:10560000FA60DAE7164BDBE7124B1B6803F5906391
:10561000D6E7104B1B6803F28C43D1E71023CFE78A
:105620000C4B1B68CCE70F4B0093009805B05DF85E
:1056300004FB40F21113ADF80030F6E70323BFE797
:1056400090F90130084AC2E7084990F90100FFF7D4
:1056500031FFB2E7109F0020DB2F030818FCFFFF8B
:105660002876E81966664241D32F0308AC2F030859
:1056700037B50B4B02781B680C2101FB02335B7AB8
:1056800003EB4304074B1D6803690093C36842782A
:10569000816805EBC400FFF7EAFC03B030BD00BF32
:1056A000109F00200C9F002030B587B0027B642340
:1056B000ADF80030012A4FF00003CDE90133CDE908
:1056C00003338DF802308DF814302FD0022A37D0F2
:1056D00052BB036843B3436833B31E4C80682360F6
:1056E0001D4B182269461860EFF7BFFC1B4B24685E
:1056F00093E8070084E8070003F10C0207CA04F1ED
:105700000C05183385E8070093E8070004F1180535
:10571000072385E80700A4F88C34012204F28C41A9
:1057200004F59060FFF794FC07B030BD09490868A4
:1057300043600361C36100F28C4100F59060F1E7C2
:10574000044B1B68B3F88024B3F88C140A43A3F805
:105750008024E9E7109F00200C9F00208C010308A3
:1057600008B50E2909D8DFE801F00A080808080F73
:10577000190F0819190808081B00002008BDBDE80A
:1057800008400068FFF7A8BE072290F9000000213A
:10579000FFF71EFC003818BF0120EFE70522F4E7F1
:1057A0000120EBE710B504791CB1012C0BD00020CF
:1057B00010BD0A4B01681B68012203F59060FFF7DA
:1057C00047FC0120F4E7054B01681B68224603F201
:1057D0008C40FFF73DFC2046EAE700BF109F002009
:1057E000F7B50728144D1C46A8BF072058700E4671
:1057F00029461746FFF75EFE94F90130A070072B8B
:1058000013D13220FFF726FD0C4BDB6D0546984780
:1058100004F10C0208340346019200943A463146E2
:105820002846FFF71CFD03B0F0BD054A55F82310CC
:10583000D05CFFF707FDE7E7AC2F0308002C030857
:10584000D32F03082DE9F04FDFF8CC9090F90180B9
:10585000D9F8043046688BB005468A469847044616
:10586000002856D1AB7C63B92C4A2B78126803EB25
:10587000430302EB830152F823604B68002B18BFEF
:105880001E46274B304613F908B0D9F80C3098471C
:10589000D9F81830AF689C46B8F1070F6B7C0993B4
:1058A00025D100230121CDE904311E4906930522AB
:1058B000CDE90733CDE90012BFB24FF47A720393FA
:1058C000029702FB0BF24CF2503118466546A8478E
:1058D000154B13F80810D9F854300D312046C9B2D1
:1058E00098478AF8008001200BB0BDE8F08F0026B1
:1058F00001240823CDE90063CDE90764CDE90566FD
:10590000CDE90366BFB20297A97823465A462046DE
:10591000DCE70020E8E700BF002C0308109F002010
:10592000D32F030885450100DB2F03082DE9F04F35
:10593000DFF8EC9090F9013092463A4A12F903B040
:105940000278D9F800300C2505FB0233364A5B7A21
:10595000126803EB43038DB002EBC30304460B91C3
:1059600090F9020093F90210FFF79FFD2F490646B8
:1059700094F90100FFF79EFDA268616880463046F9
:10598000FFF796FC2378D9F80020DFF8A4905D4358
:105990000746D9F80C3050599847D9F81C309C4626
:1059A00094F901300025072B4FF47A63CDE90753B2
:1059B000CDE9055523D10123CDE903530523CDE9D5
:1059C00001534FF47A7303FB0BF3009339464346BC
:1059D00046F2A81228466746B847A18994F9010003
:1059E000FFF78EFDCAF80000D9F85430217B284615
:1059F00098470B9B01201E700DB0BDE8F08F012071
:105A00000823CDE90350CDE901032A46CDF800B0C3
:105A1000654643463946A84701200546DDE700BFF5
:105A2000109F0020D32F03080C9F0020AC2F0308E9
:105A3000002C03082DE9F04F8DB00024DFF840B1B1
:105A400002940546894690461F46ADF80C40ADF8D5
:105A5000064007264FF00C0A2B7AA34206D9686845
:105A600002A92044FFF788FB002853D1AB7A8DF8B8
:105A700015309DF809308DF816309DF80A308DF8F4
:105A800017309DF808308DF81830EB7A8DF8193002
:105A90002B7B8DF81A306B7B8DF81B3010238DF823
:105AA00014608DF81C30364E0DF1060308934FF448
:105AB000E063ADF8243033680A930523ADF82C3049
:105AC0002B6804930DF10A0202AB0DF1090104A841
:105AD000FFF76CFB072805460BD130680C2200212C
:105AE00000F59060EFF7D5FA3368BDF80620A3F80B
:105AF00080249DF8093089F800309DF80A3088F834
:105B000000309DF808303B70169B28461C700DB085
:105B1000BDE8F08F9DF80B20BDF80C30ADF80630D5
:105B20000444E4B2C2B9E3B1DBF800100020072658
:105B30004FF0010C062A16D10AFB00F3CB583BB1FB
:105B4000BDF806E00CFA00F343EA0E03ADF80630A8
:105B500001301028EED17FE7531E042B01D9062A0D
:105B6000E2D0062678E7BDF806300341DB07EFD523
:105B70000AFB00F3CB58002B08BF0626E8E700BF5E
:105B8000109F002038B505464068FFF7A5FC0722A6
:105B900000284FF0000195F9000014BF07240624E7
:105BA000FFF716FA08B904F0050495F9010005227B
:105BB0000021FFF70DFA08B904F0FB04204638BDB8
:105BC0004FF0FF307047000010B503780F2B0446EC
:105BD0001AD84068FFF780FC22780C4902EB420299
:105BE0000968002801EB820051F8222014BF03232A
:105BF00002231AB903F0010358B210BD032B06BFEC
:105C0000626842600223F7E70020F6E7109F002059
:105C1000704700002DE9F041394D0446286896B0E0
:105C20000E46904600211F460122072300F5906092
:105C3000CDE90411CDE906118DF80C108DF80D1089
:105C4000ADF80E30FFF7E6F930B92A68B2F88034C3
:105C500043F00703A2F880342A68637A8DF8203075
:105C600002F59061CDE90912264A94F908301268CC
:105C70000B921022ADF830200DF10E020D92226829
:105C80000E9262680F92D4E90301A27A8DF8402047
:105C900001228DF8412011AA82E80300227DE18AC9
:105CA0008DF8213018468DF84C20FFF729FC08AB01
:105CB00015930DF10D0314900093CDF8048003AB00
:105CC00004AA39460EA8FFF791FB044668B99DF86F
:105CD0000C100139EFF7BCF916AB184410F8483C2A
:105CE0003370204616B0BDE8F0810C2801BF2A6849
:105CF000B2F8803443F00703A2F88034F1E700BF24
:105D0000109F00200C9F0020F8B50679022E054652
:105D100001D80620F8BD0F2E2BD80368187A40F35F
:105D200003000722002140B2FFF752F92B68044616
:105D3000187A40F303100722002140B2FFF748F918
:105D4000A8B1B4FA84F4640929680B7A086843F3AB
:105D5000030243F3031352B25BB29A42C8BF012459
:105D6000FFF7BAFB48B9002CD3D10420D2E70124B5
:105D7000EAE70320CEE70520CCE7002CFBD10C4F4F
:105D800029683B6806EB460003EB80000C22EFF726
:105D90006CF93A680C2303FB062320465C7201234E
:105DA00003FA06F6B2F880341E43A2F88064B1E725
:105DB000109F002010B4017802290ED9084B1868F2
:105DC0000C234B43C4180022C250C4E9012200F541
:105DD000906010BC1022FFF704B9002010BC70477F
:105DE000109F00202DE9F04186B050238DF814302B
:105DF000037A102B074630D14368DD7B6DBB03244B
:105E0000A8466426072C14D87A68535D03932A4465
:105E1000517843EA01230393927843EA02437343A0
:105E2000CDE9033863B968468DF80040FFF7C2FF3B
:105E30000DE0CDF80C808DF81480CDF81080F2E7DD
:105E400003AB01A801938DF80840FFF75DFF013413
:105E5000E4B2102C05F10305D4D106B0BDE8F08101
:105E60001FB502680379116851B901A88DF8043093
:105E7000FFF7A0FF78B9002040B205B05DF804FB41
:105E800002A802928DF80C30FFF73EFF0628F2D8E8
:105E9000024B185CF0E70320EEE700BFCC2F0308AD
:105EA000881A40B220EAE070C0B2704710B586B0E0
:105EB0000B4B01938368029340F21133ADF80C3021
:105EC00000238DF80E30436804930388ADF8143036
:105ED00001A80C46FFF702FA0323237006B010BD99
:105EE000D32F0308F0B5114B85B00C4610491F564F
:105EF0000546FFF7DFFA0F4BE4B25E6A072D4FF05D
:105F00000103CDE9024301460AD105220023CDE970
:105F100000234FF47A727A431846B04705B0F0BDBB
:105F200008220020CDE900203A46F5E70B300308AF
:105F3000E42F0308002C030838B5194B1B6A0546EB
:105F40000C46984730B1174B174A2B44934202D85E
:105F50000223237038BD154B154A2B44934201D8B8
:105F60000023F6E7134B144A2B44934201D8012334
:105F7000EFE7124B124A2B44934201D80523E8E77E
:105F8000104B114A2B44934201D80323E1E70F4BF6
:105F90000F4A2B44934201D80423DAE70020D9E7C3
:105FA000002C030840AA8FCC7F841E00C02571CC32
:105FB000C0C62D00FF5E43CCBF270900A0B038CC7F
:105FC00020A1070040022ECC90D00300606E29CCA7
:105FD000E09304001FB50023009303780B3B2C2BA8
:105FE00064D8DFE803F02C2F3136383B3E4144477C
:105FF000634F6351565B5D63636063176363636301
:106000006363636363636363634F676C63634F6C72
:10601000636E720043788DF8043007238DF80530E5
:106020004FF48053ADF806302B4B1B6801A803F5E5
:106030009062CDE90223FFF71DFA009036E040237D
:10604000009333E02023FBE790F90130234AD35C2F
:10605000F6E70123F4E740F6B833F1E74FF47A733B
:10606000EEE74FF4FA63EBE741F28833E8E741F2F9
:106070007073E5E71A484FF47A71EEF7E9FF00F51F
:10608000FA60DAE7174BDBE7134B1B6803F5906305
:10609000D6E7114B1B6803F28C43D1E71023CFE7FF
:1060A0000D4B1B68CCE74FF083430093009805B07D
:1060B0005DF804FB40F21113ADF80030F6E703235E
:1060C000BEE790F90130084AC1E7084990F901009C
:1060D000FFF7F0F9B1E700BF189F00201330030865
:1060E00018FCFFFF08E6D3330B300308E42F030846
:1060F00037B50B4B02781B680C2101FB02335B7A2E
:1061000003EB4304074B1D6803690093C36842789F
:10611000816805EBC400FEF7AAFF03B030BD00BFE5
:10612000189F0020149F002030B5A5B0044690228F
:106130000021684606F0BEFE4FF47A72ADF83020BA
:10614000ADF87820227B64230A21012AADF80030C3
:10615000ADF81830ADF84810ADF860302FD0022AF5
:1061600038D052BB236843B3636833B31E4DA06875
:106170002B601E4B902269461860EEF776FF1C4B91
:106180002C6893E8070084E8070003F10C0207CAB3
:1061900004F10C05183385E8070093E8070004F1C3
:1061A0001805072385E80700A4F88C34012204F2BF
:1061B0008C4104F59060FEF74BFF25B030BD0A4BD3
:1061C0001868002343600361C36100F28C4100F54D
:1061D0009060F0E7044B1B68B3F88024B3F88C148C
:1061E0000A43A3F88024E8E7189F0020149F0020AA
:1061F000B001030807B50E2909D8DFE801F00C0843
:106200000808081F151F081F1F0808082100002084
:1062100003B05DF804FB00230DF1070100688DF861
:106220000730FFF789FEF3E7052290F9000000210F
:10623000FEF7CEFE003818BF0120E9E70722F4E799
:106240000120E5E710B504791CB1012C0BD000202A
:1062500010BD0A4B01681B68012203F59060FEF730
:10626000F7FE0120F4E7054B01681B68224603F2A4
:106270008C40FEF7EDFE2046EAE700BF189F0020A5
:10628000F7B50728144D1C46A8BF072058700E46C6
:1062900029461746FFF70EF994F90130A070072B35
:1062A00013D13220FEF7D6FF0C4BDB6D0546984725
:1062B00004F10C0208340346019200943A46314638
:1062C0002846FEF7CCFF03B0F0BD054A55F8231071
:1062D000D05CFEF7B7FFE7E7E42F0308002C0308C4
:1062E0000B3003082DE9F04FDFF8CC9090F90180D6
:1062F000D9F8043046688BB005468A46984704466C
:10630000002856D1AB7C63B92C4A2B78126803EB7A
:10631000430302EB830152F823604B68002B18BF44
:106320001E46274B304613F908B0D9F80C30984771
:10633000D9F81830AF689C46B8F1070F6B7C099309
:1063400025D100230121CDE904311E490693052200
:10635000CDE90733CDE90012BFB24FF47A7203934F
:10636000029702FB0BF24CF2503118466546A847E3
:10637000154B13F80810D9F854300D312046C9B226
:1063800098478AF8008001200BB0BDE8F08F002606
:1063900001240823CDE90063CDE90764CDE9056652
:1063A000CDE90366BFB20297A97823465A46204634
:1063B000DCE70020E8E700BF002C0308189F00205E
:1063C0000B30030885450100133003082DE9F04F19
:1063D000DFF8EC9090F9013092463A4A12F903B096
:1063E0000278D9F800300C2505FB0233364A5B7A77
:1063F000126803EB43038DB002EBC30304460B9119
:1064000090F9020093F90210FFF74FF82F49064662
:1064100094F90100FFF74EF8A268616880463046A3
:10642000FEF746FF2378D9F80020DFF8A4905D43FB
:106430000746D9F80C3050599847D9F81C309C467B
:1064400094F901300025072B4FF47A63CDE9075307
:10645000CDE9055523D10123CDE903530523CDE92A
:1064600001534FF47A7303FB0BF300933946434611
:1064700046F2A81228466746B847A18994F9010058
:10648000FFF730FDCAF80000D9F85430217B2846C8
:1064900098470B9B01201E700DB0BDE8F08F0120C6
:1064A0000823CDE90350CDE901032A46CDF800B019
:1064B000654643463946A84701200546DDE700BF4B
:1064C000189F00200B300308149F0020E42F0308BE
:1064D000002C03082DE9F04F8DB00024DFF840B107
:1064E00002940546894690461F46ADF80C40ADF82B
:1064F000064007264FF00C0A2B7AA34206D968689B
:1065000002A92044FEF738FE002853D1AB7A8DF85B
:1065100015309DF809308DF816309DF80A308DF849
:1065200017309DF808308DF81830EB7A8DF8193057
:106530002B7B8DF81A306B7B8DF81B3010238DF878
:1065400014608DF81C30364E0DF1060308934FF49D
:10655000E063ADF8243033680A930723ADF82C309C
:106560002B6804930DF10A0202AB0DF1090104A896
:10657000FEF71CFE072805460BD130680C220021CF
:1065800000F59060EEF785FD3368BDF80620A3F8AE
:1065900080249DF8093089F800309DF80A3088F889
:1065A00000309DF808303B70169B28461C700DB0DB
:1065B000BDE8F08F9DF80B20BDF80C30ADF806302B
:1065C0000444E4B2C2B9E3B1DBF8001000200726AE
:1065D0004FF0010C062A16D10AFB00F3CB583BB151
:1065E000BDF806E00CFA00F343EA0E03ADF80630FE
:1065F00001301028EED17FE7531E042B01D9062A63
:10660000E2D0062678E7BDF806300341DB07EFD578
:106610000AFB00F3CB58002B08BF0626E8E700BFB3
:10662000189F002073B5002605460DF1070140684C
:106630008DF80760FFF780FC0722B042314695F9DC
:10664000000014BF07240624FEF7C2FC08B904F0BA
:10665000050495F9010005220021FEF7B9FC08B9EF
:1066600004F0FB04204602B070BD4FF0FF307047CD
:1066700013B5027800230F2A04468DF807301DD881
:106680000DF107014068FFF757FC22780C4902EB37
:1066900042020968002801EB820051F8222014BF51
:1066A0000323022322B903F0010358B202B010BD44
:1066B000032B06BF626842600223F6E71846F5E73F
:1066C000189F0020704700002DE9F041394D044625
:1066D000286896B00E46904600211F4601220723E7
:1066E00000F59060CDE90411CDE906118DF80C108C
:1066F0008DF80D10ADF80E30FEF78CFC30B92A681D
:10670000B2F8803443F00703A2F880342A68637A31
:106710008DF8203002F59061CDE90912264A94F9EE
:10672000083012680B921022ADF830200DF10E02E5
:106730000D9222680E9262680F92D4E90301A27A48
:106740008DF8402006228DF8412011AA82E803002E
:10675000227DE18A8DF8213018468DF84C20FFF714
:10676000C1FB08AB15930DF10D0314900093CDF808
:10677000048003AB04AA39460EA8FEF737FE044690
:1067800068B99DF80C100139EEF762FC16AB18449D
:1067900010F8483C3370204616B0BDE8F0810C2854
:1067A00001BF2A68B2F8803443F00703A2F88034AE
:1067B000F1E700BF189F0020149F0020F7B506796D
:1067C0000027022E05468DF8077002D8062003B078
:1067D000F0BD0F2E2DD80368187A40F3030007226E
:1067E000394640B2FEF7F4FB2B680446187A40F3B2
:1067F00003100722394640B2FEF7EAFBB8B1B4FAFB
:1068000084F464092868037A006843F3030243F3BD
:10681000031352B25BB20DF107019A42C8BF0124C3
:10682000FFF78AFB48B9002CD0D10420CFE7012420
:10683000E8E70320CBE70520C9E7002CFBD10D4F8B
:1068400029683B6806EB460003EB80000C22EEF75C
:106850000CFC3A689DF807100C2303FB0623204626
:106860005972012303FA06F6B2F880341E43A2F8E7
:106870008064ACE7189F002010B4017802290ED97B
:10688000084B18680C234B43C4180022C250C4E9BB
:10689000012200F5906010BC1022FEF7A2BB002080
:1068A00010BC7047189F00202DE9F04186B050239E
:1068B0008DF81430037A102B074630D14368DD7B06
:1068C0006DBB0324A8466426072C14D87A68535D50
:1068D00003932A44517843EA01230393927843EACD
:1068E00002437343CDE9033863B968468DF800402D
:1068F000FFF7C2FF0DE0CDF80C808DF81480CDF8C5
:106900001080F2E703AB01A801938DF80840FFF770
:1069100055FF0134E4B2102C05F10305D4D106B0C3
:10692000BDE8F0811FB502680379116851B901A86B
:106930008DF80430FFF7A0FF78B9002040B205B011
:106940005DF804FB02A802928DF80C30FFF736FFC9
:106950000628F2D8024B185CF0E70320EEE700BFF0
:1069600004300308881A40B220EAE070C0B27047D1
:1069700010B586B00B4B01938368029340F211333C
:10698000ADF80C3000238DF80E3043680493038873
:10699000ADF8143001A80C46FEF7A0FC03232370C9
:1069A00006B010BD0B300308064B10B51B6A044639
:1069B000984730B10448054B204498428CBF0020D2
:1069C000012010BD002C0308C02571CC80841E005E
:1069D000F0B5114B85B00C4610491F560546FEF721
:1069E00069FD0F4BE4B25E6A072D4FF00103CDE95C
:1069F000024301460AD105220023CDE900234FF4CA
:106A00007A727A431846B04705B0F0BD08220020DC
:106A1000CDE900203A46F5E7433003081C3003086F
:106A2000002C03081FB50023009303780B3B2C2B8D
:106A300063D8DFE803F02C2F316236393C3F424502
:106A4000624D4F51565B5D626260621762626262C4
:106A50006262626262626262624D666D62624D6D26
:106A6000626F730043788DF8043007238DF805308A
:106A70004FF48053ADF806302B4B1B6801A803F58B
:106A80009062CDE90223FEF7F5FC009035E040234B
:106A9000009332E02023FBE790F90130234AD35CD6
:106AA000F6E740F6B833F3E74FF47A73F0E74FF4C4
:106AB000FA63EDE741F28833EAE741F27073E7E702
:106AC0001B484FF47A71EEF7C3FA00F5FA60DCE781
:106AD000184BDDE70223DBE7134B1B6803F59063DC
:106AE000D6E7114B1B6803F28C43D1E71023CFE7A5
:106AF0000D4B1B68CCE7104B0093009805B05DF878
:106B000004FB13238DF8003003238DF80230F4E7E3
:106B10000423BDE790F90130084AC0E7084990F91D
:106B20000100FEF7C7FCB0E7209F00208B30030870
:106B300018FCFFFFF080A6330000F041433003084B
:106B40001C30030837B50B4B02781B680C2101FB86
:106B500002335B7A03EB4304074B1D680369009320
:106B6000C3684278816805EBC400FEF780FA03B081
:106B700030BD00BF209F00201C9F002070B5027B0D
:106B800086B001260023B242CDE90133CDE90333BB
:106B9000ADF800608DF802308DF814302FD0022A45
:106BA00037D052BB036843B3436833B31E4C80688D
:106BB00023601E4B182269461860EEF756FA1C4BEC
:106BC000246893E8070084E8070003F10C0207CA71
:106BD00004F10C05183385E8070093E8070004F179
:106BE0001805072385E80700A4F88C34324604F220
:106BF0008C4104F59060FEF72BFA06B070BD0A498F
:106C0000086843600361C36100F28C4100F5906045
:106C1000F1E7054B1B68B3F88024B3F88C140A43E2
:106C2000A3F88024E9E700BF209F00201C9F0020DC
:106C3000D401030808B50A291FD8DFE801F0061EB1
:106C40001E1E1E100B101E1C1C00BDE80840006814
:106C5000FFF7AABE052290F90000002105E090F997
:106C60000000062809D007220021FEF7B1F90038FC
:106C700018BF012008BD0A22EDE70020FAE7000056
:106C800010B504791CB1012C0BD0002010BD0A4BAB
:106C900001681B68012203F59060FEF7D9F9012015
:106CA000F4E7054B01681B68224603F28C40FEF7AF
:106CB000CFF92046EAE700BF209F0020F7B507285C
:106CC000144D1C46A8BF072058700E46294617468B
:106CD000FEF7F0FB94F90130A070072B13D132209E
:106CE000FEF7B8FA0C4BDB6D0546984704F10C0231
:106CF00008340346019200943A4631462846FEF78E
:106D0000AEFA03B0F0BD054A55F82310D05CFEF78B
:106D100099FAE7E71C300308002C03084330030806
:106D20002DE9F04FDFF8CC9090F90180D9F80430CC
:106D300046688BB005468A4698470446002856D1D7
:106D4000AB7C63B92C4A2B78126803EB430302EB4C
:106D5000830152F823604B68002B18BF1E46274B57
:106D6000304613F908B0D9F80C309847D9F81830E4
:106D7000AF689C46B8F1070F6B7C099325D10023BF
:106D80000121CDE904311E4906930522CDE90733DF
:106D9000CDE90012BFB24FF47A720393029702FB5F
:106DA0000BF24CF2503118466546A847154B13F8C4
:106DB0000810D9F854300D312046C9B298478AF8E6
:106DC000008001200BB0BDE8F08F002601240823CD
:106DD000CDE90063CDE90764CDE90566CDE9036639
:106DE000BFB20297A97823465A462046DCE7002026
:106DF000E8E700BF002C0308209F00204330030871
:106E0000854501008B3003082DE9F04FDFF8EC9049
:106E100090F9013092463A4A12F903B00278D9F853
:106E200000300C2505FB0233364A5B7A126803EB0F
:106E300043038DB002EBC30304460B9190F90200AB
:106E400093F90210FEF731FB2F49064694F9010031
:106E5000FEF730FBA268616880463046FEF728FAEC
:106E60002378D9F80020DFF8A4905D430746D9F8CD
:106E70000C3050599847D9F81C309C4694F9013091
:106E80000025072B4FF47A63CDE90753CDE905556B
:106E900023D10123CDE903530523CDE901534FF459
:106EA0007A7303FB0BF300933946434646F2A8126C
:106EB00028466746B847A18994F90100FFF788FD85
:106EC000CAF80000D9F85430217B284698470B9B1C
:106ED00001201E700DB0BDE8F08F01200823CDE920
:106EE0000350CDE901032A46CDF800B0654643467C
:106EF0003946A84701200546DDE700BF209F002056
:106F0000433003081C9F00201C300308002C03089A
:106F10002DE9F04F8DB00025DFF850B102950646FF
:106F2000894690461F46ADF80C50ADF80650072430
:106F30004FF00C0A337AAB4206D9706802A9284494
:106F4000FEF71AF9002849D19DF90930062B7AD0AD
:106F50008DF81630F37A8DF81930337B8DF81A30AE
:106F6000737B8DF81B3010238DF81C30DFF8FCA0EC
:106F70009DF90A109DF80820B07A8DF815000DF1E2
:106F8000060308934FF4E063ADF82430DAF80030DC
:106F90000A930A23ADF82C3033688DF817108DF85A
:106FA000182004930DF10A0202AB0DF1090104A8A7
:106FB0008DF81440FEF7FAF80728044645D1DAF8B0
:106FC00000000C22002100F59060EEF762F8DAF87C
:106FD0000030BDF80620A3F8802436E09DF80B2091
:106FE000BDF80C30ADF806300544EDB2C2B9E3B1DE
:106FF000DBF80010002007244FF0010C062A16D100
:107000000AFB00F3CB583BB1BDF806E00CFA00F3E5
:1070100043EA0E03ADF8063001301028EED189E7BF
:10702000531E042B01D9062AE2D0062482E7BDF8BC
:1070300006300341DB07EFD50AFB00F3CB58002BEA
:1070400008BF0624E8E704F0FD049DF8093089F83C
:1070500000309DF80A3088F800309DF808303B7009
:10706000169B20461D700DB0BDE8F08F209F0020BC
:1070700038B504464068FFF797FC072200284FF018
:10708000000194F9000014BF07250625FDF7A0FFB5
:1070900018B194F90030062B01D105F0FD0594F9E3
:1070A000010007220021FDF793FF08B905F0FB0559
:1070B000284638BD4FF0FF307047000010B5037808
:1070C0000F2B04461AD84068FFF76EFC22780C4953
:1070D00002EB42020968002801EB820051F82220ED
:1070E00014BF032302231AB903F0010358B210BDE1
:1070F000032B06BF626842600223F7E70020F6E731
:10710000209F0020704700002DE9F041394D0446D2
:10711000286896B00E46904600211F46012207239C
:1071200000F59060CDE90411CDE906118DF80C1041
:107130008DF80D10ADF80E30FDF76CFF30B92A68F0
:10714000B2F8803443F00703A2F880342A68637AE7
:107150008DF8203002F59061CDE90912264A94F9A4
:10716000083012680B921022ADF830200DF10E029B
:107170000D9222680E9262680F92D4E90301A27AFE
:107180008DF8402001228DF8412011AA82E80300E9
:10719000227DE18A8DF8213018468DF84C20FFF7CA
:1071A00017FC08AB15930DF10D0314900093CDF867
:1071B000048003AB04AA39460EA8FEF717F904466B
:1071C00068B99DF80C100139EDF742FF16AB184471
:1071D00010F8483C3370204616B0BDE8F0810C280A
:1071E00001BF2A68B2F8803443F00703A2F8803464
:1071F000F1E700BF209F00201C9F0020F8B5067912
:10720000022E054601D80620F8BD0F2E2BD80368A4
:10721000187A40F303000722002140B2FDF7D8FEA0
:107220002B680446187A40F303100722002140B26D
:10723000FDF7CEFEA8B1B4FA84F4640929680B7A8C
:10724000086843F3030243F3031352B25BB29A425A
:10725000C8BF0124FFF7A8FB48B9002CD3D10420F4
:10726000D2E70124EAE70320CEE70520CCE7002C93
:10727000FBD10C4F29683B6806EB460003EB80000E
:107280000C22EDF7F2FE3A680C2303FB062320469E
:107290005C72012303FA06F6B2F880341E43A2F8AA
:1072A0008064B1E7209F002010B4017802290ED934
:1072B000084B18680C234B43C4180022C250C4E981
:1072C000012200F5906010BC1022FDF78ABE00205C
:1072D00010BC7047209F00202DE9F04186B050235C
:1072E0008DF81430037A102B074630D14368DD7BCC
:1072F0006DBB0324A8466426072C14D87A68535D16
:1073000003932A44517843EA01230393927843EA92
:1073100002437343CDE9033863B968468DF80040F2
:10732000FFF7C2FF0DE0CDF80C808DF81480CDF88A
:107330001080F2E703AB01A801938DF80840FFF736
:107340005DFF0134E4B2102C05F10305D4D106B081
:10735000BDE8F0811FB502680379116851B901A831
:107360008DF80430FFF7A0FF78B9002040B205B0D7
:107370005DF804FB02A802928DF80C30FFF73EFF87
:107380000628F2D8024B185CF0E70320EEE700BFB6
:107390003C300308064B03EBC1039856002804DB7E
:1073A000062908BF0020C0B270470020FBE700BFDD
:1073B0004B30030810B586B00B4B019383680293E2
:1073C00040F21343ADF80C3000238DF80E304368C3
:1073D00004930388ADF8143001A80C46FDF77EFF36
:1073E0000423237006B010BD4330030830B50B4BA7
:1073F00085B00C460A491D56FEF75CF80822014686
:107400000020CDE90020074A0123E4B2029403934F
:10741000546A18462A46A04705B030BDB330030869
:1074200094300308002C03080B4B10B51B6A04466C
:10743000984768B1094B0A4A2344934209D8094A3C
:10744000534345F2E232B2EBB31F2CBF01200020C0
:1074500010BD0020FCE700BF002C0308602E1CC9F3
:10746000009F24001DE6CB0B1FB50023009303787B
:107470000B3B2C2B61D8DFE803F02C2F3160363921
:107480003C3F4245604D604F54595B60605E601701
:107490006060606060606060606060606064666BD7
:1074A0006060646B606D710043788DF80430052373
:1074B0008DF805304FF48053ADF806302A4B1B6829
:1074C00001A803F59062CDE90223FDF7D3FF0090F8
:1074D00033E04023009330E02023FBE790F90130B4
:1074E000224AD35CF6E74FF47A63F3E74FF47A73FA
:1074F000F0E74FF4FA63EDE741F28833EAE741F24F
:107500007073E7E71A484FF47A71EDF7A1FD00F5C3
:10751000FA60DCE7174BDDE7134B1B6803F590635C
:10752000D8E7114B1B6803F28C43D3E71023D1E754
:107530000D4B1B68CEE7104B0093009805B05DF82B
:1075400004FB0E4BC6E740F21113ADF80030F4E730
:107550000323BFE790F90130094AC2E7094990F9CE
:107560000100FDF7A7FFB2E7289F0020B93003080C
:1075700018FCFFFFE013F33600006041606305373D
:10758000B33003089430030837B50B4B02781B68FF
:107590000C2101FB02335B7A03EB4304074B1D68AC
:1075A00003690093C3684278816805EBC400FDF766
:1075B0005EFD03B030BD00BF289F0020249F002047
:1075C000F0B5027B87B001270023BA42CDE9013331
:1075D000CDE90333ADF800708DF802308DF814302A
:1075E00037D0022A41D092BB036883B3436873B398
:1075F000234D80682B60234B182269461860EDF7F5
:1076000034FD214B2C6893E8070084E8070003F160
:107610000C0207CA04F10C06183386E8070093E849
:10762000070004F11806072386E80700A4F88C3445
:107630003A4604F28C4104F59060FDF709FD2B6891
:107640004FF6BF72A3F89C240622C3F8A02407B00B
:10765000F0BD0B49086843600361C36100F28C41CF
:1076600000F59060FDF7F4FCF1E7054B1B68B3F8FB
:107670008024B3F88C140A43A3F88024E7E700BF02
:10768000289F0020249F0020F8010308072908B53F
:1076900004D804290CD831B1002012E0093901299D
:1076A000FAD8072205E0BDE808400068FFF7BCBE35
:1076B000052290F900000021FDF78AFC003818BF70
:1076C000012008BD10B504791CB1012C0BD000209D
:1076D00010BD0A4B01681B68012203F59060FDF79D
:1076E000B7FC0120F4E7054B01681B68224603F252
:1076F0008C40FDF7ADFC2046EAE700BF289F002044
:10770000F7B50528114DA8BF05201C460E46587038
:1077100029461746FDF7CEFE94F901300C4A55F87C
:107720002310A070D05CFDF78DFD0A4BDB6D054684
:10773000984704F10C0208340346019200943A463B
:1077400031462846FDF78BFD03B0F0BD94300308A9
:10775000B3300308002C03082DE9F047224E90F9BE
:107760000190736845688AB00446884698470028A7
:1077700037D1A37C63B91D4A2378126803EB430316
:1077800002EB830152F823504B68002B18BF1D46B3
:10779000174B284613F909A0F3689847637C2289A0
:1077A00009930125002302920822CDE90032CDE998
:1077B0000735CDE90533CDE90333A178B7692B4609
:1077C00052462846B8470B4B13F80910736D0D311C
:1077D0002846C9B2984788F8009028460AB0BDE804
:1077E000F0870020FAE700BF002C0308289F002044
:1077F000B3300308B93003082DE9F04FDFF8E0A0FB
:1078000090F901309146374AD7560278DAF80030BD
:107810000C2505FB0233344A5B7A126803EB430301
:1078200002EBC3038DB00446884690F9020093F939
:107830000210FDF73AFE2D49064694F90100FDF7C6
:1078400039FE2378DAF800206B438346D058284B62
:10785000984294BF0A200E20DFF748FA63680B9322
:10786000054601461846DFF733FC08B10B9B1D4661
:107870002946A2683046FDF71BFD23780B900C22A9
:107880005343DAF80000DFF86CA0C058DAF80C2097
:10789000904700224FF47A630125CDE9072308239E
:1078A000CDE90522CDE90325CDE901530B990097D8
:1078B0005B462846DAF81C70B847DAF85430217B6A
:1078C00028469847A18994F90100FFF78FFDC9F870
:1078D0000000284688F800600DB0BDE8F08F00BFBA
:1078E000289F0020B3300308249F00209430030811
:1078F0001F21F636002C03082DE9F04F8DB000242F
:10790000DFF840B102940546894690461F46ADF81F
:107910000C40ADF8064007264FF00C0A2B7AA34224
:1079200006D9686802A92044FDF726FC002853D137
:10793000AB7A8DF815309DF809308DF816309DF82A
:107940000A308DF817309DF808308DF81830EB7A32
:107950008DF819302B7B8DF81A306B7B8DF81B302E
:1079600010238DF814608DF81C30364E0DF106038F
:1079700008934FF4A063ADF8243033680A930723CB
:10798000ADF82C302B6804930DF10A0202AB0DF117
:10799000090104A8FDF70AFC072805460BD1306849
:1079A0000C22002100F59060EDF773FB3368BDF801
:1079B0000620A3F880249DF8093089F800309DF84E
:1079C0000A3088F800309DF808303B70169B284636
:1079D0001C700DB0BDE8F08F9DF80B20BDF80C3089
:1079E000ADF806300444E4B2C2B9E3B1DBF80010EC
:1079F000002007264FF0010C062A16D10AFB00F3DF
:107A0000CB583BB1BDF806E00CFA00F343EA0E0395
:107A1000ADF8063001301028EED17FE7531E042B5D
:107A200001D9062AE2D0062678E7BDF806300341E0
:107A3000DB07EFD50AFB00F3CB58002B08BF062667
:107A4000E8E700BF289F002038B505464068FFF7EB
:107A5000EBFC052200284FF0000195F9000014BF4F
:107A600007240624FDF7B4FA08B904F0050495F9D3
:107A7000010005220021FDF7ABFA08B904F0FB0470
:107A8000204638BD4FF0FF307047000010B5037836
:107A90000F2B04461AD84068FFF7C6FC22780C4921
:107AA00002EB42020968002801EB820051F8222013
:107AB00014BF032302231AB903F0010358B210BD07
:107AC000032B06BF626842600223F7E70020F6E757
:107AD000289F0020704700002DE9F04F544F0446C6
:107AE000386899B08846914600211D460122072337
:107AF00000F59060CDE90611CDE908118DF814105C
:107B00008DF81510ADF81630FDF784FA30B93A68E3
:107B1000B2F8803443F00703A2F880343A68637AFD
:107B20008DF8283002F59061CDE90B12414A94F9A5
:107B3000083012680D920DF116020F922268109211
:107B400062681192D4E90301A27A8DF848200122DB
:107B50008DF8492013AA82E803001026227DE18ACD
:107B60008DF8293018468DF85420ADF83860FFF7AD
:107B70003DFC0AAB17930DF11503294606AA169092
:107B8000CDF80490009310A805ABFDF72FFC054637
:107B9000E5F757FA8346E5F758FA8146002D3DD1BF
:107BA000E5F74BFA9DF81410012801F1FF31284642
:107BB0002BD1EDF74DFA204B20491B690393C4B23A
:107BC00018AB23449DF8140013F848AC0134B4FBFF
:107BD000F0F300FB13440C2303FB0AFC38684B460C
:107BE00050F80C00DDF80CC05A46E047E4B21349E7
:107BF00028B188F800A0284619B0BDE8F08F013EF2
:107C000016F0FF06DCD10D25F5E7EDF721FA18ABEC
:107C1000184410F8483C88F80030ECE70C2D01BF00
:107C20003A68B2F8803443F00703A2F88034E2E700
:107C3000289F0020249F0020002C0308400D0300F3
:107C4000F8B50679022E054601D80620F8BD0F2E9C
:107C50002BD80368187A40F303000522002140B2B4
:107C6000FDF7B6F92B680446187A40F30310052295
:107C7000002140B2FDF7ACF9A8B1B4FA84F464096C
:107C800029680B7A086843F3030243F3031352B2E3
:107C90005BB29A42C8BF0124FFF7C6FB48B9002C6B
:107CA000D3D10420D2E70124EAE70320CEE7052060
:107CB000CCE7002CFBD10C4F29683B6806EB460053
:107CC00003EB80000C22EDF7D0F93A680C2303FB9C
:107CD000062320465C72012303FA06F6B2F88034CC
:107CE0001E43A2F88064B1E7289F002010B40178F9
:107CF00002290ED9084B18680C234B43C4180022E4
:107D0000C250C4E9012200F5906010BC1022FDF7BA
:107D100068B9002010BC7047289F00202DE9F04171
:107D200086B050238DF81430037A102B074630D1DB
:107D30004368DD7B6DBB0324A8466426072C14D85A
:107D40007A68535D03932A44517843EA01230393ED
:107D5000927843EA02437343CDE9033863B9684636
:107D60008DF80040FFF7C2FF0DE0CDF80C808DF8D4
:107D70001480CDF81080F2E703AB01A801938DF8D1
:107D80000840FFF75DFF0134E4B2102C05F1030554
:107D9000D4D106B0BDE8F0811FB50268037911683F
:107DA00051B901A88DF80430FFF7A0FF78B9002081
:107DB00040B205B05DF804FB02A802928DF80C30C9
:107DC000FFF73EFF0628F2D8024B185CF0E70320CD
:107DD000EEE700BFAC300308881A40B220EAE0703A
:107DE000C0B2704710B586B00B4B01938368029305
:107DF00040F21133ADF80C3000238DF80E3043689B
:107E000004930388ADF8143001A80C46FDF766FA18
:107E10000323237006B010BDB330030830B50B4BFD
:107E200085B00C460A491D56FDF744FB0822014661
:107E30000020CDE90020074A0123E4B20294039315
:107E4000546A18462A46A04705B030BD2A310308B7
:107E5000C0300308002C03080B4B10B51B6A044606
:107E6000984768B1094B0A4A2344934209D8094A02
:107E7000534341F6F632B2EBB31F2CBF0120002072
:107E800010BD0020FCE700BF002C0308608FF7C87E
:107E9000401640005FF7435907B50023009303786D
:107EA000013B332B31D8DFE803F01A1E303030307D
:107EB0003030303E404244304D5053505356305F86
:107EC0001C616365673030693023303030303030CA
:107ED00030303030303030306C741C303074C37817
:107EE0001BB9082302E083787BB1022300930CE0E6
:107EF000827890F9013062B92BB1082B1ABF03F1D7
:107F0000FF33DAB2062252B20092009803B05DF855
:107F100004FB022B05D0082B1ABF03F1FF33DBB2A1
:107F200006235BB2E2E70523E0E74023DEE72023F8
:107F3000DCE7827890F9013012B9174AD35CD5E7B3
:107F4000164AFBE74FF47A73D0E741F28833CDE766
:107F500041F27073CAE712484FF47A71EDF778F87E
:107F600000F5FA600090D0E70E4BBFE70E4BBDE77F
:107F70000E4BBBE74823B9E70D4BB7E70D4B00931A
:107F8000C3E740F21333ADF8003001238DF802301F
:107F9000BBE70A23AAE700BF3A3103084A310308C6
:107FA00018FCFFFFA0700837A4A20020BCA200208C
:107FB0002C9F00200000F04113B50A4B02780C21E1
:107FC00001FB0232547A182202FB04340369009345
:107FD000C3684278816804F55870FDF748F802B02C
:107FE00010BD00BF2C9F002070B5044686B018223B
:107FF0000021684604F05EFF247B0123ADF80030C9
:1080000024B1013C9C423BD906B070BD2648274DA7
:1080100018226946EDF729F8254B264A19461846D5
:1080200050260A6002F5433202F5A072AA420E728F
:108030004C7201F10C01F4D11F4A204C662500213D
:10804000C3F8002302F5C31202F52062A24283F8AE
:10805000085383F8091303F10C03F1D1FF23C0E99E
:10806000E431C0F8981316490622A1F11800FCF774
:10807000EFFF1449062201F10C00FCF7E9FFC3E70A
:108080000F490622A1F11800FCF7E2FF0E4A062371
:1080900032F8021B32F80E0C013B014013F0FF03D3
:1080A00022F8021CF4D1AFE78CA200200028503740
:1080B0002C9F002000D88C366086973660D65A37C1
:1080C000BCA20020A4A20020B0A2002008B5034654
:1080D0000A2925D8DFE801F006242424240B0B16F6
:1080E000241F1F00BDE808400068FFF7B5BE99785F
:1080F00090F90000052261B9FCF76AFF003818BF4B
:10810000012008BD9B7890F900000D220BB90821D1
:10811000F2E70221F0E790F900000A220021EBE7E4
:108120000020EEE7037A102B30B520D14368DB7BCB
:10813000012B1CD10E4B0021A3F55E75426812F88D
:1081400011201A80446804EB41040429647842EA4F
:10815000042223F8022B04BFD2B2A5F880235A8947
:1081600033F8024C0131224005295A81E6D130BD55
:10817000A4A2002038B505791DB1012D1ED0002024
:1081800038BD124C0168062204F55E70FCF760FFF2
:1081900094F89833A4F89833A4F89A53062304F576
:1081A000617434F8022B34F80E1C013B0A4013F0C2
:1081B000FF0324F8022CF4D10120E1E70168044810
:1081C0000622FCF745FF2846DAE700BF2C9F002077
:1081D000BCA200200D28F7B5A8BF0D201746144AF1
:1081E00058700E461C46134952F820308B421CD062
:1081F00011498B420CBF02230023A3700F4B52F88E
:108200002010185CFDF71EF80D4BDB6D05469847F6
:1082100004F10C0208340346019200943A463146B8
:108220002846FDF71CF803B0F0BD0123E5E700BFC9
:10823000C030030890D0030020A107002A310308B2
:10824000002C03082DE9F0471C4E90F9019073684B
:1082500045688AB004468846984768BBA37C33B912
:108260002578174A05F00703164D02FB0355164BF8
:10827000284613F909A0F3689847637C228909937B
:108280000125002302920822CDE90032CDE907350D
:10829000CDE90533CDE90333A178B7692B465246C2
:1082A0002846B8472846736D0D21984788F80090F6
:1082B00028460AB0BDE8F0870020FAE7002C030842
:1082C000C0270900A07008372A3103082DE9F04FB4
:1082D0002C4B2D4D924690F901209F5603788946EC
:1082E0000C2101FB035318215B7A01FB03538DB072
:1082F00093F9628390F902309845B8BF9846234BB2
:1083000053F82260224B9E42044639D0214B9E42B4
:108310000CBF022600266168A268DFF87CB04046E8
:10832000FCF7C6FF22780B900C235A43DBF80C3085
:10833000A858984700224FF47A630125CDE9072316
:108340000823CDE90522CDE90325CDE901530B9999
:10835000009733462846DBF81C70B847DBF85430EA
:10836000217B28469847A18994F90100FFF756FD23
:10837000CAF80000284689F800800DB0BDE8F08FEB
:108380000126C8E72A3103082C9F0020C0300308CB
:1083900090D0030020A10700002C03082DE9F04F26
:1083A00093B007AF0024CDE9002305468846062296
:1083B000794907943846C7E90144FCF749FE4FF074
:1083C000010AA1462B7AA34206D9686805A9204470
:1083D000FCF7D2FE002874D19DF91530052B07DC7F
:1083E000042200213846FCF715FE012840F2D28015
:1083F000072602238DF80C3003A86B7A8DF80E3017
:10840000FFF74AFDAB7A8DF82D309DF815308DF8C9
:108410002E309DF816308DF82F309DF814308DF8E1
:108420003030EB7A8DF831302B7B8DF832306B7B2E
:108430008DF8333048238DF8343005238DF83D30E6
:108440000A23ADF844302B688DF82C608DF83C0081
:108450000A93524E0E9705AB0DF116020DF1150160
:108460000AA81096FCF7A2FE0728054617D1062297
:10847000394606F55E70FCF7EBFDD6F88433D6F886
:1084800078231340C6F88433D6F87C23D6F8883393
:108490001340C6F88833D6F88033C6F88C339DF87D
:1084A0001530009A88F800309DF816301370019A44
:1084B0009DF8143013701C9B28461C7013B0BDE847
:1084C000F08F9DF81730BDF818200444062BE4B255
:1084D0000DD14FF6FF73ADF81C30ADF81E30ADF87E
:1084E0002030ADF82230D2B2ADF824206AE7072B55
:1084F00008D1ADF81C90ADF81E90ADF82090ADF805
:108500002290F0E7052B3FD10021D2B2084612ABF2
:108510000AFA01FE03EB400C12EA0E0F3CF82C3C69
:1085200001F0010B0FFA8EF61BD0BBF1000F0CD13E
:1085300043F0FF032CF82C3CBDF824301E43ADF86B
:10854000246001310829E2D13CE763F0FF032CF8F5
:108550002C3CBDF824301E430130ADF82460C0B27D
:10856000EFE7F643BBF1000F07D123F0FF032CF830
:108570002C3CBDF824301E40E1E7DBB22CF82C3C4B
:10858000BDF824301E40E7E712A901EB430323F8AE
:108590002C2C17E706262CE7A4A200202C9F0020F5
:1085A00038B505464068FFF757FC0D2200284FF00C
:1085B000080195F9000014BF07240624FCF708FD04
:1085C00008B904F0050495F90030072B01D00D2BF4
:1085D00001DD04F0FD0495F9010003220021FCF700
:1085E000F7FC08B904F0FB04204638BD00207047B2
:1085F0000020704700207047074BFF22A3F880231C
:10860000064A137813F0010F03F10103137014BF2E
:1086100006200220704700BF2C9F0020C8A2002027
:108620002DE9F04F9BB00024069106462146914665
:1086300009A844221F46089404F03CFC5048DFF887
:10864000448104222146FCF7E5FC30B9042208F5F8
:108650005E7108F56170FCF7FBFC96F90830052B9C
:1086600006DD98F88C331BB9B8F88033A8F88C3342
:108670007068F2F799FC736813B13568854273D856
:1086800000243C60F18A96F90800757AB77A96F86A
:1086900014A0FFF7C3FB0390D6E9030101AA82E807
:1086A00003003B4628463849CDF800A00122FCF7DC
:1086B000F1FC96F908300493324B054627462646CE
:1086C000E2B205920C2202FB048B4FF0000AB3F8D1
:1086D000842342FA0AF2D2071CD5DBF80020CAB183
:1086E0009BF808100498079341F3031241F3030128
:1086F00052B249B2FCF76CFC079B58B19BF80920B9
:10870000204902EB420201EBC20292F8742312BB31
:108710000137FFB20AF1010ABAF1100F0BF10C0B8D
:10872000D5D11034502C03F10203C9D10EB3711E00
:108730000020ECF78DFC1AAB1844069B10F8481C7F
:1087400019700F484022FCF74CFC0020C9F80000CB
:108750001BB0BDE8F08F1AA9721C0E440599514454
:1087600006F8481CD6B2D5E72D1AC9F800500B20E0
:10877000EEE7002FF9D1C9F800700C20E8E700BF40
:10878000B0A200202C9F00208CA20020064B10B528
:10879000062404FB01339B56002B03DA00280CBF90
:1087A00000230223D8B210BD0031030810B586B0F3
:1087B0000B4B01938368029340F61323ADF80C3002
:1087C00002238DF80E30436804930388ADF814300B
:1087D00001A80C46FCF782FD0A23237006B010BDE9
:1087E0002A310308064B10B51B6A0446984730B17E
:1087F0000448054B204498428CBF0020012010BD46
:10880000002C0308006880CC808D5B00F0B5114B14
:1088100085B00C4610491F560546FCF74BFE0F4B22
:10882000E4B25E6A072D4FF00103CDE90243014631
:108830000AD105220023CDE900234FF47A727A434E
:108840001846B04705B0F0BD08220020CDE9002051
:108850003A46F5E7833103085C310308002C03082E
:108860001FB50023009303780B3B2C2B64D8DFE863
:1088700003F02C2F3136383B3E414447634F635160
:10888000565B5D6363606317636363636363636322
:1088900063636363634F676C63636E6C63707400E0
:1088A00043788DF8043007238DF805304FF480535A
:1088B000ADF806302C4B1B6801A803F59062CDE99A
:1088C0000223FCF7D7FD009036E04023009333E00D
:1088D0002023FBE790F90130244AD35CF6E701231B
:1088E000F4E740F6B833F1E74FF47A73EEE74FF46C
:1088F000FA63EBE741F28833E8E741F27073E5E7AA
:108900001B484FF47A71ECF7A3FB00F5FA60DAE745
:10891000184BDBE7144B1B6803F59063D6E7124B4B
:108920001B6803F28C43D1E71023CFE70E4B1B6883
:10893000CCE74FF083430093009805B05DF804FB4B
:1089400040F21113ADF80030F6E70323BEE70A4BFF
:10895000BCE790F90130094ABFE7094990F90100E5
:10896000FCF7A8FDAFE700BFD0A200208B310308C1
:1089700018FCFFFFE069CD33A05CCA3383310308E4
:108980005C31030837B50B4B02781B680C2101FBE7
:1089900002335B7A03EB4304074B1D6803690093C2
:1089A000C3684278816805EBC400FCF760FB03B044
:1089B00030BD00BFD0A20020CCA2002030B587B0CF
:1089C000027B6423ADF80030012A4FF00003CDE9AB
:1089D0000133CDE903338DF802308DF8143028D0FF
:1089E000022A2FD01ABB03680BB34368FBB11A4CA1
:1089F00080682360194B182269461860ECF735FB34
:108A0000174B246893E807000C3384E8070093E8C9
:108A1000070004F10C05032385E80700A4F88C3453
:108A2000012204F28C4104F59060FCF711FB07B0C1
:108A300030BD094908684360036100F28C4100F5CC
:108A40009060F2E7044B1B68B3F88024B3F88C14F1
:108A50000A43A3F88024EAE7D0A20020CCA2002099
:108A60001C02030808B50E2909D8DFE801F00A083E
:108A7000080808190F190819190808081B00002010
:108A800008BDBDE808400068FFF7ACBE052290F9BC
:108A900000000021FCF79CFA003818BF0120EFE726
:108AA0000722F4E70120EBE710B504791CB1012C93
:108AB0000BD0002010BD0A4B01681B68012203F592
:108AC0009060FCF7C5FA0120F4E7054B01681B68CC
:108AD000224603F28C40FCF7BBFA2046EAE700BFCF
:108AE000D0A20020F7B50728144D1C46A8BF0720C8
:108AF00058700E4629461746FCF7DCFC94F9013005
:108B0000A070072B13D13220FCF7A4FB0C4BDB6DBC
:108B10000546984704F10C0208340346019200947C
:108B20003A4631462846FCF79AFB03B0F0BD054AA9
:108B300055F82310D05CFCF785FBE7E75C310308B0
:108B4000002C0308833103082DE9F04FDFF8CC90A7
:108B500090F90180D9F8043046688BB005468A4602
:108B600098470446002856D1AB7C63B92C4A2B7831
:108B7000126803EB430302EB830152F823604B6856
:108B8000002B18BF1E46274B304613F908B0D9F802
:108B90000C309847D9F81830AF689C46B8F1070FE9
:108BA0006B7C099325D100230121CDE904311E49B5
:108BB00006930522CDE90733CDE90012BFB24FF489
:108BC0007A720393029702FB0BF24CF25031184673
:108BD0006546A847154B13F80810D9F854300D31E5
:108BE0002046C9B298478AF8008001200BB0BDE842
:108BF000F08F002601240823CDE90063CDE9076446
:108C0000CDE90566CDE90366BFB20297A978234690
:108C10005A462046DCE70020E8E700BF002C0308A6
:108C2000D0A2002083310308854501008B31030861
:108C30002DE9F04FDFF8EC9090F9013092463A4A76
:108C400012F903B00278D9F800300C2505FB023385
:108C5000364A5B7A126803EB43038DB002EBC30321
:108C600004460B9190F9020093F90210FCF71DFCE9
:108C70002F49064694F90100FCF71CFCA2686168C4
:108C800080463046FCF714FB2378D9F80020DFF843
:108C9000A4905D430746D9F80C3050599847D9F84D
:108CA0001C309C4694F901300025072B4FF47A6361
:108CB000CDE90753CDE9055523D10123CDE9035370
:108CC0000523CDE901534FF47A7303FB0BF30093B3
:108CD0003946434646F2A81228466746B847A18956
:108CE00094F90100FFF792FDCAF80000D9F854305A
:108CF000217B284698470B9B01201E700DB0BDE8D4
:108D0000F08F01200823CDE90350CDE901032A4665
:108D1000CDF800B0654643463946A84701200546D0
:108D2000DDE700BFD0A2002083310308CCA20020E1
:108D30005C310308002C03082DE9F04F8DB00024AE
:108D4000DFF840B102940546894690461F46ADF8CB
:108D50000C40ADF8064007264FF00C0A2B7AA342D0
:108D600006D9686802A92044FCF706FA002853D106
:108D7000AB7A8DF815309DF809308DF816309DF8D6
:108D80000A308DF817309DF808308DF81830EB7ADE
:108D90008DF819302B7B8DF81A306B7B8DF81B30DA
:108DA00010238DF814608DF81C30364E0DF106033B
:108DB00008934FF4E063ADF8243033680A93072337
:108DC000ADF82C302B6804930DF10A0202AB0DF1C3
:108DD000090104A8FCF7EAF9072805460BD1306819
:108DE0000C22002100F59060ECF753F93368BDF8D0
:108DF0000620A3F880249DF8093089F800309DF8FA
:108E00000A3088F800309DF808303B70169B2846E1
:108E10001C700DB0BDE8F08F9DF80B20BDF80C3034
:108E2000ADF806300444E4B2C2B9E3B1DBF8001097
:108E3000002007264FF0010C062A16D10AFB00F38A
:108E4000CB583BB1BDF806E00CFA00F343EA0E0341
:108E5000ADF8063001301028EED17FE7531E042B09
:108E600001D9062AE2D0062678E7BDF8063003418C
:108E7000DB07EFD50AFB00F3CB58002B08BF062613
:108E8000E8E700BFD0A2002038B505464068FFF7EC
:108E9000A9FC072200284FF0000195F9000014BF3B
:108EA00007240624FCF794F808B904F0050495F9A2
:108EB000010005220021FCF78BF808B904F0FB043F
:108EC000204638BD4FF0FF307047000010B50378E2
:108ED0000F2B04461AD84068FFF784FC22780C490F
:108EE00002EB42020968002801EB820051F82220BF
:108EF00014BF032302231AB903F0010358B210BDB3
:108F0000032B06BF626842600223F7E70020F6E702
:108F1000D0A20020704700002DE9F041394D0446F1
:108F2000286896B00E46904600211F460122032372
:108F300000F59060CDE90411CDE906118DF80C1013
:108F40008DF80D10ADF80E30FCF764F830B92A68D2
:108F5000B2F8803443F00303A2F880342A68637ABD
:108F60008DF8203002F59061CDE90912264A94F976
:108F7000083012680B921022ADF830200DF10E026D
:108F80000D9222680E9262680F92D4E90301A27AD0
:108F90008DF8402001228DF8412011AA82E80300BB
:108FA000227DE18A8DF8213018468DF84C20FFF79C
:108FB0002DFC08AB15930DF10D0314900093CDF823
:108FC000048003AB04AA39460EA8FCF70FFA044646
:108FD00068B99DF80C100139ECF73AF816AB184453
:108FE00010F8483C3370204616B0BDE8F0810C28DC
:108FF00001BF2A68B2F8803443F00303A2F880343A
:10900000F1E700BFD0A20020CCA20020F8B506797D
:10901000012E054601D80620F8BD0F2E2BD8036877
:10902000187A40F303000722002140B2FBF7D0FF7B
:109030002B680446187A40F303100722002140B23F
:10904000FBF7C6FFA8B1B4FA84F4640929680B7A67
:10905000086843F3030243F3031352B25BB29A422C
:10906000C8BF0124FFF7BEFB48B9002CD3D10420B0
:10907000D2E70124EAE70320CEE70520CCE7002C65
:10908000FBD10C4F29683B6806EB460003EB8000E0
:109090000C22EBF7EAFF3A680C2303FB0623204679
:1090A0005C72012303FA06F6B2F880341E43A2F87C
:1090B0008064B1E7D0A2002010B4017801290ED954
:1090C000084B18680C234B43C4180022C250C4E953
:1090D000012200F5906010BC1022FBF782BF002037
:1090E00010BC7047D0A200202DE9F04186B050237B
:1090F0008DF81430037A102B074630D14368DD7B9E
:109100006DBB0224A8466426062C14D87A68535DE9
:1091100003932A44517843EA01230393927843EA64
:1091200002437343CDE9033863B968468DF80040C4
:10913000FFF7C2FF0DE0CDF80C808DF81480CDF85C
:109140001080F2E703AB01A801938DF80840FFF708
:109150005DFF0134E4B2102C05F10305D4D106B053
:10916000BDE8F0811FB502680379116851B901A803
:109170008DF80430FFF7A0FF78B9002040B205B0A9
:109180005DF804FB02A802928DF80C30FFF73EFF59
:109190000628F2D8024B185CF0E70320EEE700BF88
:1091A0007C310308881A40B220EAE070C0B27047F0
:1091B00010B586B00B4B01938368029340F21133D4
:1091C000ADF80C3000238DF80E304368049303880B
:1091D000ADF8143001A80C46FCF780F80323237087
:1091E00006B010BD8331030830B50B4B85B00C467B
:1091F0000A491D56FCF75EF9082201460020CDE918
:109200000020074A0123E4B202940393546A1846EB
:109210002A46A04705B030BDE83103089431030861
:10922000002C03080B4B10B51B6A0446984768B125
:10923000094B0A4A2344934209D8094A534341F649
:10924000F632B2EBB31F2CBF0120002010BD00206E
:10925000FCE700BF002C0308608FF7C840164000F1
:109260005FF743591FB5002300930378013B362B6A
:109270001FD8DFE803F01C1E1E1E1E1E1E1E1E1E13
:1092800037393B1E404346494C4F1E571C595E63BD
:10929000651E1E681E221E1E1E1E1E1E1E1E1E1E59
:1092A0001E1E1E6B711C1C1E6B1C1C797D0008236E
:1092B0000093009805B05DF804FB43788DF8043006
:1092C00004238DF805304FF49043ADF806302B4B56
:1092D0001B6801A803F59062CDE90223FCF7CAF8E8
:1092E0000090E6E74023E3E72023E1E790F901302F
:1092F000234AD35CDCE740F6B833D9E74FF47A73FE
:10930000D6E74FF4FA63D3E741F28833D0E741F26E
:109310007073CDE71B484FF47A71EBF799FE00F5B7
:10932000FA60DDE7184BC3E7144B1B6803F5906345
:10933000BEE7124B1B6803F28C43B9E74823B7E73B
:109340000E4B1B68B4E7114B0093B2E7104A0E496D
:109350000079FAF76AF9C3E740F21743ADF8003035
:1093600003238DF80230A4E790F90130094AC0E7E1
:10937000094990F90100FCF79DF8B1E7DCA2002053
:10938000F831030818FCFFFFA07008379A990042D3
:10939000C0270900E83103089431030837B50B4BA7
:1093A00002781B680C2101FB02335B7A03EB430458
:1093B000074B1D6803690093C3684278816805EB19
:1093C000C400FBF754FE03B030BD00BFDCA2002098
:1093D000D4A20020F0B587B00123047BADF80030A3
:1093E0000023CDE90133CDE903338DF802308DF848
:1093F000143024B1013C012C50D907B0F0BD0368F2
:10940000002BFAD04268002AF7D0314E80683260D3
:10941000304A314D10609C81182269462B60EBF771
:1094200024FE30682D4B2E4F024601464FF0300C83
:109430000B6003F5433303F5A073BB4281F808C00A
:109440004C7201F10C01F3D1264B2749442700242B
:10945000C2F8003303F5C31303F520638B4282F88F
:10946000087382F8094302F10C02F1D14FF0FF3387
:10947000C0F88C34C0F89034FF23C0F8943400F264
:109480008C41062200F59060FBF7E2FD3168286808
:10949000062201F59061FBF7DBFDAEE70C4C20687E
:1094A000062200F28C4100F59060FBF7D1FD0A4BDB
:1094B00021681B6801F590619A1E0A3332F8024F49
:1094C00031F8020B9A4200EA04001080F6D194E7CA
:1094D000DCA20020D4A20020D8A200206001C83560
:1094E00060518B36C0AFD235C0FF953608B50A291A
:1094F0001DD8DFE801F0061C1C1C1C0B0E101C1AEA
:109500001A00BDE808400068FFF78CBE0422002165
:1095100003E00522FBE70D22082190F90000FBF78C
:1095200057FD003818BF012008BD0E22EFE70020CC
:10953000FAE70000F8B51C4B1B68044683BB237A8E
:10954000102B30D16368DB7B012B2CD1174B1868B3
:10955000174B1D6800F59066023D00223146636896
:1095600013F812303380676807EB4207042A7F78CC
:1095700043EA072326F8023B04BFDBB2A0F8883495
:1095800035F8023F36F8027C01323B40052A2B8039
:10959000E5D1BDE8F840062200F28C40FBF758BD4B
:1095A00098470028CBD0F8BDE0A20020DCA2002024
:1095B000D8A2002070B50546042200680021FBF700
:1095C00029FD2C791CB1012C21D0002070BD154E35
:1095D00029683068062200F59060FBF739FD336892
:1095E00093F89424A3F894240F4AA3F8964412689D
:1095F00003F59063911E0A3231F8024F33F8020BE3
:10960000914200EA04000880F6D10120DEE7054B14
:1096100029681868062200F28C40FBF719FD2046E5
:10962000D4E700BFDCA20020D8A20020F7B50D28A7
:10963000114DA8BF0D201C460E46587029461746EE
:10964000FBF738FF94F901300C4A55F82310A0704D
:10965000D05CFBF7F7FD0A4BDB6D0546984704F13C
:109660000C0208340346019200943A4631462846DB
:10967000FBF7F5FD03B0F0BD94310308E8310308B2
:10968000002C03082DE9F0471F4E90F901907368F4
:1096900045688AB0044688469847002831D1A37CA3
:1096A00033B92578194A05F00703194D02FB035514
:1096B000184B284613F909A0F3689847637C228960
:1096C00009930125002302920822CDE90032CDE959
:1096D0000735CDE90533CDE90333A178B7692B46CA
:1096E00052462846B8470C4B13F80910736D0D31DC
:1096F0002846C9B2984788F8009028460AB0BDE8C5
:10970000F0870020FAE700BF002C0308C0270900FB
:10971000A0700837E8310308F83103082DE9F04F4D
:10972000374B384E90F902A0D6F800B0914690F928
:1097300001209F56037888460C2101FB03B3324970
:109740005B7A096803EB430301EBC3038DB093F924
:1097500002100B9204465046FBF7A7FE0B9A042A10
:1097600005463FD15546022DB8BF0225274994F939
:109770000100DFF89CA0FBF79DFE264983460022EE
:109780002846FBF795FD22780B900C235A4330684E
:10979000DAF80C308058984700224FF47A6301269B
:1097A000CDE907230823CDE90522CDE90326CDE93C
:1097B00001630B9900975B463046DAF81C70B84796
:1097C000DAF85430217B30469847A18994F901009A
:1097D000FFF70AFDC9F80000304688F800500DB0C8
:1097E000BDE8F08F042200210BF59060FBF712FC1E
:1097F0003128BBD85546052DB8BF0525B6E700BFB3
:10980000E8310308DCA20020D4A200209431030830
:10981000002C03080000F0412DE9F04F844F93B075
:10982000CDE901123968039307AE002405460622EC
:1098300001F590613046C6E901440594ADF8184041
:109840000794FBF705FCA0464FF6FF792B7AA3425D
:1098500006D9686805A92044FBF78EFC002876D15C
:109860009DF91530032B07DC0422002107A8FBF724
:10987000D1FB012840F2DA8007238DF82C30AB7A37
:109880008DF82D309DF815308DF82E309DF816305E
:109890008DF82F309DF814308DF83030EB7A8DF83C
:1098A00031302B7B8DF832306B7B8DF83330482391
:1098B0008DF834304FF48063ADF83C303B68109342
:1098C0000E23ADF844302B680A930DF1160205AB58
:1098D0000DF115010AA80E96FBF768FC072805464E
:1098E00023D138680622314600F59060FBF7B0FBC3
:1098F000504B3A681B68B2F88004198801401980FF
:10990000B2F88204598801405980B2F884049988D9
:1099100001409980B2F88604D9880140D980B2F814
:1099200088141981B2F88A245A81019A9DF8153059
:109930001370029A9DF816301370039A9DF8143034
:1099400013701C9B28461C7013B0BDE8F08F9DF867
:109950001730BDF818200444062BE4B20BD1ADF843
:109960001C90ADF81E90ADF82090ADF82290D2B2C8
:10997000ADF824206AE7072B08D1ADF81C80ADF8BC
:109980001E80ADF82080ADF82280F0E7052B47D18E
:109990004FF0000CD2B26146012303FA0CFA0CEA34
:1099A000030B12AB03EB410E12EA0A0F3EF82C3CFC
:1099B0000FFA8AF01DD0BBF1000F0ED143F0FF0368
:1099C0002EF82C3CBDF824300343ADF824300CF1C4
:1099D000010CBCF1080FDFD138E763F0FF032EF86C
:1099E0002C3CBDF824300343ADF824300131C9B21A
:1099F000EDE7C043BBF1000F09D123F0FF032EF8C0
:109A00002C3CBDF824301840ADF82400DFE7DBB271
:109A10002EF82C3CBDF824301840ADF82400E5E7C2
:109A200012A901EB430323F82C2C0FE7062324E7AC
:109A3000DCA20020D8A2002038B505464068FFF718
:109A4000F1FB0D2200284FF0080195F9000014BF2A
:109A500007240624FBF7BCFA08B904F0050495F9BD
:109A6000000007220521FBF7B3FA012803D095F97E
:109A700000300D2B01DD04F0FD0495F901000322F7
:109A80000021FBF7A5FA08B904F0FB04204638BD15
:109A90004FF0FF3070474FF0FF3070474FF0FF300E
:109AA0007047000010B50E4B5B680C462BB90D4B90
:109AB0001A68537B34B1013B05E0984740B2002857
:109AC000F5D010BD01335373537BC3EBC30203EBDB
:109AD000C203DBB21D2B34BF04200020F1E700BF1E
:109AE000E0A20020D8A200202DE9F0470025A4B074
:109AF000494E8DF80E5004460F46914629464422A1
:109B000013A898468DF80F50129503F0D3F9294603
:109B10003068DFF808A10422FBF77CFA054648B953
:109B2000DAF800103068042201F59061FBF790FA32
:109B300033681D7394F908203368DAF80010032A9B
:109B400004DD1A7A12B9B1F888241A81CDE90531F9
:109B5000334B627A1B6807934823ADF8203000230B
:109B6000099323680A9363680B93A37A8DF83030C6
:109B7000D4E9030101238DF810208DF8313094F9D8
:109B800008208DF8112004AB11930DAB83E803007E
:109B9000237DE18A8DF83C301046FFF725FB0DF15F
:109BA0000F0310900093CDF804900DF10E0312AA4C
:109BB00041460AA8FBF71AFC054680B9637A93B1BF
:109BC0009DF80E100139EBF743FA24AB184410F856
:109BD000483C3B70397830684822FBF702FA284647
:109BE00024B0BDE8F08794F90830306853B1007AAA
:109BF0002A46D3B240FA03F1C90702F10102F8D5AF
:109C00004033E6E73A4600F10C01F9F7BBFC0328C4
:109C1000E0D10546E3E700BFD8A20020DCA2002087
:109C2000D4A20020034B03EB8103985620EAE07096
:109C3000C0B27047D431030810B586B00B4B019306
:109C40008368029340F61703ADF80C3002238DF8B9
:109C50000E30436804930388ADF8143001A80C4615
:109C6000FBF73CFB0823237006B010BDE831030866
:109C700003C8024B83E80300704700BFE0A2002046
:109C80002DE9F043CBB00646DDF8489117469846DB
:109C90000D4689B3B9F1000F2ED004A800F046FAA2
:109CA000164B1968002401F1140304EB04101A5C2C
:109CB000424513D11530014404A800F047FAA6B973
:109CC0003A46294604A800F046FA684604A900F07E
:109CD000A9FA009BC9F80030002003E00134172CDA
:109CE000E3D103204BB0BDE8F083102231460DEBE9
:109CF000020000F030FAE3E70220F3E7E8A20020D8
:109D000070B5E8B04FF4D07200210446684603F005
:109D1000D1F8444A0DF1150102F1100352F8040B79
:109D200041F8040B9A42F9D101228DF825203D4AD1
:109D30000DF1260152F8040B41F8040B9A42F9D1B7
:109D400002228DF8362003228DF8472004228DF858
:109D50005820344A0DF1590152F8040B41F8040B14
:109D60009A42F9D105228DF869202E4A0DF16A0137
:109D700052F8040B41F8040B9A42F9D106228DF8EF
:109D80007A20284A0DF17B0152F8040B41F8040BAC
:109D90009A42F9D107228DF88B20224A23AE10680F
:109DA0005168354603C508329A422E46F7D108233A
:109DB0008DF89C307F238DF8AD3080238DF8BE3038
:109DC00081238DF8CF3082238DF8E03083238DF806
:109DD000F13084238DF8023185238DF813318623E9
:109DE0008DF8243187238DF8353188238DF846315D
:109DF00089238DF857318A238DF868318B238DF8AC
:109E000079318C238DF88A3154B1074B20464FF4B9
:109E1000D07269461C60EBF728F9002068B070BD6D
:109E20000220FBE708320308E8A200207E2B01D8BD
:109E3000FFF726BF0320704730B50D4685B01446A6
:109E4000014668B103AA002000922A460390FFF75A
:109E500017FF18B90398001B18BF012005B030BDCB
:109E60000220FBE72DE9F0410D46BEB016469846AC
:109E7000074670B36BB311F00F042CD1F0222146CA
:109E800001A8EBF706F9154B1868214600F11402FA
:109E900001EB0113D45CB4420BD1153301AA10219C
:109EA0001844DEF767F92C462E1BF6B244B920465B
:109EB00003E001311729EBD103203EB0BDE8F0816A
:109EC00001AA08EB0601B819103CDEF758F9A4B254
:109ED000EAE70220F1E70520EFE700BFE8A2002053
:109EE000F0B51C4D2C68034685B00846002204F1ED
:109EF000140102EB02168F5D9F4226D183F080028F
:109F0000092A06F1150619D840F24923D340DB434C
:109F100013F0010312D1CDE90033CDE902337F22E2
:109F200010216B46FFF79EFF044628681022694601
:109F30003044EBF79AF8204605B0F0BD01461022F8
:109F4000A019EBF792F80024F5E70132172AD0D1D7
:109F50000324F0E7E8A2002009B1FFF7C1BF022007
:109F600070471FB51446A0B100237F2ACDE9003306
:109F7000CDE9023301D108290DD10A466B461021E3
:109F8000FFF770FF18B969462046FFF7A9FF04B034
:109F900010BD0220FBE70320F9E72DE9F04F91B057
:109FA00081469DF868401B9E8A4617469846002BBE
:109FB00073D0002E71D01C9B002B6ED0212C6FD83B
:109FC000A5B2FF282A46414630460CBF4FF0010B90
:109FD0004FF0030BEBF749F8691E5A46731C89B220
:109FE00008F10100FFF73EFF834600285BD196F899
:109FF0000B801C9B4FEAD81883F80080331913F8A4
:10A00000024C13F8031C13F8042C13F8013C24042D
:10A0100044EA0124144344EA0364B8F1000F0FD169
:10A02000291F0123224689B23046FFF705FFB0F110
:10A03000000818BF4FF00108404611B0BDE8F08F8E
:10A04000CDE901000390082251460DF105008DF87D
:10A050000490EBF714F88DF80D70292259463F0A49
:10A0600005A88DF80E70CDF810B002F023FF0C2279
:10A0700001A904A8EAF7F9FF2A4631460DF11B00B1
:10A08000EAF7F3FF02232246E91D04A8FFF7D4FEF6
:10A09000002808BF4FF00008CEE74FF00208CBE7DA
:10A0A0004FF00508C8E74FF00708C5E708B50146B7
:10A0B00030B1044B08221868EAF7D7FF002008BD2A
:10A0C0000220FCE7E8A20020014B1868704700BF9F
:10A0D000E8A2002008B5014638B1054B18680822EF
:10A0E0001044EAF7C2FF002008BD0220FCE700BFD1
:10A0F000E8A20020014B186808307047E8A2002051
:10A1000008B5014638B1054B186804221030EAF74B
:10A11000ACFF002008BD0220FCE700BFE8A2002041
:10A12000014B186810307047E8A2002010B51022CB
:10A1300004460021F130EAF7ACFF0021C4F8141105
:10A140002046F022BDE81040EAF7A3BF02460846C9
:10A150001021DEF70FB82DE9F0430446D0F81401C2
:10A1600085B00E46154604F2011788B3C0F11009F8
:10A170009145C84628BF90461FFA88F23844EAF74E
:10A1800074FFD4F8143143440F2BC4F8143128D988
:10A19000A94526D204F1F103994613F8012BD97B86
:10A1A000BB4282EA010203F8012CF6D11022494693
:10A1B0006846EAF75AFF224669466846DDF7DFFF40
:10A1C000102269464846EAF750FF4644A5EB0805C9
:10A1D000102D09D8AAB231463846EAF746FFC4F82E
:10A1E000145105B0BDE8F08304F1F103711E9846E7
:10A1F0001A7811F8010F424003F8012BBB42F7D146
:10A20000102241466846EAF730FF22466946684612
:10A21000DDF7B5FF102269464046EAF726FF103603
:10A22000103DD5E770B588B00C46102200210546D8
:10A230006846EAF72EFF224669466846DDF79FFF2B
:10A240009DF90030002B6A464FF0000141DA137887
:10A2500012F8010F01315B0043EAD0130F2902F815
:10A26000013CF4D19DF80F305B0083F087038DF83B
:10A270000F30D4F81431102B3AD104F2011369468F
:10A2800004F211101A7811F8016B724003F8012BD7
:10A290009842F7D104F1F10304F20110194613F8C2
:10A2A000012BDE7B984282EA060203F8012CF6D1EC
:10A2B00010220DEB0200EAF7D8FE2246294604A838
:10A2C000DDF75DFF102200216846EAF7E2FE08B0E4
:10A2D00070BD137812F8010F01315B0043EAD0130F
:10A2E0000F2902F8013CF4D19DF80F305B00BEE766
:10A2F0009DF90020002A69464FF0000036DA0A78FE
:10A3000011F8016F0130520042EAD6120F2801F80D
:10A31000012CF4D19DF80F20520082F087028DF8B5
:10A320000F20E218802182F801116FF4807003F58C
:10A3300081722244001B002681180F2925D95A1C3E
:10A34000102AC3F10F0388BF00231344C4F814314B
:10A35000694604F2011304F211101A7811F8016B26
:10A36000724003F8012B9842F7D193E70A7811F86D
:10A37000016F0130520042EAD6120F2801F8012C79
:10A38000F4D19DF80F205200C9E702F8016BD3E722
:10A3900000F008B800F000B8014801F039B800BF7B
:10A3A000E2A6002010B50D4C204600F03EFF02232F
:10A3B00006220146204600F03BFF0949204601F0F5
:10A3C00001F90849204601F0FDF8074B07491A68D2
:10A3D0002046BDE8104001F0F7B800BF28A60020D5
:10A3E000193203082F320308C40F00206632030815
:10A3F000054808B508230360EDF78EFC18B1BDE8E9
:10A400000840DDF70BBA08BDECA2002007B54FF0FD
:10A41000B04332205A6E42F001025A665B6E00224F
:10A4200003F0010301931146019BEDF72FF8322051
:10A4300003B05DF804EBEDF75BB80000024B9868E1
:10A44000024BC0431860704700280040FCA2002067
:10A45000014B1868704700BFFCA20020034B044A60
:10A460009B681068DB43181A704700BF0028004043
:10A47000FCA20020034B187810B1034B9868C0432E
:10A48000704700BFF8A2002000280040032070475A
:10A4900008B501464FF47A720023C003490CDCF77B
:10A4A0003FFE08BD4FF47A73A0FB0330DB0B43EA99
:10A4B0004040704710B5074B074C0122DA654FF456
:10A4C00080712046F1F77CF94FF0FF3323630020C1
:10A4D00010BD00BF002800403C13002002460021B0
:10A4E0000148F1F78CBB00BF3C130020024601215C
:10A4F0000148F1F784BB00BF3C13002010B58CB0BD
:10A500002C220021044601A802F0D4FCFFF7D2FF60
:10A510000C4B186800230444089306934FF0005333
:10A52000E4430793084802944FF48073012201A981
:10A530000B93F1F75DFA08B1DDF770F900200CB06C
:10A5400010BD00BFFCA200203C13002038B50A4B10
:10A550009C68054602210948F1F758FBE343C3F321
:10A560000E024FF47A71A2FB0121D20BDB0B2A8081
:10A5700043EA404038BD00BF002800403C130020A3
:10A5800001480021F1F742BB3C13002001480121A2
:10A59000F1F73CBB3C130020F8B5114E3578E5B916
:10A5A000104C2A4629464FF0FF3728462763DDF72F
:10A5B00057FFFFF77FFF4FF480712046F1F700F956
:10A5C00020462763F1F7C0FA20462A460221F1F718
:10A5D00016FBFFF733FF012333700020F8BD00BFE7
:10A5E000F8A200203C130020F0F7D2BD10B5064CB5
:10A5F00002212046F1F70AFB0221421C2046BDE859
:10A600001040F1F7FCBA00BF3C1300204FF0B043FC
:10A6100082B0DA6C0243DA64DB6C18400190019B73
:10A6200002B070472DE9F04186B01422002101A844
:10A6300002F040FC0220FFF7E9FF144D144F042004
:10A64000FFF7E4FF4FF4807601230024CDE9016396
:10A6500001A903232846CDE903434FF40058EDF741
:10A66000F7F901A93846CDF80480EDF7F1F9224653
:10A6700041463846EDF718FB284622463146EDF7AD
:10A6800013FB204606B0BDE8F08100BF000400487F
:10A6900000080048032810B50ED8012810D868B962
:10A6A00002460B484FF48071EDF7FEFA002209488C
:10A6B0004FF40051EDF7F8FA002010BD0122F0E749
:10A6C000002203484FF48071EDF7EEFA0122EEE725
:10A6D000000400480008004802207047002070472E
:10A6E00001207047EAF766BD07B5FF230DF10702A9
:10A6F000012109488DF80730EAF786F8BFF34F8F3C
:10A700000649074BCA6802F4E0621343CB60BFF30B
:10A710004F8F00BFFDE700BF0040000800ED00E0E4
:10A720000400FA0570B5164604460D4601F086FB96
:10A730000C4B4CF2FA321A61083D2644B44203D362
:10A7400001F08EFB00200CE0F5E9022321460120F8
:10A7500001F0C0FB08B90834F0E701F081FB6FF0AD
:10A76000060070BD0040005808B50B46014618466B
:10A7700002F078FB002008BD37B50D46044601F015
:10A780005DFB0F4B0F484CF2FA321A6104F178442A
:10A7900000230193E40A0223ED0A01A94460036047
:10A7A000856001F0DDFB044628B101F059FB6FF034
:10A7B000060003B030BD01F053FB2046F9E700BFAF
:10A7C0000040005800A300204FF4006070470000D4
:10A7D00007B50022034600924FF0FF310548F0F71D
:10A7E000BBFB002814BF6FF00600002003B05DF82B
:10A7F00004FB00BF0CA3002008B501460548F0F794
:10A80000AFFC18B90348F0F771FC08B16FF006000F
:10A8100008BD00BF0CA3002008B50448F0F716FCE3
:10A82000002814BF6FF00600002008BD0CA3002014
:10A8300038B50446EFF3108572B6EAF7CFFC084B43
:10A840000120022CC3F8880006D1ECF7ABFEEAF732
:10A85000CCFC85F3108838BDECF788FEF7E700BF25
:10A86000000400587047DCF7DDBD704708B5104B99
:10A87000142202FB0033DB680F2B18D8DFE803F04B
:10A880000811171717171717151113171717170888
:10A890000021084801F0ECF948B1BDE80840DCF7B8
:10A8A000BDBF0421F5E70821F3E70C21F1E708BD5E
:10A8B00074A3002024A3002008B5104B142202FB2F
:10A8C0000033DB680F2B18D8DFE803F008111717E7
:10A8D000171717171511131717171708002108480E
:10A8E00001F016FA48B1BDE80840DCF797BF042133
:10A8F000F5E70821F3E70C21F1E708BD74A3002078
:10A9000024A3002030B5012987B003460C463BD96B
:10A910000F29474A08BF4FF0804246480260464A26
:10A92000116801FB03F2454B00251B68B3FBF2F3F2
:10A930000139013BC0E90315C0E905554360856055
:10A9400001F024F808B1DCF769FF3D4939488D6012
:10A95000C1E9005501F0DEF908B1DCF75FFF394BC2
:10A9600060221A600022C3E90222C3E904229A612C
:10A970000F2C14D8DFE804F00B5613131313131322
:10A980005A5658131313130B4FF08042C5E7002299
:10A990002C49284801F062F808B1DCF73FFF2A494A
:10A9A000244800234FF40052C1E905234FF0007200
:10A9B000C1E90033C1E90233C1E90733C1E9092321
:10A9C000C1E90B330B6101F0D7F908B1DCF726FFC1
:10A9D0000F2C25D848F20371E140C94311F0010161
:10A9E0001ED14FF0B04301A8DA6C42F00102DA64E4
:10A9F000DB6C03F0010300931422009B012502F09D
:10AA000059FA0223CDE90235204603230493DDF7EA
:10AA100026FC01A901904FF090400595EDF718F83C
:10AA200007B030BD0422B3E70822B1E70C22AFE73C
:10AA3000002C014024A30020880D002004000020E9
:10AA400000A40020E4A30020B0A300207047000071
:10AA500038B505460C46FFF72FFF244800F028FFC5
:10AA6000234B1B78032B3BD8DFE803F00219242F7C
:10AA7000FF2C38D81F4B4FF480721A601B4BFF22FB
:10AA8000DA601D4B5C601D4B142202FB05335868D5
:10AA9000D968FFF737FF2846FFF7E8FE38BDB4F561
:10AAA000806F20D2134B4FF480621A600F4B40F23C
:10AAB000FF32E5E7B4F5805F15D20E4B4FF48052BC
:10AAC0001A600A4B40F6FF72DAE7B4F5804F0AD2FB
:10AAD000084B4FF480421A60044B43F6FF72CFE7F5
:10AAE0006FF00600DAE76FF00200D7E724A300203A
:10AAF00070A30020880D0020E4A3002074A3002090
:10AB000070B50C4C002523781BB1E1686068FFF735
:10AB1000F9FE63783BB1EEB23046FFF7A7FE21693C
:10AB20003046FFF795FF0135032D04F11404EAD1F7
:10AB300070BD00BF74A30020084B024600210848E6
:10AB400019700421074B00F8321000EBC2000C21F1
:10AB500001FB02324260EAF737BA00BFAA82002046
:10AB600034A4002088A50020084B02460021084894
:10AB700019700521074B00F8321000EBC2000C21C0
:10AB800001FB02324260EAF71FBA00BFAA8200202E
:10AB90000CA40020D4A4002083680BB1406818479F
:10ABA0007047F0F7CFB9000037B503460E4C0C20C4
:10ABB00058432518042BA96098BF0C49235498BF0B
:10ABC00051F82300009388BF0020003A18BF0122EB
:10ABD000074B4FF0FF31F0F7BFF9002814BF6FF0BB
:10ABE0000600002003B030BD88A50020B432030861
:10ABF00039AB0208042898BF0D4B70B598BF53F8C5
:10AC000020400C4D4FF00C0300FB03F305EB030653
:10AC100088BF0024E85472602046F0F7A1FA18B902
:10AC20002046F0F763FA08B16FF0060070BD00BF70
:10AC3000B432030888A50020042898BF0B4A08B541
:10AC4000034698BF52F82000094A4FF00C0101FB5F
:10AC500003234FF0000288BF00205A60F0F7F6F996
:10AC6000002814BF6FF00600002008BDB4320308AE
:10AC700088A5002037B503460E4C0C2058432518F4
:10AC8000042BA96098BF0C49235498BF51F82300A6
:10AC9000009388BF0020003A18BF0122074B4FF0F5
:10ACA000FF31F0F759F9002814BF6FF006000020BB
:10ACB00003B030BDD4A40020C832030869AB020839
:10ACC000042898BF0D4B70B598BF53F820400C4D29
:10ACD0004FF00C0300FB03F305EB030688BF0024D1
:10ACE000E85472602046F0F73BFA18B92046F0F7B6
:10ACF000FDF908B16FF0060070BD00BFC83203084F
:10AD0000D4A40020042898BF0B4A08B5034698BF76
:10AD100052F82000094A4FF00C0101FB03234FF0C9
:10AD2000000288BF00205A60F0F790F9002814BF95
:10AD30006FF00600002008BDC8320308D4A400202C
:10AD400008B5164B164A1A605A680AB9154A5A606D
:10AD500000220121C3E90221C3E90422C3E906223A
:10AD60001A620E48102283F8422001F0CDF908B192
:10AD7000DCF754FD0948002101F0A8FF08B1DCF719
:10AD80004DFD0648002101F0CDFF08B1DCF746FD7E
:10AD9000BDE808404FF4001001F0EEBFC4A500204C
:10ADA000005800405C08700010B50446FFF7C8FF6B
:10ADB000014B01221A5510BD10A6002010B5044603
:10ADC000044801F0FAF908B1DCF728FD024B002233
:10ADD0001A5510BDC4A5002010A6002008B5164BBA
:10ADE0009942164B20D8164A5A601B6813B3134871
:10ADF00001F0E3F9114801F087F908B1DCF70EFD25
:10AE00000E48002101F062FF08B1DCF707FD0B4896
:10AE1000002101F087FF08B1DCF700FDBDE8084024
:10AE20004FF4001001F0A8BF064A914294BF064AB1
:10AE3000064AD9E708BD00BFA0860100C4A50020CE
:10AE4000DB0A301090D003009F0D70005C0870008A
:10AE500013B59DF81000002814BF4FF000700020BB
:10AE6000009049000A4801F0C1F950B9084C204649
:10AE700001F027FF2028FAD1054801F025FF04281A
:10AE800003D16FF0030002B010BD0020FBE700BF4C
:10AE9000C4A5002013B54FF00070009049000A4887
:10AEA00001F0F6F950B9084C204601F00AFF2028BD
:10AEB000FAD1054801F008FF042803D16FF0030020
:10AEC00002B010BD0020FBE7C4A5002070470000C1
:10AED00038B5054D002415F8013B0BB1FFF730FFE5
:10AEE0000134042CF7D138BD10A60020014801F030
:10AEF00021BA00BFC4A50020014801F0A7BE00BFD1
:10AF0000C4A5002010B596B004461422002103A861
:10AF100001F0D0FF3822002108A801F0CBFF226801
:10AF2000324B9A424DD18023089308A84FF4402316
:10AF30000E93ECF7BBF908B1DCF770FC0C20DDF7E1
:10AF400089F9B0F1904F3ED14FF0B043DA6C42F046
:10AF50000102DA64DB6C03F001030093009B0C2018
:10AF6000DDF77DF904460B20DDF779F91222044361
:10AF70000123CDE904230394042300240C20CDE90C
:10AF80000643DDF767F903A9ECF762FD4FF0B04324
:10AF900021469A6D42F480029A659B6D03F480030A
:10AFA000224602932020029BECF770FA2020ECF757
:10AFB0009FFA212022462146ECF768FA2120ECF77F
:10AFC00097FA16B010BD0C20DDF744F9084B9842F3
:10AFD000C5D14FF0B043DA6C42F00202DA64DB6CA8
:10AFE00003F002030193019BB9E700BF0058004042
:10AFF0000004004838B5114B02689A421DD14FF049
:10B00000B0420C20936D23F480039365DDF722F9A1
:10B0100004460C20DDF723F905460B20DDF71FF968
:10B0200045EA00012046ECF7C5FD2020ECF76EFA5A
:10B03000BDE838402120ECF769BA38BD005800401F
:10B040004B1C30B5DB00044612F003009BB20DD15F
:10B05000084D2A601A44084B1A60084B1870084BB8
:10B060001870084B1C80084B198030BD6FF0090028
:10B07000FBE700BF1CA6002018A6002014A6002095
:10B0800024A6002020A6002022A60020F8B5104CFF
:10B09000104D22782B789A4200D1F8BD0E490F4A04
:10B0A0002378128808680E4F03FB02000D4A3F8880
:10B0B000126852F8336002EBC30122788988D3B258
:10B0C000974286BF0133DBB200232370B047E0E72D
:10B0D00024A6002014A6002018A6002020A60020E8
:10B0E00022A600201CA600202DE9F347DFF8A88047
:10B0F000B8F800308B4206460D46174646D301A8E5
:10B10000E9F76CFF254B264A264819780088147801
:10B11000E3B2844238BF0133C9B234BFDBB200238B
:10B1200099422DD014781178CBB2884286BF013372
:10B13000DBB20023137001A8E9F752FF4FF6FF734B
:10B140009C4226D0DFF86090D9F800204FEAC40A6C
:10B1500042F8347002EBC403AEB1A5B1134BB8F89A
:10B1600000001B682A4604FB0030314601F07AFEDD
:10B17000D9F80030534400209D8002B0BDE8F0872C
:10B180004FF6FF74D7E700209880F6E76FF00800CD
:10B19000F3E76FF00600F0E720A6002024A60020C9
:10B1A00014A6002022A600201CA6002018A600201D
:10B1B000074B084A1B7812881846074B1B789842A1
:10B1C00084BF511C5B181B1A9BB2D01A80B2704707
:10B1D00024A6002022A6002014A6002007B503689C
:10B1E0008DF807105B6801220DF10701984703B045
:10B1F0005DF804FB007CE9F79BBC007CE9F768BEC6
:10B2000007B50122007C01A9E9F72AFD20B19DF8CC
:10B21000040003B05DF804FB4FF0FF30F9E7007C59
:10B22000E9F736BD007CE9F743BDE8F745BC00000F
:10B23000F7B50546084616460F461C46E8F742FC99
:10B24000287CE9F727FE3E2E22D8194B19499A5D32
:10B25000194B895D9B5D287C0026CDE90016394697
:10B26000E9F728FC012C02D0022C15D0ECB9287C7F
:10B27000E8F772FB844218D0287C2146E8F774FB7B
:10B2800098B994B9287C03B0BDE8F040E3F70ABF51
:10B2900000210B460322DEE72B7C012B03D9022B76
:10B2A00003D13446E3E70124E1E703B0F0BD00BF7A
:10B2B000DC3203085A3303081B3303080A490B4ADC
:10B2C0000023022010B54B600A6008740849C1E9E8
:10B2D00000230B7407490124C1E900230C740649BB
:10B2E000C1E90023087410BD28A60020A433030878
:10B2F0003CA6002050A6002064A6002010B50949F5
:10B300008AB0044600F016F9202101A8E8F794FB62
:10B31000002301A920468DF8243000F01DF92046B5
:10B320000AB010BD600A030810B509498AB0044686
:10B3300000F000F9202101A8E8F79AFB002301A9F9
:10B3400020468DF8243000F007F920460AB010BDE1
:10B35000600A030810B50549044600F0EBF8044BF9
:10B360002046196800F0F8F8204610BD600A03086E
:10B37000E00F002010B509498AB0044600F0DAF861
:10B38000202101A8E8F766FB002301A920468DF8DB
:10B39000243000F0E1F820460AB010BD600A03082E
:10B3A00010B50549044600F0C5F8044B204619685D
:10B3B00000F0D2F8204610BD600A0308CC0F002030
:10B3C00010B5044600F01AF9A01C00F018F9201D71
:10B3D000FFF794FF04F11000FFF790FF04F11C0049
:10B3E000FFF7A2FF04F12800FFF79EFF04F13400ED
:10B3F000FFF7B0FF04F14000FFF7BCFF04F14C0081
:10B40000FFF7B8FF04F15800FFF7CAFF204610BD50
:10B41000014B0120187070470410002010B504463D
:10B42000583000F041F804F14C0000F03DF804F110
:10B43000400000F039F804F1340000F035F804F170
:10B44000280000F031F804F11C0000F02DF804F1A0
:10B45000100000F029F8201D00F026F8204610BD4D
:10B4600010B50446FFF7ACFF04F16C0000F0C9F81A
:10B4700004F1910000F0C4F804F1A80000F0C2F853
:10B48000204610BD10B5054C2046FFF7E9FF2046C9
:10B49000034A0449BDE8104001F078BC78A60020BA
:10B4A000000000201DB4020810B50446006808B171
:10B4B00001F0C0FC204610BD10B50446006808B17C
:10B4C00001F0B8FC0023C4E90133236010BD38B596
:10B4D00004460D460068013102F0F4F910B1C4E9E8
:10B4E0000005012038BD10B50368044623B1436848
:10B4F0008B4201D3012010BD2046FFF7E8FF002852
:10B50000F9D0A368002BF5D122681370F2E770B56B
:10B510000E46114604461546FFF7E5FF20B92046C2
:10B52000FFF7CAFF204670BD2068A560314602F0D3
:10B530001BFAF7E738B50023C0E9003304468360FF
:10B540000D4639B10846DAF725FE2946024620465F
:10B55000FFF7DDFF204638BD38B505460C4649B13A
:10B560000846DAF717FE214602462846FFF7CFFFC6
:10B57000284638BDFFF7A0FFFAE703688A685B68D2
:10B58000096818471FB5044601A8FFF7D3FF01A9B2
:10B590002046FFF7F2FF044601A8FFF785FF20468B
:10B5A00004B010BD0149FFF7EDBF00BF5E0A0308FC
:10B5B00038B50546FFF7E6FF04462846FFF7F2FFD9
:10B5C000204438BDFFF7F4BF0EB430B5C2B045AB70
:10B5D000054653F8042B01934FF4807102A802F042
:10B5E00035FB2B68044602465B6802A9284698474B
:10B5F000204642B0BDE8304003B070477047704706
:10B60000704770477047000073B5064600F04AF86F
:10B6100000F04AF80DF10601132000F047F8094D3B
:10B62000002401F0B1FBA04201D802B070BD55F872
:10B63000083B3360BDF8062055F8043C9A42F4D329
:10B640000134EEE78C0D002073B5044600F02AF8B3
:10B65000042896BF104B4FF0894553F8205000F056
:10B6600023F8431EDBB2042B96BF0C4A0C4E52F853
:10B6700023600DF10601FF2000F018F8BDF8060068
:10B68000DBF730FB3146DBF785FB2946DBF736FC81
:10B69000206002B070BD00BFC0330308D43303087C
:10B6A00066666640DCF716BBDCF71ABBDCF758BAF7
:10B6B000DCF70EBBDCF70DBB036A23F0010303626A
:10B6C000036A70B5446882690D6822F4803222F002
:10B6D00073022A438D6823F002032B43124DA842C4
:10B6E00006D0124EB04203D0A6F58066B04214D107
:10B6F000CE6823F008033343A84223F0040306D0A6
:10B700000B4DA84203D005F58065A84205D124F46D
:10B710004075D1E9054634432C43446082614A6850
:10B720004263036270BD00BF002C0140004801402D
:10B7300000440140036A23F480730362036A426891
:10B7400070B5C4690D6824F4803424F073042C436C
:10B750008D6823F4007343EA05230F4DA8420ED1F0
:10B76000CD6823F4006343EA052323F48063D1E921
:10B77000055622F44052354342EA051205E0074DD2
:10B78000A842F4D0064DA842F1D04260C4614A6894
:10B79000C263036270BD00BF002C01400044014041
:10B7A00000480140036A23F480530362026A30B503
:10B7B0004468C3690D6823F0807323F4E64343EAC9
:10B7C00005238D6822F4005242EA05320A4DA84250
:10B7D00007D005F5C055A84203D005F58065A842FD
:10B7E00004D14D6924F4804444EA85144460C36163
:10B7F0004B680364026230BD002C0140036A23F4ED
:10B8000080330362026A30B54468436D0D6823F4E7
:10B81000803323F070032B438D6822F4003242EA18
:10B8200005420B4DA84207D005F5C055A84203D0EC
:10B8300005F58065A84204D14D6924F4803444EABA
:10B840000524446043654B688365026230BD00BFD8
:10B85000002C0140036A23F480130362026A30B5AE
:10B860004468436D0D6823F0807323F4E04343EA9A
:10B8700005238D6822F4001242EA05520A4DA842BF
:10B8800007D005F5C055A84203D005F58065A8424C
:10B8900004D14D6924F4802444EA8524446043653E
:10B8A0004B68C365026230BD002C01407047704791
:10B8B00010B5022380F83D300368196A41F2111275
:10B8C0001142044608D1196A40F24442114202BFB3
:10B8D0001A6822F001021A602046FFF7E8FF0020F4
:10B8E00084F8480084F83C0084F83E0084F83F0067
:10B8F00084F8400084F8410084F8420084F8430052
:10B9000084F8440084F8450084F8460084F8470031
:10B9100084F83D0010BD00001A4A0368904210B53B
:10B9200002D0B0F1804F09D14C6823F070039042EF
:10B9300043EA040309D0B0F1804F06D0124A904286
:10B9400003D002F58062904203D1CA6823F44073A9
:10B9500013434A6923F08003134303608B68C36277
:10B960000B688362074B984207D003F5C053984297
:10B9700003D003F58063984201D10B69036301236F
:10B98000436110BD002C01400044014010B5044645
:10B9900050B390F83D3003F0FF021BB980F83C2013
:10B9A000FFF784FF0223206884F83D30211DFFF754
:10B9B000B3FF012384F84830002084F83E3084F837
:10B9C0003F3084F8403084F8413084F8423084F8C5
:10B9D000433084F8443084F8453084F8463084F8A5
:10B9E000473084F83D3010BD0120FCE7036A23F0A6
:10B9F00010030362036A426870B584690D6824F01D
:10BA0000807424F4E64444EA05248D6823F020037E
:10BA100043EA05130E4DA8420ED1CD6823F08003F2
:10BA200043EA051323F04003D1E9055622F44062AE
:10BA3000354342EA850205E0064DA842F4D0064DA2
:10BA4000A842F1D0426084614A688263036270BD9B
:10BA5000002C0140004401400048014038B590F8F6
:10BA60003C30012B044600F0858001230C2A80F82D
:10BA70003C3059D008D8042A30D0082A41D0D2B15D
:10BA8000002084F83C0038BD102A60D0142AF7D179
:10BA90000068FFF7DFFE2268536D43F400635365CF
:10BAA0002268536D23F48063536522680969536DDE
:10BAB00043EA01235CE00068FFF7FEFD226893691A
:10BAC00043F0080393612268936923F004039361B0
:10BAD0002268096993690B439361D1E70068FFF716
:10BAE00085FF2268936943F4006393612268936938
:10BAF00023F48063936122680969936943EA01230F
:10BB0000EAE70068FFF716FE2268D36943F00803EE
:10BB1000D3612268D36923F00403D36122680969E1
:10BB2000D3690B43D361ABE70068FFF73BFE2268A4
:10BB3000D36943F40063D3612268D36923F480633B
:10BB4000D36122680969D36943EA0123EAE70068FF
:10BB5000FFF754FE2268536D43F0080353652268D3
:10BB6000536D23F00403536522680969536D0B4339
:10BB7000536585E7022086E7036A01F01F0110B5CF
:10BB800001248C4023EA04030362036A8A401A43B7
:10BB9000026210BD10B5044629B990F83E30012B61
:10BBA00035D001205CE0042907D190F83F30012B0B
:10BBB000F7D1022380F83F302CE0082907D190F814
:10BBC0004030012BEDD1022380F8403022E00C29D7
:10BBD00007D190F84130012BE3D1022384F84130A2
:10BBE00018E010290CBF90F8423090F84330013B28
:10BBF00018BF0123002BD4D10C29EED010294FF00F
:10BC000002030CBF84F8423084F8433002E0022380
:10BC100080F83E3020680122FFF7AEFF236811490B
:10BC20008B4206D0104A934203D002F580629342C1
:10BC300003D15A6C42F400425A6423688B4202D00A
:10BC4000B3F1804F07D19968084A0A40062A06D006
:10BC5000B2F5803F03D01A6842F001021A6000205A
:10BC600010BD00BF002C014000440140070001004E
:10BC7000FFF790BF38B50446002200680D46FFF775
:10BC80007BFF2368214A934207D002F5C0529342BA
:10BC900003D002F5806293420DD1196A41F211126C
:10BCA000114208D1196A40F24442114202BF5A6C53
:10BCB00022F400425A642368196A41F211121142B7
:10BCC00008D1196A40F24442114202BF1A6822F0B8
:10BCD00001021A6001231DB984F83E30002038BDEE
:10BCE000042D02D184F83F30F8E7082D02D184F802
:10BCF0004030F3E70C2D02D184F84130EEE7102DEF
:10BD00000CBF84F8423084F84330E7E7002C014050
:10BD1000FFF7B0BF30B590F83C30012B4FF0020375
:10BD200025D00468134D80F83D30012280F83C2076
:10BD30006368A268AC4202BF4D6823F470032B43D2
:10BD40000D6823F070032B4363600468094B9C4229
:10BD500002D0B4F1804F04D122F080038A681343EB
:10BD6000A360012380F83D30002380F83C30184662
:10BD700030BD00BF002C014010B590F83C30012BC5
:10BD80003FD0012380F83C30CB688A681E4C23F4F6
:10BD9000407313434A6823F4806313430A6823F40F
:10BDA000006313430A6923F4805313434A6923F45D
:10BDB000005313430A6B23F4804313438A6923F42B
:10BDC000702343EA02430268A24214D1CC6923F0F3
:10BDD000805323438C6A23F4700343EA04530C6AB0
:10BDE00023F0807323434C6AC96A23F00073234312
:10BDF00023F000530B435364002380F83C30184673
:10BE000010BD0220FCE700BF002C014030B50A4AFB
:10BE1000536943F480235361EFF3108472B6002317
:10BE2000CD58C5500433B3F5807FF9D11369DB03D6
:10BE3000FCD484F3108830BD00400058064B5A698A
:10BE4000002ABFBF054A9A6002F188329A60BABFE1
:10BE50005869C00F00207047004000582301674513
:10BE6000044B5A6942F000425A615869C043C00FFE
:10BE7000704700BF0040005870B50546E9F794F9D7
:10BE8000124E04463369D90313D43369DA0744BF29
:10BE9000012232614CF2FA32134011D10B4E30695B
:10BEA00010F480200BD0E9F77FF9001BA842F6D3ED
:10BEB00004E0E9F779F9001BA842E3D3032070BD41
:10BEC000024A1361024A01205360F8E7004000581B
:10BED00024A700202DE9F041184D98462B78012B1E
:10BEE00006460C46174626D001232B704FF47A7075
:10BEF00000236B60FFF7C0FFA0B9012E16D1104AD6
:10BF0000536943F0010353612760BFF36F8FC4F897
:10BF100004804FF47A70FFF7AFFF094A536923EAB0
:10BF20000606566100232B70BDE8F0813946204695
:10BF3000FFF76CFFEDE70220F6E700BF24A7002023
:10BF400000400058054A536923F47E7343EAC00059
:10BF500040F4803040F002005061704700400058CB
:10BF60002DE9F041234F3B78012B054688463FD011
:10BF700001233B704FF47A7000237B60FFF77CFF56
:10BF8000044688B92B68042B13D11B4A536943F428
:10BF9000803343F0040353614FF47A70FFF76CFF72
:10BFA0000446154B1A681B6800233B702046BDE809
:10BFB000F0814FF0FF33C8F800306E68D5E90132E8
:10BFC0001344B3420AD93046FFF7BCFF4FF47A70EE
:10BFD000FFF752FF50B1C8F800600446064A5369A3
:10BFE00023F47E7323F002035361DAE70136E5E7B9
:10BFF0000224DBE724A700200040005803689A6968
:10C00000910744BF00229A6203689A69D2075EBF13
:10C010009A6942F001029A617047000030B5039DB1
:10C02000046845EA02421A43054B6068C1F30901FE
:10C0300043EA55530A4320EA03000243626030BDDD
:10C04000FF63FF0310B5426B164CA2420BB202D045
:10C05000154CA24211D1002B0DDB10291ED0202936
:10C060001ED00023402901D143F0400301680A6833
:10C0700013430B6010BDB823F4E7002BACBF0023C3
:10C08000B823CC0748BF43F0F2038A0748BF43F008
:10C09000F4032029EAD143F02003E7E79023E5E702
:10C0A0006023E3E747CB020857CA020811F00103F7
:10C0B00007D090F8413003F02803282B0CBF42230F
:10C0C000F2238A0709D590F8412002F02802282A95
:10C0D0000CBF43F0440343F0F4030A0401680A6808
:10C0E00048BF43F0B80322EA03030B607047C36AFA
:10C0F000AA2B02D10023C3627047C36AB3F52A4F4B
:10C10000FAD14FF00073F6E710B50446002852D07C
:10C1100090F8413003F0FF021BB980F84020FEF791
:10C12000F1FE2268242384F84130136823F00103D0
:10C130001360D4E9002323F07063136122689368CD
:10C1400023F400439360E3682268012BA3680CBFCB
:10C1500043F4004343F404439360E368022B02BFBB
:10C1600023684FF400625A602268536843F00073FA
:10C1700043F4004353602268D36823F40043D36040
:10C18000D4E904310B43A169226843EA0123D36057
:10C19000D4E9073122680B4313602268136843F027
:10C1A0000103136000202023606484F84130206381
:10C1B00084F8420010BD0120FCE710B5044698B198
:10C1C0000268242380F84130136823F001031360D0
:10C1D000FEF710FF0020606484F8400084F84100FE
:10C1E000206384F8420010BD0120FCE737B5044607
:10C1F000069894F84150202D44D194F84050012DD8
:10C2000040D0012584F84050212584F84150102564
:10C2100084F84250002565646385E0621A4B6363CD
:10C22000638D62629BB2FF2B9BBF638D2385FF23CF
:10C23000E26A88BF2385236B88BF4FF08072112B81
:10C2400004D1AA2802D0B0F52A4F09D12046FFF721
:10C250004EFF638D9BB2FF2B00D8E26A0B4B00E0D0
:10C260000023009320461346002594F82820FFF76A
:10C27000D5FE204684F840500121FFF7E3FE284612
:10C2800003B030BD0220FBE737C902080020008060
:10C2900037B50446069894F84150202D44D194F8BF
:10C2A0004050012D40D0012584F84050222584F8CB
:10C2B0004150102584F84250002565646385E06292
:10C2C0001A4B6363638D62629BB2FF2B9BBF638DCE
:10C2D0002385FF23E26A88BF2385236B88BF4FF045
:10C2E0008072122B04D1AA2802D0B0F52A4F09D1AE
:10C2F0002046FFF7FCFE638D9BB2FF2B00D8E26A5D
:10C300000B4B00E00023009320461346002594F8D1
:10C310002820FFF783FE204684F840500221FFF7D3
:10C3200091FE284603B030BD0220FBE737C9020862
:10C33000002400800268436B9169126803B11847BA
:10C3400070477047704738B5002580F8425090F824
:10C350004130212B4FF0200380F841300AD11123C6
:10C36000036345630121FFF7A1FE80F84050FFF70A
:10C37000E8FF38BD1223036345630221FFF796FEF1
:10C3800080F84050FFF7DEFFF3E77047704708B5CD
:10C3900003681A68002180F84210510415D51A6804
:10C3A00022F480421A6090F84130292B13D12823BF
:10C3B00080F84130212303630121FFF777FE00233A
:10C3C00080F84030FFF7E1FF08BD1204EBD51A6892
:10C3D00022F40042E6E790F841302A2BF4D12823DA
:10C3E00080F84130222303630221FFF75FFE002320
:10C3F00080F84030FFF7CAFFE6E7704790F8412029
:10C4000002F02802282AF8B5036834D19E69C26870
:10C410009D699968DF682D0C022AC6F3004605F075
:10C42000FE051FD185EAD11515F00605C1F30902F5
:10C430000ED1816C01318164816C022907D1082100
:10C440008564D96180F840503146FFF7D6FFF8BDCA
:10C450004FF40041FFF72AFE002380F8403007F038
:10C46000FE02F1E74FF40041FFF720FE002380F8C1
:10C4700040302A46E8E70822DA61002380F840309D
:10C48000E5E7704708B5164BC3622022002303631B
:10C49000436380F8412080F842304B0712D503688F
:10C4A0005A6A436A1A70436A01334362038D4BB17F
:10C4B000013B0385438D013B9BB24385436C43F0B5
:10C4C0000403436448F20301FFF7F0FD0368102200
:10C4D000DA61002380F84030FFF7D3FF08BD00BFCA
:10C4E0000000FFFF704770477047704790F8412089
:10C4F000602A08B54FF0000208D1202180F84110D1
:10C5000080F840200263FFF7F0FF08BD026380F867
:10C510004020FFF7E9FFF8E770B5374A90F841305F
:10C52000002580F84250C2624585426C283B0A4390
:10C53000022B044642642CD80321FFF7B7FD2823C1
:10C5400080F841302D4BA26B6363236B002A32D0FD
:10C55000112B01D0212B2ED123681A68510442BF20
:10C560001A6822F480421A60A06BEBF76BFA01287C
:10C570001CD0A36B224A9A630023A06B84F840303E
:10C58000EBF7C4F9002836D0A06B836BBDE8704090
:10C59000184748F20301FFF789FD90F84130602BFE
:10C5A0001CBF202380F841300023CCE72046BDE8A3
:10C5B0007040FFF79BBFE26B002AF7D0122B01D02F
:10C5C000222BF3D123681A68120442BF1A6822F49E
:10C5D00000421A60E06BEBF735FA0128E6D0E36B16
:10C5E000074A9A630023E06B84F84030EBF78EF93A
:10C5F00008B1E06BC9E770BD0000FFFF31C702085A
:10C60000ADCC0208F8B503681F6890F8415005F0FA
:10C61000F7052022212D04460E46DA6152D148F258
:10C620000101FFF743FD25632268536843F400438B
:10C6300053602268536823F0FF7323F48B3323F491
:10C64000FF7323F0010353602046FFF7D7FC790402
:10C650003DD52268136823F480431360A36B1BB19C
:10C660001B685B689BB26385730710D523685A6AA1
:10C67000636A1A70636A01336362238D26F00406CD
:10C680002BB1013B2385638D013B9BB26385638D99
:10C690009BB21BB1636C43F004036364002384F812
:10C6A0004230656C6363DDB1616C2046FFF734FF97
:10C6B00094F84130282B25D131462046BDE8F8407A
:10C6C000FFF7E0BE222DAFD148F20201A9E73A04FC
:10C6D000CAD52268136823F400431360E36BBEE7F6
:10C6E000E36A13F5803F0ED02046FFF750FE0F4B54
:10C6F000E362202384F8413084F8405025632046CB
:10C70000FFF7BFFEF8BD94F8413084F84050222B6B
:10C710004FF0200384F841302046256302D1FFF713
:10C7200035FEEFE7FFF731FEECE700BF0000FFFF4B
:10C73000F8B590F84030C76A012B04460D461646FE
:10C740007ED001238A0680F8403003D5B30601D598
:10C75000FFF758FFE80633D5F10631D5638D9BB25C
:10C76000FBB994F84130282B0AD1B7F1007F07D1EB
:10C7700029462046FFF786FE002084F84000F8BDD9
:10C7800094F841202368292A4FF01002DA61F3D18E
:10C7900017F5803FF0D02046FFF730FCFFF7F7FD9C
:10C7A000EAE723681022DA61636C43F004036364F0
:10C7B00037F08073E0D1616C2046FFF7ADFEDBE718
:10C7C0006A071BD5730719D5638D9BB26BB12368BC
:10C7D0005A6A636A1A70636A01336362238D013B8C
:10C7E0002385638D013B9BB26385638D9BB2002BD8
:10C7F000C2D117F5803FBFD02046CFE7280705D527
:10C80000310703D52046FFF7F9FDB5E7AA07B3D5F1
:10C81000B307B1D5638D9BB273B1626A2368127896
:10C820009A62636A01336362638D013B9BB26385E5
:10C83000238D013B23859FE737F08073DCD09BE796
:10C8400002209CE737B503682022DA6190F8413076
:10C85000212B04460D4638D10121FFF727FC112377
:10C8600023632268536823F0FF7323F48B3323F48C
:10C87000FF7323F00103536000236363EA06A3F50B
:10C880008033E36206D523681022DA61636C43F0DB
:10C890000403636494F84130602B06D16B0704D520
:10C8A00023685B6ADBB20193019B2046FFF7A6FB7E
:10C8B000636C94F84120602A00D07BB1616C204603
:10C8C00003B0BDE83040FFF727BE90F84130222B7F
:10C8D000C7D10221FFF7EAFB1223C1E794F84120F8
:10C8E000212A12D1202284F84120236394F8422087
:10C8F00084F84030402A84F8423003D1FFF7F2FD3B
:10C9000003B030BDFFF71DFDFAE794F84120222A5D
:10C91000F6D1202284F84120236394F8422084F841
:10C920004030402A84F8423002D1FFF7DCFDE7E7CF
:10C93000FFF708FDE4E773B590F84030012B04469B
:10C940000D46164600F085800123CA0680F8403067
:10C9500017D5F30615D503681022DA61436C43F04E
:10C9600004034364FFF74AFBAA0605D5B30603D5C3
:10C9700029462046FFF766FF002084F8400002B0F9
:10C9800070BD680712D5710710D523685A6A636AAB
:10C9900025F004051A70636A01336362238D013B3D
:10C9A0002385638D013B9BB26385DDE7AA0706D52E
:10C9B000B30704D5626A236812789A62EBE7280607
:10C9C00032D5710630D5638D22689BB203B3208DBA
:10C9D000F0B95168638D9BB2FF2BC1F3090108D9EF
:10C9E000FF22228500904FF080732046FFF716FB50
:10C9F000BAE7628DE36A92B213F5803F22851CBFCD
:10CA0000E36A0090D2B204BF00904FF00073ECE7ED
:10CA100053689A0103D42046FFF795FCA4E7402110
:10CA20002046FFF779FD9FE76B069DD570069BD5E5
:10CA3000638D9BB2002BF2D123685A68910193D485
:10CA4000E26A12F5803FE6D15A6842F480425A60A9
:10CA50008AE7022093E7F8B590F84030C76A012BC7
:10CA600004460E4615466CD001238A0680F84030F5
:10CA700003D5AB0601D5FFF7C5FDF20659D5EB0688
:10CA800057D5E80BA90B40EA9535ED074DD5E26B7C
:10CA9000F2B110F0010304D013685B68B3FA83F3BA
:10CAA0005B09A26B22B1C90702D51268526802B1B4
:10CAB0000BB394F84130282B0CD1B7F1007F09D18A
:10CAC00031462046FFF7DEFC002084F84000F8BD28
:10CAD0001346E6E794F841202368292A4FF0100214
:10CAE000DA61F1D117F5803FEED02046FFF786FAE4
:10CAF000FFF74DFCE8E723681022DA61636C43F02E
:10CB00000403636494F8413037F08072DBB2DBD108
:10CB100003F0F703212B01D1236301E0222BFBD08B
:10CB2000616C2046FFF7F8FCCEE723681022DA613B
:10CB3000CAE73207C8D52B07C6D52046FFF75EFCEB
:10CB4000C2E70220C3E713B590F84030012B04463A
:10CB50007AD0012380F84030CB0612D5D30610D509
:10CB600003681022DA61436C43F00403436420211C
:10CB7000FFF768FAFFF742FA002084F8400002B09D
:10CB800010BD0B0643D5500641D52268136823F02B
:10CB900040031360638D22689BB263B35168638D59
:10CBA0009BB2FF2BC1F309011BD9FF2323854FF053
:10CBB000807300220092204694F82820FFF72EFA76
:10CBC000638D228D9B1A9BB2638594F84130222B92
:10CBD00023681A680CBF42F4004242F480421A6093
:10CBE000CAE7638D2385E36A13F5803F14BFE36AC8
:10CBF0004FF00073DDE753689A0103D42046FFF736
:10CC0000A2FBB9E740212046FFF786FCB4E74B06BC
:10CC100012D5500610D5638D9BB2002BF2D123683C
:10CC20005A689201A8D4E26A12F5803FE6D15A68A8
:10CC300042F480425A609FE788069DD593069BD5B3
:10CC40002046FFF7FFFD97E7022098E710B4016840
:10CC50008A690B68D40508D51C0606D5446C44F0D7
:10CC6000010444644FF48074CC61540509D519065D
:10CC700007D5416C41F00801416401684FF48064BC
:10CC8000CC61920509D51B0607D5436C43F002031E
:10CC9000436403684FF40072DA61416C11F00B0FCA
:10CCA00002D010BCFFF738BC10BC7047806A836BA1
:10CCB0000BB100229A63C36B0BB100229A63FFF79A
:10CCC00015BC90F841007047406C704710B590F863
:10CCD0004130202BDCB223D190F84030012B1FD003
:10CCE000012380F840300268242380F84130136823
:10CCF00023F0010313600268136823F48053136068
:10CD000002681368194311600268136843F0010355
:10CD10001360002380F8414080F84030184610BD71
:10CD20000220FCE710B590F84130202BDCB221D175
:10CD300090F84030012B1DD0012380F8403002686C
:10CD4000242380F84130136823F001031360026844
:10CD5000136823F4706343EA0121116002681368C9
:10CD600043F001031360002380F8414080F8403015
:10CD7000184610BD0220FCE7024A53680343536083
:10CD8000704700BF000001400D2070470B46014670
:10CD9000184600F005B80A22002100F09BBE0000F2
:10CDA00010B504460448134620B10A460220214625
:10CDB000AFF3008010BD00BF0000000070B50D4D46
:10CDC0000D4C641BA4100026A64209D10B4D0C4C3F
:10CDD00003F052F9641BA4100026A64205D170BDD1
:10CDE00055F8043B98470136EEE755F8043B984761
:10CDF0000136F2E71038030810380308103803082A
:10CE00001C380308024B0344587800F004007047B4
:10CE10001E340308024B0344587800F04400704766
:10CE20001E340308024B0146186800F095B800BF95
:10CE3000F40D0020024B0146186800F043B800BF13
:10CE4000F40D002010B501390244904201D10020B8
:10CE500005E0037811F8014FA34201D0181B10BD63
:10CE60000130F2E70A44914200F1FF3300D17047EC
:10CE700010B511F8014B03F8014F9142F9D110BDE3
:10CE8000884210B501EB020402D98442234607D838
:10CE9000431EA14208D011F8012B03F8012FF8E737
:10CEA000024401468A4200D110BD13F8014D02F838
:10CEB000014DF7E702440346934200D1704703F85F
:10CEC000011BF9E738B50546002941D051F8043C6B
:10CED0000C1F002BB8BFE41801F078FD1D4A136841
:10CEE00033B9636014602846BDE8384001F074BD72
:10CEF000A34208D9206821188B4201BF19685B68DA
:10CF000009182160EDE71A465B680BB1A342FAD914
:10CF100011685018A0420BD1206801445018834278
:10CF20001160E0D118685B68536001441160DAE772
:10CF300002D90C232B60D6E7206821188B4204BF4E
:10CF400019685B68636004BF091821605460CAE710
:10CF500038BD00BF3CA70020F8B5CD1C25F0030567
:10CF600008350C2D38BF0C25002D064601DBA942E3
:10CF700003D90C2333600020F8BD01F027FD2149BF
:10CF80000A6814469CB9204F3B6823B921463046B5
:10CF900000F0A0FC38602946304600F09BFC431CA2
:10CFA00023D10C233360304601F016FDE3E72368FC
:10CFB0005B1B17D40B2B03D923601C44256004E0B2
:10CFC0006368A2420CBF0B605360304601F004FD61
:10CFD00004F10B00231D20F00700C21ACCD01B1A4D
:10CFE000A350C9E722466468CCE7C41C24F00304BC
:10CFF000A042E3D0211A304600F06CFC0130DDD1B4
:10D00000CFE700BF3CA7002040A700202DE9F04754
:10D0100088B0002B1F461446B8BF03F10043129A94
:10D02000109DDDF84CA0B6BF1F4600232D231370C2
:10D03000149B23F02008B8F1460F05D0B8F1450F36
:10D0400000D10135022300E0032307AA049206AAB7
:10D05000CDE902A2CDE9003522463B4600F0ACFE08
:10D06000B8F1470F064602D1119BDB0722D5B8F174
:10D07000460F06EB050910D13378302B0AD1002278
:10D08000002320463946D9F707FD18B9C5F1010537
:10D09000CAF80050DAF800309944002200232046F4
:10D0A0003946D9F7F9FC08B1CDF81C903022079B1E
:10D0B0004B4507D3079B159A9B1B3046136008B05E
:10D0C000BDE8F087591C07911A70F0E7F7B50346E1
:10D0D0000029B8BF494203F8022BB4BF2D222B22EE
:10D0E000092942702ADD0DF10704A4460A27A64645
:10D0F0000A4691FBF7F607FB16153035632A04F153
:10D10000FF340EF8015C3146F1DC3031AEF102053E
:10D1100004F8011C441C294661450AD30DF109029B
:10D12000A2EB0E02654588BF00221344181A03B013
:10D13000F0BD11F8012B04F8012FEDE73023303159
:10D140008370C170031DF1E72DE9F04F91B00C46DB
:10D15000DDF8688016461F46054601F021FC03688D
:10D1600009931846D9F716F800230E93D8F8003023
:10D170000A90073323F0070303F1080294F818908C
:10D18000D4F800B0C8F80020D3E90023C4E9122382
:10D19000D4E9128A2AF000430B930B999C4B4FF071
:10D1A000FF324046D9F7AAFC70BB994B0B994FF060
:10D1B000FF324046D9F784FC30BB002200234046B2
:10D1C0005146D9F773FC10B12D2384F84330914BAD
:10D1D0009148B9F1470F94BF9846804603232361D5
:10D1E0002BF0040323604FF0000A009733460FAA88
:10D1F0002146284600F0D2F9013040F08F804FF0F0
:10D20000FF3011B0BDE8F08F4246534640465146CC
:10D21000D9F774FC40B1BAF1000FBCBF2D2384F8DC
:10D2200043307E487E4BD4E763685A1C09F0DF0127
:10D2300042D106236360002206920EAACDE9049231
:10D240000DAA4BF4806303920DF13302CDE9013254
:10D250002360636800934246534628460B91FFF7CC
:10D26000D5FE0B99472980460D9908D1C81C02DBD1
:10D270006368994240DDA9F102095FFA89F9B9F1C1
:10D28000650F1FD801394A4604F150000D91FFF790
:10D290001DFF0E9A1318012A8246236102DC2268C0
:10D2A000D20701D5013323619DF83330002B9CD088
:10D2B0002D2384F8433098E74729BCD1002BBAD1FD
:10D2C0000123B7E7B9F1660F18D1002963680BDDB8
:10D2D000216113B92268D00702D501330B442361C1
:10D2E000A1654FF0000ADFE713B92268D20701D524
:10D2F0000233F4E70123F2E74FF067090E9B9942EE
:10D3000005DB23682161D807EAD54B1CE7E7002934
:10D31000D4BFC1F1020201221344E0E723685A0599
:10D3200007D42369424631462846B84701302BD1FD
:10D3300065E7B9F1650F40F2DC80D4E91201002203
:10D340000023D9F7A9FB002833D0364A0123314600
:10D350002846B84701303FF452AFDDE90D239A4229
:10D3600002DB2368D8070FD5DDE9092331462846BB
:10D37000B84701303FF443AF4FF0000804F11A09F9
:10D380000E9B013B434509DC23689B0700F10181AB
:10D39000E0680F9B9842B8BF184632E701234A461F
:10D3A00031462846B84701303FF429AF08F101085B
:10D3B000E6E70D9B002B37DC1A4A0123314628464D
:10D3C000B84701303FF41BAFDDE90D23134302D111
:10D3D0002368D907D8D5DDE9092331462846B8475F
:10D3E00001303FF40CAF4FF0000904F11A0A0D9B15
:10D3F0005B424B4501DC0E9B94E7012352463146CC
:10D400002846B84701303FF4FAAE09F10109EEE7CA
:10D41000FFFFEF7FEC330308F0330308F833030812
:10D42000F4330308FC2A03080E9AA36D9A42A8BF9E
:10D430001A46002A914637DC4FF0000B29EAE979B9
:10D4400004F11A02D4F858A0AAEB09035B4533DCB7
:10D45000DDE90D239A423BDB2368DA0738D40E9BC3
:10D460000D99A3EB0A02A3EB01099145A8BF9146D0
:10D47000B9F1000F34DC4FF0000829EAE97904F132
:10D480001A0ADDE90D239B1AA3EB090343457FF735
:10D490007BAF0123524631462846B84701303FF45E
:10D4A000AEAE08F10108ECE7134631464246284685
:10D4B000B8470130C0D1A2E60123314628460B927D
:10D4C000B84701303FF49BAE0B9A0BF1010BB9E763
:10D4D000DDE9092331462846B8470130BFD18EE641
:10D4E0004B4608EB0A0231462846B8470130C2D104
:10D4F00085E60E9A012A01DCDB0737D50123424677
:10D5000031462846B84701303FF479AEDDE90923BA
:10D5100031462846B84701303FF471AED4E91201D4
:10D5200000220023D9F7B8FAD8B90E9B08F10102FE
:10D53000013B31462846B84701300ED15FE6012352
:10D540004A4631462846B84701303FF458AE08F104
:10D5500001080E9B013B4345F1DC534604F15002A8
:10D56000E1E64FF0000804F11A09F2E70123424610
:10D57000DFE701234A4631462846B84701303FF4E9
:10D580003EAE08F10108E3680F995B1A4345F0DCF1
:10D59000FEE64FF0000804F11909F4E72DE9F04721
:10D5A000164699468A680B69DDF820809342B8BF19
:10D5B0001346336091F8432007460C460AB1013305
:10D5C00033602368990642BF3368023333602568AD
:10D5D00015F0060506D104F1190AE36832689B1AB2
:10D5E000AB4226DC94F84320131E226818BF0123A7
:10D5F00092062BD404F1430249463846C047013015
:10D600001ED02368E568326803F00603042B08BFC8
:10D61000AD1AA36822690CBF25EAE575002593427F
:10D62000C4BF9B1AED1800261A34B5421AD1002047
:10D6300008E00123524649463846C047013003D12D
:10D640004FF0FF30BDE8F0870135C6E7E1185A1CFE
:10D65000302081F84300224494F8451082F84310AA
:10D660000233C7E70123224649463846C047013006
:10D67000E6D00136D9E700002DE9FF470F7E0C9D6B
:10D68000782F914680460C469A4601F1430207D80E
:10D69000622F0AD8002F00F0D880582F00F0A38006
:10D6A00004F1420584F842703AE0A7F16303152BB8
:10D6B000F6D801A151F823F011D7020825D70208A6
:10D6C000A1D60208A1D60208A1D60208A1D6020856
:10D6D00025D70208A1D60208A1D60208A1D60208C1
:10D6E000A1D6020831D8020855D7020813D802087B
:10D6F000A1D60208A1D6020853D80208A1D6020872
:10D7000055D70208A1D60208A1D602081BD80208E4
:10D710002B681A1D1B682A6004F1420584F8423008
:10D720000123A3E020682968060601F104030AD555
:10D730000E682B60002E03DA2D23764284F84330E6
:10D740005E480A2319E00E682B6010F0400F18BFE6
:10D7500036B2EFE72B682068191D2960010601D554
:10D760001E6802E04606FBD51E8854486F2F0CBF8A
:10D7700008230A23002184F843106568A560002D62
:10D78000A2BF216821F0040121600EB9002D4DD007
:10D790001546B6FBF3F103FB1167C75D05F8017D84
:10D7A0003746BB420E46F4D9082B0BD12368DE075F
:10D7B00008D5236961689942DEBF302305F8013C32
:10D7C00005F1FF35521B2261CDF800A04B4603AA9C
:10D7D00021464046FFF7E2FE01304CD14FF0FF30CA
:10D7E00004B0BDE8F087354881F8457029682368A2
:10D7F00051F8046B29601D0614D5DF0744BF43F0C0
:10D80000200323601EB9236823F020032360102324
:10D81000B0E7236843F0200323607823284884F886
:10D820004530E3E7590648BFB6B2E6E71546BBE721
:10D830002B6826686169181D286035061B6801D5AC
:10D84000196002E07006FBD519800023236115469C
:10D85000BAE72B681A1D2A601D68626800212846F5
:10D86000D8F7A6FC08B1401B606063682361002301
:10D8700084F84330A8E723692A4649464046D04702
:10D880000130ABD023689B0713D4E068039B984218
:10D89000B8BF1846A4E70123324649464046D04760
:10D8A00001309BD00135E36803995B1AAB42F2DC8F
:10D8B000EBE7002504F11906F5E700BFFC33030888
:10D8C0000D340308024B0A460146186801F016BCE5
:10D8D000F40D002038B5064D0023044608462B60A1
:10D8E00002F0B2FB431C02D12B6803B1236038BDA8
:10D8F00044A700200EB400B59CB01DAB029006906A
:10D900006FF00041094807910491094953F8042B2D
:10D9100005910068019302A901F072FC029B0022AC
:10D920001A701CB05DF804EB03B07047F40D0020D2
:10D930000802FFFF30B50B4D044614F8013B5A5D59
:10D9400002F00302012A11F8012BA85C00F0030089
:10D9500008BF2033012808BF2032981A01D1002ABD
:10D96000EBD130BD1F340308034611F8012B03F837
:10D97000012B002AF9D1704770B50F4E04460A44B6
:10D980008A4201D1002013E014F8013B985D00F0B9
:10D990000300012811F8010B355C05F0030508BFF1
:10D9A0002033012D08BF20301B1A02D10028E7D1F7
:10D9B00070BD1846FCE700BF1F34030870B503466E
:10D9C0001E4613F8014B3CB14A1E01E0A542F7D0B8
:10D9D00012F8015F002DF9D1301A70BD012B2DE92D
:10D9E000F047804601D0242B06D900F0D3FF162340
:10D9F00003600020BDE8F087354F0D46284615F836
:10DA0000014BE65D16F00806F8D12D2C2FD12C78AD
:10DA10000126851C002B57D0102B09D1302C07D1A3
:10DA2000287800F0DF00582849D16C78102302359F
:10DA300006F1004E0EF1FF3E0027BEFBF3F938461B
:10DA400003FB19EAA4F1300CBCF1090F14D86446A9
:10DA5000A34222DD002F1DDB81451BD301D1A2454E
:10DA600018DB00FB0340012715F8014BEAE72B2CDC
:10DA700004BF2C78851CCDE7A4F1410CBCF1190F33
:10DA800001D8373CE4E7A4F1610CBCF1190F04D8CC
:10DA9000573CDDE74FF0FF37E6E7002F07DA222398
:10DAA000C8F800307046002AA4D0691E05E006B10F
:10DAB0004042002A9ED0002FF7D111609AE730240F
:10DAC000002BB5D10823B3E7302CA9D00A23AFE748
:10DAD0001F34030813460A46014602480068FFF750
:10DAE0007DBF00BFF40D00202DE9F043364F864680
:10DAF0000D46284615F8014BE65D16F00806F8D1EC
:10DB00002D2C2FD12C780126851C002B57D0102BC3
:10DB100009D1302C07D1287800F0DF00582849D1EE
:10DB20006C78102302354FF0FF380027B8FBF3F86C
:10DB300003FB08F96FEA09093846A4F1300CBCF17F
:10DB4000090F14D86446A34222DD002F1DDB804557
:10DB50001BD301D1A14518DB00FB0340012715F8B9
:10DB6000014BEAE72B2C04BF2C78851CCDE7A4F1F0
:10DB7000410CBCF1190F01D8373CE4E7A4F1610C6A
:10DB8000BCF1190F04D8573CDDE74FF0FF37E6E74B
:10DB9000002F07DA2223CEF800304FF0FF3032B9E1
:10DBA000BDE8F08306B14042002AF9D007B1691EF2
:10DBB0001160F5E73024002BB5D10823B3E7302CF2
:10DBC000A9D00A23AFE700BF1F34030813460A4653
:10DBD000014602480068FFF787BF00BFF40D002030
:10DBE000034BC35C03F00303022B08BF20387047CC
:10DBF0001F34030830B51446002C9BB005461A4666
:10DC000005DA8B2303604FF0FF301BB030BD4FF4BB
:10DC10000273ADF80C3014BF04F1FF3323460293B6
:10DC200005934FF6FF7300910491ADF80E306946ED
:10DC30001E9B01F0E5FA431CBCBF8B232B60002C1C
:10DC4000E3D0009B00221A70DFE7000007B50093C5
:10DC500013460A46014603480068FFF7CBFF03B0AE
:10DC60005DF804FBF40D002000B59BB00091049119
:10DC70006FF000410591029105490391694601F059
:10DC8000BFFA009B00221A701BB05DF804FB00BFB6
:10DC90000802FFFF13460A46014602480068FFF7E4
:10DCA000E3BF00BFF40D00202DE9F74F03690C69B5
:10DCB000A34207467DDB013C01F1140800F1140585
:10DCC00005EB8403019358F8243055F824200133E0
:10DCD0009A424FEA840B08EB8409B2FBF3F62ED389
:10DCE0004FF0000E4046AC46F24650F8042B93B27B
:10DCF00006FB03E34FEA134E120C9BB206FB02E253
:10DD0000AAEB0303DCF800A04FEA124E92B213FA1A
:10DD10008AF3C2EB1A4202EB23429BB243EA02436C
:10DD200081454CF8043B4FEA224ADED255F80B30CD
:10DD30002BB9019B043B9D421A462ED33C613846C9
:10DD400001F0CEF8002824DB013628464FF0000C05
:10DD500058F8042BD0F800E093B2ACEB0303120C9C
:10DD600013FA8EF3C2EB1E4202EB23429BB243EA4C
:10DD70000243C14540F8043B4FEA224CE8D255F833
:10DD8000242005EB840322B9043B9D421A460AD3A2
:10DD90003C61304603B0BDE8F08F1268043B002AB6
:10DDA000CCD1013CC7E71268043B002AF0D1013C0A
:10DDB000EBE70020EEE700002DE9F04F446A99B050
:10DDC00016461F46CDE90467DDF89480054674B910
:10DDD0001020FFF727F80246686220B9A84BEA2115
:10DDE000A84801F01BFBC0E901440460C4606B6AF1
:10DDF000196851B15A684A60012393408B602846E4
:10DE000000F030FE6B6A00221A603B1EB9BF23F09F
:10DE1000004305930023C8F80030DDF814909A4BB6
:10DE2000BCBF0122C8F8002033EA090319D1249AA3
:10DE300042F20F731360C9F31303334300F080857C
:10DE4000269B53B9914B22E0914B03930833269ABA
:10DE50001360039819B0BDE8F08F8C4B0393033324
:10DE6000F5E7DDE90434CDE90C34DDE90C010022ED
:10DE70000023D8F711FE804658B1249A012313607D
:10DE8000269B002B00F0598582481860431E03939F
:10DE9000DFE716AB019317AB00932846DDE90C23AF
:10DEA00001F0C2F8C9F30A548346002C7ED00D9BC2
:10DEB000CDF84C80C3F31303DDE90C0143F07F512F
:10DEC00041F44011A4F2FF34734B0022D8F7C4F997
:10DED00065A3D3E90023D8F777FB65A3D3E9002333
:10DEE000D8F7BCF9064620460F46D8F703FB62A3D5
:10DEF000D3E90023D8F768FB02460B463046394683
:10DF0000D8F7ACF906460F46D8F70EFE0022824637
:10DF1000002330463946D8F7C9FD48B15046D8F7F6
:10DF2000E9FA32463B46D8F7B7FD08B90AF1FF3A9D
:10DF3000BAF1160F57D8594B03EBCA03D3E90023A4
:10DF4000DDE90C01D8F7B2FD00284ED00AF1FF3A06
:10DF500000230F93169B1C1B631E099345BFC4F13E
:10DF600001030693002300234CBF09930693BAF1E3
:10DF7000000F3CDB099BCDF838A0534409930023E4
:10DF80000A93229B092B00F28D80052BC4BF043B12
:10DF90002293229BA3F10203CCBF00240124032B74
:10DFA00000F28C80DFE803F02D4F4D5BDDE9164376
:10DFB0001C4404F23243202BC3BFC3F1400304F2DC
:10DFC000124009FA03F3C3F12003C6BF26FA00F09A
:10DFD000184306FA03F0D8F77DFA0123A1F1F8718E
:10DFE000013C139370E70123B3E70F90B2E7069B60
:10DFF000A3EB0A030693CAF100030A9300230E93CE
:10E00000BFE700230B93239B002B5ADC4FF0010941
:10E01000CDF820904B46CDF88C90686A0022426083
:10E02000042202F114069E42416850D9284600F0AD
:10E03000D9FC039000284ED1194B02464FF4D571FC
:10E04000CEE60123DEE700230B93239B0AEB0309B3
:10E0500009F10103012B0893B8BF0123DDE7012378
:10E06000F2E700BFAFF3008061436F63A787D23F41
:10E07000B3C8608B288AC63FFB799F501344D33FB7
:10E080002C350308433503080000F07F28350308CA
:10E090001F350308FD2A03080000F83F80360308F7
:10E0A000C03503080124002322930B944FF0FF395D
:10E0B0000022CDF8209012232392AEE701230B9388
:10E0C000F4E7DDF88C90CDF820904B46A5E70131C0
:10E0D00041605200A5E76B6A039A1A60089B0E2BF9
:10E0E00000F2A880002C00F0A580BAF1000F34DD0A
:10E0F0009A4A0AF00F0302EBC303D3E900341AF47F
:10E10000807FCDE910344FEA2A1416D0944BDDE914
:10E110000C01D3E90823D8F781FBCDE9040104F011
:10E120000F0403278E4E54B9DDE91023DDE9040105
:10E13000D8F774FBCDE9040129E00227F2E7E107F3
:10E1400008D5DDE91001D6E90023D8F73DFACDE97D
:10E150001001013764100836E5E700F0A580CAF128
:10E1600000047E4B7E4E04F00F0203EBC203D3E9A2
:10E170000023DDE90C01D8F727FACDE904012411C9
:10E1800000230227002C40F08480002BD2D10F9B6B
:10E19000002B00F08B80DDE90434CDE91034DDE99B
:10E1A0001001704B0022D8F781FC00287ED0089B1C
:10E1B000002B7BD0B9F1000F38DDDDE910016A4B8F
:10E1C0000022D8F701FACDE904010AF1FF3801373E
:10E1D0004C463846D8F78EF9DDE90423D8F7F4F930
:10E1E000624B0022D8F73AF8A1F15076CDE9100140
:10E1F0001196002C5DD1DDE904015D4B0022D8F7BA
:10E200002BF802460B46CDE90423109A3346D8F783
:10E210006BFC002840F09C82DDE90401109A06F1B5
:10E220000043D8F743FC002840F09082DDE90C342D
:10E23000CDE90434179B002BC0F25281BAF10E0FC6
:10E2400000F34E81454B03EBCA03D3E90034CDE91B
:10E250000634239B002B80F2DB80089B002B00F30D
:10E26000D78040F07282424B0022DDE90601D8F7E8
:10E27000ABF9DDE90423D8F72DFC089C26460028DD
:10E2800040F04882039F312307F8013B0AF1010A5D
:10E2900044E2E20705D5D6E90023D8F795F901371E
:10E2A0000123641008366DE7022770E7089CD0460A
:10E2B0008FE70399294B214412910B9903EBC40377
:10E2C000DDE9106753E90223002955D029490020D0
:10E2D000D8F7A4FA3B463246D7F7BEFFCDE9100186
:10E2E000039FDDE90401D8F71FFC0446D8F702F9C3
:10E2F00002460B46DDE90401D7F7AEFF3034024693
:10E300000B46CDE9042307F8014BDDE91023D8F7CC
:10E31000CDFB002874D1DDE9042312490020D7F792
:10E320009BFFDDE91023D8F7C1FB002840F0B78040
:10E33000129B9F423FF47AAFDDE910010A4B0022A5
:10E34000D8F742F9084BCDE910010022DDE90401BC
:10E35000D8F73AF9CDE90401C3E700BF80360308D6
:10E36000583603080000F03F0000244000001C4025
:10E37000000014400000E03F30463946D8F724F949
:10E38000CDE91001129B039C1493DDE90401D8F739
:10E39000CBFB1590D8F7AEF802460B46DDE9040139
:10E3A000D7F75AFF159B303304F8013B129B9C4270
:10E3B00006460F464FF0000224D1A44BDDE91001C0
:10E3C000D7F74CFF02460B4630463946D8F78CFB50
:10E3D000002863D1DDE910239C490020D7F73CFFDA
:10E3E00002460B4630463946D8F760FB00283FF41A
:10E3F0001DAF149F7B1E149317F8013C302BF8D0EF
:10E40000C2463BE0924BD8F7DFF8CDE90401BCE708
:10E41000DDE90489039FDDE9062340464946D8F734
:10E42000FDF9D8F781FB0446D8F764F8DDE9062347
:10E43000D8F7CAF804F1300602460B464046494672
:10E44000D7F70AFF07F8016B039EDDF820C0BE1B5B
:10E45000B44502460B4636D1D7F700FFDDE9062367
:10E4600080468946D8F740FB58BBDDE90623404685
:10E470004946D8F711FB08B1E10722D4284659468E
:10E4800000F0F0FA00233B70249B0AF101001860B1
:10E49000269B002B3FF4DDAC1F60DAE427463B46A9
:10E4A0001F4613F8012D392A07D1039A9A42F7D152
:10E4B0000399302208F101080A701A7801321A70A3
:10E4C0009EE7D046EBE7624B0022D8F77DF80022AA
:10E4D000002380468946D8F7DFFA00289BD0CDE795
:10E4E0000B9A002A00F0D080229A012A00F3B28011
:10E4F000139A002A00F0A68003F233430A9C069F79
:10E50000069A1A440692099A01211A442846099249
:10E5100000F05EFB0646002F0CDD099B002B09DD99
:10E52000BB42069AA8BF3B46D21A0692099AFF1A26
:10E53000D31A09930A9BF3B10B9B002B00F0A88020
:10E54000002C10DD31462246284600F0FFFB5A46DB
:10E5500001460646284600F051FB594680462846AB
:10E5600000F080FAC3460A9B1A1B04D0594628467D
:10E5700000F0ECFB83460121284600F029FB0E9BAE
:10E58000002B044640F386801A460146284600F0D8
:10E59000DDFB229B012B04467FDD4FF00008236941
:10E5A00004EB8303186900F0C5FAC0F12000099B51
:10E5B000184410F01F0000F09280C0F12003042BDB
:10E5C00040F38A80C0F11C00069B03440693099B1C
:10E5D000034407440993069B002B05DD59461A4660
:10E5E000284600F00DFC8346099B002B05DD2146E3
:10E5F0001A46284600F004FC04460F9B002B70D0FE
:10E600002146584600F06CFC00286ADA002359467F
:10E610000A22284600F048FA0B9B0AF1FF3A83468B
:10E62000002B00F09481314600230A22284600F096
:10E630003BFAB9F1000F064600F39380229B022BB0
:10E6400057DC8EE0169BC3F1360357E70000E03F2E
:10E6500000002440089B5C1E0A9BA342BFBF0A9B8C
:10E660000A94E21A0E9BB6BF9B181C1B0E93089BC4
:10E67000B8BF0024002BB9BF069B089A069F089BD1
:10E68000BCBF9F1A00233BE70A9C069F0B9E42E7F4
:10E690000A9A6BE7229B012B19DC049BBBB9059BF3
:10E6A000C3F313039BB9059B23F000431B0D1B050C
:10E6B00083B1069B01330693099B013309934FF005
:10E6C00001080E9B002B7FF46AAF01206FE74FF02B
:10E6D0000008F6E79846F4E73FF47DAF18461C3093
:10E6E00072E7089B002B36DC229B022B33DDDDF822
:10E6F0002090B9F1000F0DD121464B460522284646
:10E7000000F0D2F901460446584600F0E9FB002823
:10E710003FF7B8AD239B039F6FEA030A4FF0000851
:10E720002146284600F09EF9002E3FF4A7AEB8F12E
:10E73000000F05D0B04503D04146284600F092F9BD
:10E740003146284600F08EF998E600242646E1E797
:10E75000C246264696E50B9BDDF82090002B00F084
:10E76000FD80002F05DD31463A46284600F048FB83
:10E770000646B8F1000F5CD07168284600F032F907
:10E78000074628B9804B024640F2EA21FFF728BB32
:10E7900032690232920006F10C010C30FEF762FB86
:10E7A00001223946284600F02BFB039B01330893D6
:10E7B000039B4B440A93049B03F00103B046099367
:10E7C0000646089B2146013B58460493FFF76CFA26
:10E7D000034630330690414658460B9300F080FBC9
:10E7E000324681462146284600F096FBC2680B9BC4
:10E7F000074602BB0146584600F072FB0B9B0246DF
:10E8000039462846CDE90B3200F02CF9229B0C9AB0
:10E81000089F43EA0201099B0B430B9B0DD1392B47
:10E8200029D0B9F1000F01DD069B3133049A137032
:10E8300076E73046B9E70122E2E7B9F1000F06DBDF
:10E84000229941EA0909099959EA010120D1002ACE
:10E85000ECDD594601222846089300F0D1FA214602
:10E86000834600F03DFB0028089B02DCDED1DA077E
:10E87000DCD5392BD8D1049A392313703B461F4677
:10E88000013B17F8012C392A50D001321A7047E7A2
:10E89000002A03DD392BEED00133C7E7089A0A9925
:10E8A00002F8013C8A422AD0594600230A2228460F
:10E8B00000F0FAF8B04583464FF000034FF00A022B
:10E8C0004146284607D100F0EFF880460646089BEF
:10E8D0000133089375E700F0E7F8314680460023DE
:10E8E0000A22284600F0E0F80646F0E7B9F1000FEA
:10E8F000039ACCBF4F46012717444FF000085946F2
:10E9000001222846089300F07BFA2146834600F056
:10E91000E7FA0028B2DC02D1089BDB07AED43B4605
:10E920001F4613F8012D302AFAD0F9E6039A9A42CD
:10E93000A5D10AF1010A312379E7144BFFF7A7BAF1
:10E94000269B002B7FF480AA114BFFF7A0BAB9F1E8
:10E95000000F03DC229B022B3FF7CBAE039F214627
:10E960005846FFF7A1F900F1300307F8013B039A7D
:10E97000BA1A9145BADD594600230A22284600F00A
:10E9800093F88346EBE700BFC0350308FC2A030871
:10E990001F350308014B1868704700BFF40D0020B5
:10E9A00000487047480F002082B001B901A942B168
:10E9B0004BB113780B601278101E18BF012002B003
:10E9C00070471046FBE76FF00100F8E7014800F0E0
:10E9D00056BD00BF48A70020014800F051BD00BF50
:10E9E00048A7002070B5466A04460D4676B9102047
:10E9F000FEF718FA0246606220B9184B18486621E3
:10EA000000F00CFDC0E901660660C660666AF36846
:10EA100083B1636ADB6853F82500B8B9012101FAB4
:10EA200005F6721D9200204600F05AFB60B1C0E965
:10EA300001560EE021220421204600F051FB636ABA
:10EA4000F060DB68002BE4D1002070BD026843F861
:10EA500025200023C0E90333F7E700BF2C35030866
:10EA6000D935030870B5466A05460C4676B91020BC
:10EA7000FEF7D8F90246686220B9094B09488A2195
:10EA800000F0CCFCC0E901660660C6603CB16B6A70
:10EA90006268DB6853F82210216043F8224070BDA1
:10EAA0002C350308D93503082DE9F0410D690746D7
:10EAB0000C461E4601F1140C0020DCF8003099B21F
:10EAC00002FB01611E0C0B0C02FB063389B2013004
:10EAD00001EB034185424CF8041B4FEA1346ECDC82
:10EAE0000EB3A368AB4219DC616838460131FFF709
:10EAF00079FF804628B902460C4B0D48B52100F03D
:10EB00008DFC2269023204F10C0192000C30FEF7F8
:10EB1000A9F921463846FFF7A5FF444604EB8503D3
:10EB200001355E6125612046BDE8F081C0350308EE
:10EB3000D9350308020C12040346CAB90304102095
:10EB400013F07F4F04BF1B02083013F0704F04BF57
:10EB50001B01043013F0404F04BF9B000230002B18
:10EB600005DB13F0804F00F1010008BF2020704743
:10EB70000020E5E70368024613F007000BD0D90731
:10EB800021D4980749BF5B089B08012013605CBF34
:10EB900013600220704799B209B91B0C1020D9B23A
:10EBA00009B908301B0A190704BF1B09043099076B
:10EBB00004BF9B080230D90703D45B0800F10100B1
:10EBC00003D013607047002070472020704700007A
:10EBD00010B50C460121FFF705FF024628B9054B89
:10EBE00005484FF4A07100F019FC01234461036152
:10EBF00010BD00BFC0350308D93503082DE9F04F1B
:10EC000091460A69D9F810309A42B8BF0B460C46B3
:10EC1000BCBF4C4699462769D9F810A0A368616823
:10EC200007EB0A06B34285B0B8BF0131FFF7DAFE41
:10EC300030B90246434B444840F25D1100F0EEFB10
:10EC400000F1140505EB86082B460022434521D32D
:10EC500004F1140303EB870709F1140303EB8A02A1
:10EC600002923A1B153A22F00302043204F1150114
:10EC70008F4238BF04220192029A03939A420CD821
:10EC8000002E03DD58F8043D002B59D0066105B075
:10EC9000BDE8F08F43F8042BD8E7B3F800A0BAF131
:10ECA000000F23D004F1140EA9464FF0000C5EF8BB
:10ECB000042BD9F800101FFA82FB89B20AFB0B1152
:10ECC0006144D9F800C0120C4FEA1C4C0AFB02C286
:10ECD00002EB114289B241EA0241774549F8041B2F
:10ECE0004FEA124CE3D8019A45F802C0039AB2F8F1
:10ECF00002900433B9F1000F20D0296804F1140CFC
:10ED0000AE464FF0000ABCF800B0BEF8022009FB86
:10ED10000B22924489B241EA0A414EF8041B5CF886
:10ED2000042BBEF80010120C09FB021101EB1A4172
:10ED300067454FEA114AE6D8019AA95004359BE786
:10ED4000013E9DE7C0350308D93503082DE9F84396
:10ED5000154612F0030206460F4607D0254C013A2D
:10ED6000002354F82220FFF79FFE0746AD103DD048
:10ED7000746A7CB91020FEF755F80246706228B913
:10ED80001D4B1E484FF4D77100F048FBC0E9014409
:10ED90000460C460D6F82480D8F808404CB940F22A
:10EDA00071213046FFF714FF0023C8F8080004461D
:10EDB00003604FF00009EB070AD53946224630467A
:10EDC000FFF71CFF394680463046FFF74BFE4746AB
:10EDD0006D100BD0206838B9224621463046FFF727
:10EDE0000DFF2060C0F800900446E4E73846BDE817
:10EDF000F88300BF483703082C350308D9350308CA
:10EE00002DE9F0470C464968236903EB6218A368B3
:10EE1000074691464FEA621A08F10106B3420BDB3E
:10EE20003846FFF7DFFD054648B902462A4B2B4816
:10EE300040F2D91100F0F2FA01315B00EEE7002355
:10EE400000F1140100F110021846534537DB206928
:10EE50002AEAEA7A04F1140319F01F0901EB8A0186
:10EE600003EB80002FD0C9F1200E8A464FF0000C32
:10EE70001A6802FA09F242EA0C024AF8042B53F823
:10EE8000042B984222FA0EFCF2D8031B153B23F008
:10EE90000303043304F11502904238BF042341F800
:10EEA00003C0BCF1000F01D008F10206013E384654
:10EEB0002E612146FFF7D6FD2846BDE8F08742F8CF
:10EEC000040F0133C1E7043953F8042B41F8042F30
:10EED0009842F9D8EAE700BFC0350308D9350308DE
:10EEE0000A6903460069801A30B50DD11433143114
:10EEF00003EB820401EB820154F8045D51F8042D08
:10EF0000954202D004D3012030BDA342F4D3FBE7E5
:10EF10004FF0FF30F8E700002DE9F84F0D460746A7
:10EF2000114628461446FFF7DBFF061E11D1314675
:10EF30003846FFF757FD024628B9394B40F23221D7
:10EF4000384800F06BFA0123C0E904361046BDE8EA
:10EF5000F88FA4BF23462C4638466168A6BF1D46DD
:10EF600000260126FFF73EFD024618B92C4B4FF450
:10EF70001071E5E72769C6602E6904F1140005F1F8
:10EF8000140902F1140E00EB870C09EB860610340D
:10EF9000F246002159F8043B54F804BF1FFA83F8E5
:10EFA00011FA8BF11B0CA1EB0808C3EB1B4303EB1D
:10EFB00028431FFA88F819144E4548EA03434AF8D3
:10EFC000043BE7D8731B153B23F0030304331535CB
:10EFD000AE4238BF0423184473449E460646664535
:10EFE0000ED30CF10301091A21F003010338844503
:10EFF00038BF0021194451F8043D7BB11761A5E7E2
:10F0000056F8048B11FA88F4251405EB1845A4B2C0
:10F0100044EA05444EF8044B2914E0E7013FEAE7CF
:10F02000C0350308D93503082DE9F3410121DDE995
:10F03000087690461D46FFF7D5FC044630B90246D7
:10F04000254B264840F20A3100F0E8F9C5F31303D6
:10F05000C5F30A552DBB0193B8F1000326D06846CD
:10F060000093FFF787FD0099F0B1019AC0F12003EA
:10F0700002FA03F30B43C24063610192019BA36157
:10F08000002B14BF022101212161C5B1A5F2334536
:10F090000544C0F135003D603060204602B0BDE857
:10F0A000F08143F48013D6E76161E7E701A8FFF739
:10F0B00061FD019B6361012121612030E5E704EBE3
:10F0C0008103A0F2324038601869FFF733FDC0EBCE
:10F0D00041113160E1E700BFC0350308D9350308AD
:10F0E00038B502FB01F52946FDF736FF044618B195
:10F0F0002A460021FDF7DEFE204638BDF8B507465A
:10F1000014460E4621B9BDE8F8401146FDF724BF6C
:10F1100022B9FDF7D7FE25462846F8BD00F0B1F923
:10F12000A0420FD221463846FDF716FF05460028BB
:10F13000F2D031462246FDF795FE31463846FDF7BE
:10F14000C1FEE9E73546E7E72DE9F0478E689E42C4
:10F1500082460C4690461F4638D88A8912F4906F32
:10F1600032D025680969A5EB0109656905EB4505FC
:10F1700005EBD57501334B446D109D4238BF1D46DC
:10F18000530531D52946FDF7E7FE064650B90C2355
:10F19000CAF80030A38943F04003A3814FF0FF3049
:10F1A000BDE8F08721694A46FDF75CFEA38923F498
:10F1B000906343F08003A381266165614E44A5EB13
:10F1C00009052660A5603E46BE4200D93E4620683D
:10F1D00032464146FDF754FEA3689B1BA36023689B
:10F1E000334423600020DBE72A46FFF787FF06460B
:10F1F0000028E1D121695046FDF764FEC7E7000011
:10F200002DE9F04F98468B891B069DB007460D46A9
:10F2100014460ED50B6963B94021FDF79DFE2860A9
:10F22000286120B90C233B604FF0FF30D1E0402330
:10F230006B610023099320238DF82930CDF80C80D1
:10F240003023DFF8A8818DF82A304FF001092346DA
:10F250009A4613F8012B0AB1252AF9D1BAEB040B0F
:10F260000BD05B46224629463846FFF76DFF01303A
:10F2700000F0AA80099A5A4409929AF80030002BAB
:10F2800000F0A28000234FF0FF32CDE905230AF100
:10F29000010A049307938DF853301A9354460522BC
:10F2A00014F8011B5148D6F783FF049AD8B9D00649
:10F2B00044BF20238DF85330110744BF2B238DF812
:10F2C00053309AF800302A2B15D0079A5446002064
:10F2D0004FF00A0C214611F8013B303B092B4ED967
:10F2E000B0B1079214E0A0EB080309FA03F313434B
:10F2F0000493A246D2E7039B191D1B680391002BC0
:10F30000BBBF5B4242F0020207930793B8BF04926F
:10F3100023782E2B0CD163782A2B35D1039B1A1D11
:10F320001B680392002BB8BF4FF0FF3302340593E4
:10F33000DFF8BCA0217803225046D6F739FF40B150
:10F340004023A0EB0A0003FA00F0049B03430134BE
:10F35000049314F8011B27488DF828100622D6F7CD
:10F3600027FF002838D0244B1BBB039B073323F017
:10F37000070308330393099B3344099367E70CFBA6
:10F3800002320C460120A5E70023013405931946FB
:10F390004FF00A0C204610F8012B303A092A03D905
:10F3A000002BC5D00591C3E70CFB012104460123C6
:10F3B000F0E703AB00932A46104B04A93846FDF74B
:10F3C000C3FE421C0646D6D1AB895B063FF52CAF87
:10F3D00009981DB0BDE8F08F03AB00932A46074B98
:10F3E00004A93846FEF748F9EBE700BF5437030895
:10F3F0005A3703085E37030849D1020849F1020869
:10F400000346084641B1FF2A04D98A221A604FF008
:10F41000FF3070470A700120704700001FB5144686
:10F420001A46094B1B680546D8684CB1074B00913A
:10F43000CDE9013406492B4600F00EF800F040FA01
:10F44000044B1C46F3E700BFF40D002065370308AA
:10F4500072370308600A03080EB403B5014603AB14
:10F46000054853F8042B0068019300F039F802B006
:10F470005DF804EB03B07047F40D0020704770474F
:10F48000704751F8043C181F002BBCBF0B58C01824
:10F4900070479368013B002B10B4936007DA9469BE
:10F4A000A34201DB0A2902D110BC00F049B913685C
:10F4B000581C10601970084610BC7047F8B5064615
:10F4C0000F461446D518AC4201D1002007E014F8CD
:10F4D000011B3A463046FFF7DCFF431CF3D1F8BD71
:10F4E0002DE9F04F0D469DB014469846064618B1DA
:10F4F00083690BB900F002FB894B9D421BD17568F3
:10F500006B6ED90705D4AB899A0502D4A86DFFF7B5
:10F51000B6FFAB891B0701D52B69EBB929463046ED
:10F5200000F060F9C0B16B6EDC070ED54FF0FF3014
:10F530001DB0BDE8F08F7B4B9D4201D1B568DFE780
:10F54000794B9D4208BFF568DAE7AB899805EDD4A1
:10F55000A86DFFF795FFE9E70023099320238DF8B5
:10F560002930CDF80C803023DFF8C0818DF82A30A7
:10F570004FF0010923469A4613F8012B0AB1252AB8
:10F58000F9D1BAEB040B0BD05B4622462946304634
:10F59000FFF794FF013000F0AA80099A5A440992BB
:10F5A0009AF80030002B00F0A28000234FF0FF32C9
:10F5B000CDE905230AF1010A049307938DF853302E
:10F5C0001A935446052214F8011B5848D6F7F0FD4B
:10F5D000049AD8B9D10644BF20238DF853301307BD
:10F5E00044BF2B238DF853309AF800302A2B15D0C6
:10F5F000079A544600204FF00A0C214611F8013BAF
:10F60000303B092B4ED9B0B1079214E0A0EB0803B0
:10F6100009FA03F313430493A246D2E7039B191D8F
:10F620001B680391002BBBBF5B4242F002020793B1
:10F630000793B8BF049223782E2B0CD163782A2B22
:10F6400035D1039B1A1D1B680392002BB8BF4FF0E6
:10F65000FF3302340593DFF8D8A021780322504607
:10F66000D6F7A6FD40B14023A0EB0A0003FA00F054
:10F67000049B03430134049314F8011B2D488DF8B7
:10F6800028100622D6F794FD00283FD02A4B1BBB3A
:10F69000039B073323F0070308330393099B3B4481
:10F6A000099367E70CFB02320C460120A5E7002313
:10F6B0000134059319464FF00A0C204610F8012B2F
:10F6C000303A092A03D9002BC5D00591C3E70CFBBA
:10F6D000012104460123F0E703AB00932A46174BB0
:10F6E00004A93046FDF730FD0746781CD6D16B6E75
:10F6F000D90705D4AB899A0502D4A86DFFF7C0FEDF
:10F70000AB895B063FF512AF099811E703AB009395
:10F710002A460A4B04A93046FDF7AEFFE4E700BFD6
:10F72000C4370308E4370308A43703085437030831
:10F730005A3703085E37030849D10208BDF40208AE
:10F74000F8B50E461446054618B183690BB900F0AA
:10F75000D5F9214B9C422BD16C68A369A360A38986
:10F760001A072FD523696BB323692068C01A636910
:10F77000F6B28342374604DC2146284600F02AF9D7
:10F7800030BBA368013BA36023685A1C22601E7033
:10F7900063690130834204D0A389DB0706D50A2EB2
:10F7A00004D12146284600F015F988B93846F8BD3D
:10F7B0000A4B9C4201D1AC68CFE7094B9C4208BF81
:10F7C000EC68CAE72146284600F00CF80028CBD0A8
:10F7D0004FF0FF37EAE700BFC4370308E4370308F8
:10F7E000A4370308324B70B51D6806460C4625B198
:10F7F000AB6913B9284600F081F92E4B9C420FD11A
:10F800006C68A389B4F90C2019072CD4DD0611D437
:10F810000923336042F04003A3814FF0FF303EE004
:10F82000254B9C4201D1AC68EBE7244B9C4208BFBE
:10F83000EC68E6E7580712D5616B41B104F1440367
:10F84000994202D03046FDF73DFB00236363A38954
:10F8500023F02403A3810023636023692360A38929
:10F8600043F00803A38123694BB9A38903F42073F0
:10F87000B3F5007F03D02146304600F001FAA0899D
:10F88000B4F90C2010F001030AD00023A3606369CF
:10F890005B42A361236943B910F08000BAD170BD07
:10F8A000810758BF6369A360F4E70020F7E700BF52
:10F8B000F40D0020C4370308E4370308A437030815
:10F8C00008B5062000F044FA012000F0D3FB000048
:10F8D0008A89F8B5054610070C4657D44B68002BAB
:10F8E00004DC0B6C002B01DC0020F8BDE66A002E66
:10F8F000FAD0002312F480522F682B6032D0606D52
:10F90000A3895A0705D56368C01A636B0BB1236CD2
:10F91000C01A00230246E66A216A2846B047431C03
:10F92000A38906D129681D292CD8294ACA40D6079F
:10F9300028D500226260D9042269226004D5421CC5
:10F9400001D12B6803B96065616B2F600029CBD0B2
:10F9500004F14403994202D02846FDF7B3FA00208F
:10F960006063C2E7216A01232846B047411CC7D122
:10F970002B68002BC4D01D2B01D0162B01D12F607A
:10F98000B2E7A38943F04003A381AEE70F69002FDC
:10F99000AAD093070E6808BF4B690F6018BF0023F9
:10F9A000F61B8B60002E9FDD216AD4F828C03346F9
:10F9B0003A462846E047002806DCA38943F0400386
:10F9C000A3814FF0FF3090E70744361AEAE700BF03
:10F9D0000100402038B50B6905460C4613B90025D7
:10F9E000284638BD18B183690BB900F087F8144B6D
:10F9F0009C421BD16C68B4F90C30002BEFD0626EC6
:10FA0000D00704D4990502D4A06DFFF738FD28462D
:10FA10002146FFF75DFF636EDA070546E0D4A38950
:10FA20009B05DDD4A06DFFF72BFDD9E7054B9C426C
:10FA300001D1AC68DFE7044B9C4208BFEC68DAE711
:10FA4000C4370308E4370308A4370308002310B5BC
:10FA50000446C0E90033C0E9043383608181436612
:10FA6000C2818361194608225C30FDF723FA054BF9
:10FA70006362054BA362054BE362054B246223637B
:10FA800010BD00BF89FD0208ABFD0208E3FD0208BE
:10FA900007FE0208014900F0AFB800BFD5F902081F
:10FAA00070B568224D1E55430E4605F17401FDF7F1
:10FAB00053FA044640B10021C0E900160C30A060A2
:10FAC00005F16802FDF7F6F9204670BD0148FFF721
:10FAD000D6BC00BF49A700200148FFF7D1BC00BF3A
:10FAE00049A700200148FFF7CABC00BF4AA7002071
:10FAF0000148FFF7C5BC00BF4AA7002010B5044667
:10FB0000FFF7F0FFA3691BB1BDE81040FFF7F0BF9E
:10FB1000C4E912332365134B134A1B68A262A34244
:10FB200004BF0123A361204600F020F86060204656
:10FB300000F01CF8A060204600F018F80022E060F9
:10FB400004216068FFF782FFA06801220921FFF706
:10FB50007DFFE06802221221FFF778FF0123A361F5
:10FB6000D2E700BFE833030895FA0208F8B5074664
:10FB7000FFF7ACFF1E4B1E68B36913B93046FFF7A1
:10FB8000BDFF4836D6E90134013B03D533680BB3DA
:10FB90003668F7E7B4F90C50D5B9164BE36004F1B9
:10FBA00058006566FFF76AFCFFF796FFC4E9015548
:10FBB000C4E904552560A5610822294604F15C00CA
:10FBC000FDF778F9C4E90D55C4E912552046F8BD92
:10FBD0006834D9E704213846FFF762FF04463060F5
:10FBE0000028D5D1FFF778FF0C233B60EEE700BF7C
:10FBF000E83303080100FFFF2DE9F8430646884675
:10FC000000F148040027D4E90195B9F1010905D5AF
:10FC10002468002CF7D13846BDE8F883AB89012B66
:10FC200007D9B5F90E30013303D029463046C04715
:10FC300007436835E9E770B50E46B1F90E100029A3
:10FC400096B014461D4608DAB6F90C3000222A6038
:10FC50001A0610D44FF480630EE06A4600F0FAF8FA
:10FC60000028F1DB019A02F47042A2F500535A42D7
:10FC70005A412A60EEE740230020236016B070BD91
:10FC80008B8973B59D0706460C4607D504F14703DB
:10FC9000236023610123636102B070BD01AB6A463A
:10FCA000FFF7C9FF009905463046FDF755F948B9F9
:10FCB000B4F90C309A05EFD423F0030343F00203A8
:10FCC000A381E3E70D4BB362A389206043F0800377
:10FCD000A381009B6361019B20615BB1B4F90E10AD
:10FCE000304600F0C9F828B1A38923F0030343F09C
:10FCF0000103A381A0890543A581CDE795FA0208F8
:10FD00001F2938B504460D4604D9162303604FF069
:10FD1000FF3038BD426C12B152F821304BB9204649
:10FD200000F030F82A4601462046BDE8384000F091
:10FD300017B8012B0AD0591C03D1162303600120E8
:10FD4000E7E7002442F82540284698470020E0E7EE
:10FD5000024B01461868FFF7D3BF00BFF40D002027
:10FD600038B5074D00230446084611462B6000F0C5
:10FD700053F9431C02D12B6803B1236038BD00BF87
:10FD800044A7002000F038B910B50C46B1F90E10A8
:10FD900000F094F80028ABBF636DA3891B1823F40F
:10FDA0008053ACBF6365A38110BD2DE9F0411F46B0
:10FDB0008B89DB0505460C46164605D5B1F90E10B4
:10FDC0000223002200F068F8A389B4F90E1023F48E
:10FDD0008053A38132463B462846BDE8F04100F0FF
:10FDE00017B810B50C46B1F90E1000F055F8431CC9
:10FDF000A38915BF606523F4805343F48053A38126
:10FE000018BFA38110BDB1F90E1000F013B80000A7
:10FE100038B5074D04460846114600222A601A46A6
:10FE200000F020F9431C02D12B6803B1236038BDD8
:10FE300044A7002038B5064D0023044608462B6031
:10FE400000F0CAF8431C02D12B6803B1236038BD0F
:10FE500044A7002038B5074D002304460846114644
:10FE60002B6000F0C1F8431C02D12B6803B1236062
:10FE700038BD00BF44A7002038B5064D0023044616
:10FE800008462B6000F0C0F8431C02D12B6803B178
:10FE9000236038BD44A7002038B5074D0446084606
:10FEA000114600222A601A4600F0BEF8431C02D117
:10FEB0002B6803B1236038BD44A7002038B5074D37
:10FEC00004460846114600222A601A4600F0B4F89B
:10FED000431C02D12B6803B1236038BD44A7002026
:10FEE000C1F30A52F8B5A2F2FF35132D0B46844632
:10FEF0000C46064630DC002D1EDB354F2F4101EA53
:10FF00000702024315D030A3D3E90023D6F7A6F9A0
:10FF100000220023D6F7E8FD48B1002C04DA4FF4A4
:10FF2000801343FA05F52C4424EA070400262346EF
:10FF3000B44660461946F8BD23A3D3E90023D6F79B
:10FF40008DF900220023D6F7CFFD0028EFD0002C3A
:10FF500024DB00263446EAE7332D08DDB5F5806F53
:10FF6000E7D10246D6F77AF984460B46E1E7A2F2DA
:10FF700013424FF0FF37D7400742DAD012A3D3E93C
:10FF80000023D6F76BF900220023D6F7ADFD002839
:10FF9000CDD0002C0BDB26EA0706C8E724F000438F
:10FFA0000C4A1E43002E18BF14460026BFE7142D2E
:10FFB00008D00123C5F1340503FA05F5AE1928BFB1
:10FFC000E418E8E70134E6E79C7500883CE4377EF6
:10FFD000FFFF0F000000F0BF024B58221A604FF0E5
:10FFE000FF30704744A70020024B58221A604FF0A0
:10FFF000FF30704744A70020024B58221A604FF090
:020000040803EF
:10000000FF30704744A70020024B58221A6000209E
:10001000704700BF44A70020024B58221A604FF0DF
:10002000FF30704744A70020024B58221A604FF05F
:10003000FF30704744A70020024B58221A604FF04F
:10004000FF30704744A70020044A05491368002B7D
:1000500008BF0B4618441060184670474CA7002094
:1000600050A70020024B58221A604FF0FF30704713
:1000700044A70020FEE700BFF8B500BFF8BC08BCED
:100080009E467047F8B500BFF8BC08BC9E46704756
:10009000000000008813000010270000204E000020
:1000A00030750000409C000050C3000060EA000072
:1000B000C0D4010080A90300005307000000000025
:1000C000FFFFFFFFFFFFFFFFFFFFFFFFFFFFFFFF40
:1000D000000000000000000001000000020000001D
:1000E00000000000000000FF0000FFFF00FFFFFF16
:1000F0000000000000FF0000FFFF0000FFFF00FF06
:1001000000000000FF000000FFFF0000FFFFFF00F5
:10011000C194C10000000000B227000000000000F0
:1001200000000000000000000000000000000000CF
:100130000000000050554400A0AA9900A0AA990010
:10014000A0AA9900FFFF0F002017ED1C2081051DBC
:1001500020EB1D1D2055361D20BF4E1D2029671D7B
:1001600080D7711D20FD971DE039762E000000001C
:10017000500000002047792E0000000050000000D1
:1001800060547C2E0000000050000000D8B9D11946
:10019000000000005000000018C7D4190000000043
:1001A0005000000058D4D719000000005000000093
:1001B000A027BE330000000050010000E034C1332E
:1001C00000000000500100002042C4330000000085
:1001D0005001000064CE8F3300000000500000008A
:1001E00084FE94330000000050000000E8E19D33DD
:1001F00000000000500000002021F6360000000042
:1002000050000000602EF936000000005000000091
:10021000A03BFC360000000050000000A05CCA3388
:100220000000000070000000E069CD330000000015
:10023000700000005255495F352E302E325F52411A
:100240004B333137322D450072616B333137320019
:1002500073746D3332776C653578780032303235AF
:100260003033313700000000303234383439000088
:1002700065383533363863383A363237643036309D
:10028000313A66623731303861343A303862653637
:100290003037643A34346436373436323A6466314F
:1002A00062626638323A38323736323961373A3537
:1002B000393334623131653A3164653433626139DE
:1002C0003A62376265643662313A36613364363891
:1002D00034323A62396433396162363A64356336AE
:1002E000653838643A61323961616136653A646112
:1002F0003534353739643A64316537353231343A1B
:1003000031333635666230633A37313439343665E5
:10031000623A62663031313365383A33656366621A
:1003200031646500312E352E31330000332E322EEC
:10033000390052414B333137322D48200052414B66
:10034000333137322D4C200056657273696F6E3A27
:1003500025732025730D0A0043757272656E742033
:10036000576F726B204D6F64653A20004C6F52617D
:10037000205032502E0D0A004C6F526157414E2EC4
:100380000D0A0046534B2E0D0A000000010000002C
:100390000300000005000000010000000100000053
:1003A000060000000A00000020000000020000001B
:1003B00004000000080000001000000040000000E1
:1003C00080000000000100000002000000000000AA
:1003D000000000000000000000000000010000001C
:1003E000020000000300000004000000A0860100DD
:1003F000400D0300801A060000350C0040420F003B
:1004000080841E0000093D0000127A000024F400E0
:1004100000366E010048E801006CDC0200000000BC
:1004200000000000000000000000000000000010BC
:1004300000000000001000004F6E53797354696D86
:10044000655570646174650D0A002B4556543A5326
:10045000454E445F434F4E4649524D45445F4F4BD6
:100460000D0A002B4556543A53454E445F434F4EB8
:100470004649524D45445F4641494C454428256410
:10048000290D0A002B4556543A54585F444F4E45A7
:100490000D0A002B42433A4C4F53540D0A002B4295
:1004A000433A4C4F434B45440D0A002B42433A46D6
:1004B00041494C45445F25640D0A002B42433A46AE
:1004C00041494C45440D0A002B4556543A4A4F4980
:1004D0004E5F4641494C45445F25640D0A00526514
:1004E00073747269637465645F576169745F2564CE
:1004F0005F6D730D0A005278314672657175656ED5
:1005000063793A25750D0A00527843467265717514
:10051000656E63793A25750D0A004368616E6E65F4
:100520006C7344617461726174653A25640D0A00EC
:100530004368616E6E656C735478506F7765723A7C
:1005400025640D0A0046436E7455703A25750D0AF0
:100550000051756572795478506F737369626C6578
:100560003A2025732C205573657244617461536978
:100570007A6520256420506F737369626C654461ED
:10058000746153697A6520256420416464697469E3
:100590006F6E616C464F70747353697A6520256481
:1005A0000D0A002B4556543A52585F25733A25647C
:1005B0003A2564003A4D554C544943415354003A4E
:1005C000554E49434153540025303278002B45564F
:1005D000543A4C494E4B434845434B3A303A2564D4
:1005E0003A25643A25643A25640D0A00526563652C
:1005F0006976696E6720696E2052585F534C4F547C
:100600005F57494E5F310D0A00526563656976692F
:100610006E6720696E2052585F534C4F545F5749A4
:100620004E5F320D0A00526563656976696E672018
:10063000696E2052585F534C4F545F57494E5F4389
:100640004C4153535F430D0A004465764164647224
:100650006573733A253038780D0A00506F72743A1A
:1006600025640D0A00527373693A25640D0A00531C
:100670006E723A25640D0A005278446174617261A9
:1006800074653A25750D0A0046436E74446F776EA3
:100690003A25750D0A004C6F52614D61634D6962D8
:1006A00047657452657175657374436F6E666972E0
:1006B0006D204552524F520D0A002B4556543A4A6E
:1006C0004F494E45440D0A002B4556543A5357495D
:1006D0005443485F4641494C45440D0A002B45565A
:1006E000543A4A4F494E5F4641494C45445F52583F
:1006F0005F54494D454F55540D0A002B4556543A09
:100700004A4F494E5F4641494C45445F54585F54F7
:10071000494D454F55540D0A005265636569766928
:100720006E67204D4C4D455F4A4F494E0D0A0044BF
:100730006576416464723A253038780D0A002B459D
:1007400056543A54494D455245515F4F4B0D0A009E
:100750002B4556543A54494D455245515F464149FF
:100760004C45440D0A002B42433A444F4E450D0A76
:10077000002B4556543A4C494E4B434845434B3A5F
:10078000313A303A303A303A300D0A006170702018
:1007900073776974636820636C61737320610D0AF9
:1007A000006170702073776974636820636C617393
:1007B0007320630D0A00257328293A4661696C0D80
:1007C0000A004C6F526157414E20312E302E3300BB
:1007D00042004F4B0042757379005365727669632E
:1007E0006520756E6B6E6F776E00506172616D651E
:1007F00074657220696E76616C6964004672657119
:1008000075656E637920696E76616C696400446118
:1008100074617261746520696E76616C696400460A
:1008200072657175656E6379206F722064617461A1
:100830007261746520696E76616C6964004E6F2028
:100840006E6574776F726B206A6F696E6564004CB9
:10085000656E677468206572726F720052656769B1
:100860006F6E206E6F7420737570706F7274656434
:1008700000536B697070656420415050206461744E
:100880006100447574792D6379636C6520726573BA
:1008900074726963746564004E6F206368616E6E84
:1008A000656C20666F756E64004E6F2066726565BC
:1008B000206368616E6E656C20666F756E640042C1
:1008C00075737920626561636F6E207265736572FE
:1008D0007665642074696D6500427573792070696E
:1008E0006E672D736C6F742077696E646F772074F8
:1008F000696D6500427573792075706C696E6B2047
:10090000636F6C6C6973696F6E0043727970746F9A
:10091000206572726F720046436E742068616E6467
:100920006C6572206572726F72004D414320636F77
:100930006D6D616E64206572726F7200436C6173DD
:100940007342206572726F7200436F6E6669726DDA
:10095000207175657565206572726F72004D756CDA
:100960007469636173742067726F757020756E644B
:100970006566696E656400556E6B6E6F776E206597
:1009800072726F7200000000D2070308D5070308D7
:10099000DA070308EA070308FC0703080E08030840
:1009A0001F0803083D0803084F0803085C080308F4
:1009B000710803088208030898080308A9080308B7
:1009C000BF080308D9080308F40803080A09030844
:1009D000170903082A0903083C0903084909030801
:1009E0005D09030877090308736572766963655FBB
:1009F0006C6F72615F7365745F6C6F72615F646569
:100A00006661756C74000000F1290308F52903087C
:100A1000101E0308101E0308D0070308D0070308A0
:100A20005278202564206F6620256420203E3E3EBB
:100A3000205045523D2025642025250D0A00527383
:100A4000736956616C75653D2025642064426D2C88
:100A500020536E7256616C75653D202564200D0A29
:100A600000547820486F7020617420256420487AF3
:100A70000D0A0054782054657374203A2050616345
:100A80006B6574202564206F662025640D0A004F75
:100A90006E5478446F6E650D0A0054782054657367
:100AA000740D0A0048E8010048E8010048E8010028
:100AB00048E8010048E8010048E8010090D0030040
:100AC0000000000048E8010048E8010048E8010093
:100AD00048E8010048E8010048E8010020A10700BB
:100AE0000000000020A1070020A1070020A10700AE
:100AF00020A1070020A1070020A10700000000009E
:100B00000000000048E8010048E8010048E8010052
:100B100048E8010048E8010048E8010020A107007A
:100B20000000000048E8010048E8010048E8010032
:100B300048E8010048E8010048E8010090D00300BF
:100B40000000000048E8010048E8010048E8010012
:100B500048E8010048E8010048E8010090D003009F
:100B60000000000048E8010048E8010048E80100F2
:100B700048E8010048E8010048E8010090D003007F
:100B80000000000048E8010048E8010048E80100D2
:100B900048E8010048E8010048E8010090D003005F
:100BA0000000000048E8010048E8010048E80100B2
:100BB00048E8010048E8010048E8010048E8010071
:100BC00048E8010048E8010048E8010048E8010061
:100BD00048E8010020A107000000000020A1070054
:100BE00020A1070020A1070020A1070020A10700E5
:100BF00020A10700000000000000000048E80100FC
:100C000048E8010048E8010048E8010020A1070089
:100C100000000000000000000000000020A107000C
:100C200020A1070020A1070020A1070020A10700A4
:100C300020A1070000000000000000000C0B0A09C2
:100C4000080707320C0B0A09080708000C0B0A09F1
:100C5000080700000C0B0A0908070A090807080022
:100C600000000C0B0A09080700002B4556543A52A5
:100C7000585032502052454345495645204552521E
:100C80004F520D0A002B4556543A525846534B20AA
:100C900052454345495645204552524F520D0A0090
:100CA0002B4556543A545850325020444F4E450D1F
:100CB0000A002B4556543A545846534B20444F4E45
:100CC000450D0A002B4556543A5258503250205286
:100CD0004543454956452054494D454F55540D0A05
:100CE000002B4556543A525846534B2052454345E3
:100CF0004956452054494D454F55540D0A002B4542
:100D000056543A52585032503A25643A25643A00C3
:100D10002B4556543A525846534B3A25643A25646B
:100D20003A0025303258004C6F526120503250202A
:100D300073656E6420646174613A202825642920FB
:100D4000005032505F52585F4F4E20616C726561A7
:100D500064790D0A004F6E5478446F6E65004F6ED3
:100D6000547854696D656F75740025303264682558
:100D70003032646D2530326473206F6E202530323E
:100D8000642F253032642F25303464000D0A25731A
:100D9000000D0A25730D0A000D0A41542B3C434DEA
:100DA000443E3F3A2068656C70206F6E203C434D96
:100DB000443E0D0A41542B3C434D443E3A2072754B
:100DC0006E203C434D443E0D0A41542B3C434D4460
:100DD0003E3D3C76616C75653E3A207365742074C7
:100DE00068652076616C75650D0A41542B3C434D56
:100DF000443E3D3F3A206765742074686520766103
:100E00006C75650D0A0044697361626C6500522A55
:100E10000025732C25733A2025730D0A0041544395
:100E20002B00257325730025732C25733A20257319
:100E30002C2025730D0A00303132333435363738E3
:100E4000390041542B424F4F5400656E7465722037
:100E5000626F6F746C6F61646572206D6F64652082
:100E6000666F72206669726D776172652075706752
:100E7000726164650041542B424F4F5456455200F5
:100E8000676574207468652076657273696F6E207B
:100E90006F662052554920426F6F746C6F616465B4
:100EA000720041545A0074726967676572732061F9
:100EB000207265736574206F6620746865204D43E9
:100EC000550041545200726573746F7265206465F9
:100ED0006661756C7420706172616D6574657273A2
:100EE0000041542B444542554700736574206465A6
:100EF000627567206C6F670073686F77206F722070
:100F0000686964652074686520415420636F6D6D65
:100F1000616E6420696E7075740041542B46534EA7
:100F20000041542B464143544F52590041542B53D6
:100F30004E00676574207468652073657269616C22
:100F4000206E756D626572206F662074686520641E
:100F5000657669636520286D617820313820636883
:100F60006172290041542B4241540067657420741A
:100F700068652062617474657279206C6576656C51
:100F80002028766F6C74290041542B4255494C44FB
:100F900054494D4500676574207468652062756921
:100FA0006C642074696D65206F66207468652066C6
:100FB00069726D776172650041542B5245504F49FB
:100FC0004E464F006765742074686520636F6D6DD1
:100FD0006974204944206F662074686520666972D0
:100FE0006D776172650041542B56455200676574F8
:100FF000207468652076657273696F6E206F662055
:10100000746865206669726D776172650041542B62
:101010004649524D57415245564552006765742026
:1010200074686520437573746F6D697A65642076A2
:10103000657273696F6E206F6620746865206669DB
:10104000726D776172650041542B434C495645528D
:1010500000676574207468652076657273696F6EC9
:10106000206F662074686520415420636F6D6D6148
:101070006E640041542B41504956455200676574D7
:10108000207468652076657273696F6E206F6620C4
:1010900074686520525549204150490041542B48FD
:1010A000574D4F44454C0067657420746865207344
:1010B0007472696E67206F6620746865206861725B
:1010C0006477617265206D6F64656C0041542B48D4
:1010D00057494400676574207468652073747269A9
:1010E0006E67206F6620746865206861726477613E
:1010F00072652069640041542B414C4941530061A1
:10110000646420616E20616C696173206E616D653D
:1011100020746F207468652064657669636500419A
:10112000542B5359535600676574207468652053D7
:10113000797374656D20566F6C74616765004154F6
:101140002B5549440041542B534C45455000656E86
:1011500074657220736C656570206D6F64652066C0
:101160006F72206120706572696F64206F662074F1
:10117000696D6520286D73290041542B4C504D003A
:10118000676574206F722073657420746865206CC5
:101190006F7720706F776572206D6F6465202830DF
:1011A000203D206F66662C2031203D206F6E290087
:1011B00041542B4C504D4C564C00676574206F7257
:1011C0002073657420746865206C6F7720706F776A
:1011D0006572206D6F6465206C6576656C004154A6
:1011E0002B4C4F434B006C6F636B2074686520730E
:1011F000657269616C20706F72740041542B505796
:101200004F52440073657420746865207365726979
:10121000616C20706F7274206C6F636B696E6720F5
:1012200070617373776F726420286D617820382045
:1012300063686172290041542B424155440067653F
:1012400074206F72207365742074686520736572F2
:1012500069616C20706F7274206261756472617470
:10126000650041542B41544D0073776974636820C5
:10127000746F20415420636F6D6D616E64206D6FDB
:1012800064650041542B41505045554900676574D1
:10129000206F722073657420746865206170706CB3
:1012A00069636174696F6E20455549202838206252
:1012B0007974657320696E20686578290041542B24
:1012C0004150504B455900676574206F722073651B
:1012D0007420746865206170706C69636174696FF3
:1012E0006E206B6579202831362062797465732011
:1012F000696E20686578290041542B415050534B4A
:10130000455900676574206F722073657420746896
:1013100065206170706C69636174696F6E207365BC
:101320007373696F6E206B6579202831362062797E
:1013300074657320696E20686578290041542B44D8
:1013400045564144445200676574206F72207365AE
:1013500074207468652064657669636520616464DF
:101360007265737320283420627974657320696E06
:1013700020686578290041542B444556455549005D
:10138000676574206F7220736574207468652064CB
:10139000657669636520455549202838206279744F
:1013A000657320696E20686578290041542B4E458D
:1013B0005449440067657420746865206E657477CD
:1013C0006F726B206964656E746966696572202846
:1013D0004E6574494429202833206279746573204E
:1013E000696E20686578290041542B4E574B534B4A
:1013F000455900676574206F7220736574207468A6
:1014000065206E6574776F726B2073657373696F97
:101410006E206B65792028313620627974657320DF
:10142000696E20686578290041542B4D43524F4F17
:10143000544B45590067657420746865204D6320DE
:10144000526F6F74206B6579202831362062797471
:10145000657320696E20686578290041542B4346E6
:101460004D00676574206F72207365742074686521
:1014700020636F6E6669726D206D6F646520283021
:10148000203D206F66662C2031203D206F6E2900A4
:1014900041542B434653006765742074686520638C
:1014A0006F6E6669726D6174696F6E2073746174BA
:1014B0007573206F6620746865206C6173742041B9
:1014C000542B53454E44202830203D206661696CE2
:1014D0007572652C2031203D2073756363657373CD
:1014E000290041542B4A4F494E006A6F696E206EA5
:1014F0006574776F726B0041542B4E4A4D006765DF
:1015000074206F722073657420746865206E657432
:10151000776F726B206A6F696E206D6F646520282B
:1015200030203D204142502C2031203D204F54415D
:1015300041290041542B4E4A53006765742074685A
:1015400065206A6F696E207374617475732028302A
:10155000203D206E6F74206A6F696E65642C2031A7
:10156000203D206A6F696E6564290041542B524505
:101570004356007072696E7420746865206C6173E4
:1015800074207265636569766564206461746120A6
:10159000696E2068657820666F726D6174004154D1
:1015A0002B53454E440073656E6420646174612062
:1015B000616C6F6E6720776974682074686520615C
:1015C00070706C69636174696F6E20706F72740003
:1015D00041542B4C5053454E440073656E64206C4F
:1015E0006F6E67207061636B657420646174612045
:1015F000286D61782031303030206279746573292C
:101600000041542B5245545900676574206F722075
:1016100073657420746865206E756D626572206FE5
:10162000662072657472616E736D697373696F6E33
:10163000206F6620636F6E6669726D207061636BE8
:10164000657420646174610041542B414452006709
:101650006574206F722073657420746865206164FE
:10166000617074697665206461746120726174656B
:101670002073657474696E67202830203D206F6682
:10168000662C2031203D206F6E290041542B434CA5
:1016900041535300676574206F7220736574207422
:1016A00068652064657669636520636C6173732087
:1016B0002841203D20636C61737320412C2042201F
:1016C0003D20636C61737320422C2043203D2063D6
:1016D0006C6173732043290041542B4443530067CA
:1016E0006574207468652045545349206475747985
:1016F000206379636C652073657474696E67202854
:1017000030203D2064697361626C65642C20312057
:101710003D20656E61626C6564290041542B445222
:1017200000676574206F722073657420746865208B
:101730006461746120726174650041542B4A4E31BA
:10174000444C00676574206F722073657420746860
:1017500065206A6F696E20616363657074206465DB
:101760006C6179206265747765656E2074686520A8
:10177000656E64206F6620545820616E6420746822
:1017800065206A6F696E2052582077696E646F77A2
:10179000203120696E207365636F6E64730041545D
:1017A0002B4A4E32444C00676574206F722073657B
:1017B0007420746865206A6F696E20616363657068
:1017C000742064656C6179206265747765656E204C
:1017D00074686520656E64206F6620545820616EC1
:1017E0006420746865206A6F696E2052582077699A
:1017F0006E646F77203220696E207365636F6E644C
:10180000730041542B504E4D00676574206F722059
:1018100073657420746865207075626C6963206EEE
:101820006574776F726B206D6F6465202830203D82
:10183000206F66662C2031203D206F6E29004154B8
:101840002B525831444C00676574206F72207365C9
:1018500074207468652064656C61792062657477B2
:1018600065656E2074686520656E64206F6620541F
:101870005820616E64207468652052582077696E24
:10188000646F77203120696E207365636F6E6473B7
:101890002028312D3135290041542B525832444CE7
:1018A00000676574206F722073657420746865200A
:1018B00064656C6179206265747765656E20746813
:1018C0006520656E64206F6620545820616E642028
:1018D0007468652052582077696E646F77203220D3
:1018E000696E207365636F6E64732028322D313604
:1018F000290041542B525832445200676574206FBE
:10190000722073657420746865205258322077699C
:101910006E646F7720646174612072617465004148
:10192000542B525832465100676574207468652004
:101930005258322077696E646F77206672657175D0
:10194000656E63792028487A290041542B545850F9
:1019500000676574206F7220736574207468652059
:101960007472616E736D697474696E6720706F77DD
:1019700065720041542B4C494E4B434845434B0044
:10198000676574206F722073657420746865206CBD
:10199000696E6B20636865636B2073657474696E30
:1019A00067202830203D2064697361626C65642C77
:1019B0002031203D206F6E63652C2032203D206554
:1019C0007665727974696D65290041542B54494DCF
:1019D0004552455100726571756573742074686570
:1019E0002063757272656E74206461746520616E27
:1019F000642074696D65202830203D20646973611E
:101A0000626C65642C2031203D20656E61626C65DE
:101A100064290041542B4C425400676574206F7256
:101A20002073657420746865204C6F526157414E75
:101A3000204C42542028737570706F7274204B6F65
:101A4000726561204A6170616E290041542B4C42DD
:101A5000545253534900676574206F722073657444
:101A600020746865204C6F526157414E204C42549F
:101A700020727373692028737570706F7274204BB5
:101A80006F726561204A6170616E290041542B4C70
:101A900042545343414E54494D4500676574206F8D
:101AA000722073657420746865204C6F52615741D1
:101AB0004E204C4254207363616E74696D6520281A
:101AC000737570706F7274204B6F726561204A611C
:101AD00070616E290041542B5047534C4F5400679E
:101AE0006574206F72207365742074686520756E4C
:101AF00069636173742070696E6720736C6F742002
:101B0000706572696F6469636974792028302D3754
:101B1000290041542B424652455100676574207498
:101B200068652064617461207261746520616E640F
:101B300020626561636F6E206672657175656E63A4
:101B40007920284D487A290041542B4254494D456B
:101B5000006765742074686520626561636F6E203C
:101B600074696D6520287365636F6E647320736993
:101B70006E6365204750532045706F636820746919
:101B80006D65290041542B424757006765742074E6
:101B900068652067617465776179204750532063D9
:101BA0006F6F7264696E6174652C204E6574494470
:101BB00020616E6420477749440041542B4C5449BE
:101BC0004D450067657420746865206C6F63616CB7
:101BD0002074696D650041542B5253534900676569
:101BE00074207468652052535349206F66207468CE
:101BF00065206C6173742072656365697665642025
:101C00007061636B65740041542B4152535349001A
:101C100061636365737320616C6C206F70656E2007
:101C20006368616E6E656C20525353490041542BBA
:101C3000534E52006765742074686520534E5220DD
:101C40006F6620746865206C6173742072656365CB
:101C500069766564207061636B65740041542B4D37
:101C600041534B00676574206F7220736574207454
:101C70006865206368616E6E656C206D61736B20B2
:101C8000746F20636C6F7365206F72206F70656E68
:101C900020746865206368616E6E656C20286F6EC5
:101CA0006C7920666F722055533931352C2041559F
:101CB0003931352C20434E343730290041542B43E1
:101CC000484500676574206F7220736574206569EC
:101CD000676874206368616E6E656C73206D6F64F5
:101CE0006520286F6E6C7920666F722055533931EC
:101CF0003520415539313520434E343730290041A4
:101D0000542B43485300676574206F7220736574C9
:101D10002073696E676C65206368616E6E656C73B5
:101D2000206D6F646520286F6E6C7920666F72205D
:101D3000555339313520415539313520434E3437EB
:101D400030290041542B42414E4400676574206F96
:101D500072207365742074686520616374697665A8
:101D600020726567696F6E202830203D204555340C
:101D700033332C2031203D20434E3437302C203259
:101D8000203D2052553836342C2033203D20494EFA
:101D90003836352C2034203D2045553836382C2017
:101DA00035203D2055533931352C2036203D2041FA
:101DB000553931352C2037203D204B523932302CCB
:101DC0002038203D2041533932332D31202C203909
:101DD000203D2041533932332D32202C2031302008
:101DE0003D2041533932332D33202C203131203DD9
:101DF0002041533932332D34202C203132203D20E4
:101E00004C41393135290041542B4144444D554C06
:101E100043006164642061206E6577206D756C7489
:101E200069636173742067726F75700041542B523F
:101E30004D564D554C430064656C657465206120BA
:101E40006D756C7469636173742067726F7570006F
:101E500041542B4C53544D554C43007669657720C3
:101E60006D756C7469636173742067726F7570202F
:101E7000696E666F726D6174696F6E0041542B54A8
:101E80005253534900737461727420524620525366
:101E9000534920746F6E6520746573740041542B30
:101EA00054544F4E4500737461727420524620742E
:101EB0006F6E6520746573740041542B5454580040
:101EC000736574206E756D626572206F6620706137
:101ED000636B65747320746F2062652073656E7424
:101EE00020666F722050455220524620545820746C
:101EF0006573740041542B54525800736574206EFE
:101F0000756D626572206F66207061636B657473B6
:101F100020746F2062652072656365697665642050
:101F2000666F7220504552205246205258207465E8
:101F300073740041542B54434F4E4600636F6E66DA
:101F40006967757265204C6F526120524620746536
:101F500073740041542B545448007374617274209C
:101F6000524620545820686F7070696E67207465FF
:101F700073742066726F6D2046737461727420747E
:101F80006F204673746F702C2077697468204664E4
:101F9000656C74612073746570730041542B5452E6
:101FA000544800737461727420524620545820685B
:101FB0006F7070696E6720746573742066726F6DE0
:101FC0002046737461727420746F204673746F704E
:101FD0002C2077697468204664656C746120696E92
:101FE00074657276616C20696E2072616E646F6DCB
:101FF0002073657175656E63650041542B544F46BF
:10200000460073746F70206F6E676F696E67205241
:102010004620746573740041542B4345525449461D
:102020000073657420746865206D6F64756C65203D
:10203000696E204C6F726157414E206365727469FE
:102040006669636174696F6E206D6F646520283006
:10205000203D206E6F726D616C206D6F64652C2069
:1020600031203D2063657274696669636174696FCC
:102070006E206D6F6465290041542B4357007374C3
:1020800061727420636F6E74696E756F75732077FB
:102090006176650041542B4E574D00676574206F83
:1020A000722073657420746865206E6574776F7232
:1020B0006B20776F726B696E67206D6F6465202887
:1020C00030203D205032505F4C4F52412C20312067
:1020D0003D204C6F526157414E2C2032203D205004
:1020E00032505F46534B290041542B5046524551C4
:1020F00000636F6E666967757265205032502046C6
:1021000072657175656E637920284E6F74653A54F7
:1021100068697320636F6D6D616E642077696C6CA4
:102120002062652064656C6574656420696E207446
:10213000686520667574757265290041542B50538B
:102140004600636F6E666967757265205032502075
:10215000537072656164696E6720466163746F7263
:102160002028352D313229284E6F74653A5468691C
:102170007320636F6D6D616E642077696C6C206293
:10218000652064656C6574656420696E207468659B
:1021900020667574757265290041542B50425700B2
:1021A000636F6E66696775726520503250204261B8
:1021B0006E647769647468284C4F52413A2030202D
:1021C0003D203132352C2031203D203235302C203D
:1021D00032203D203530302C2033203D20372E3822
:1021E0002C2034203D2031302E342C2035203D2031
:1021F00031352E36332C2036203D2032302E3833E8
:102200002C2037203D2033312E32352C2038203DF4
:102210002034312E36372C2039203D2036322E35D1
:10222000202046534B3A343830302D343637303056
:102230003029284E6F74653A5468697320636F6D56
:102240006D616E642077696C6C2062652064656CDA
:102250006574656420696E207468652066757475A0
:102260007265290041542B50435200636F6E6669BA
:10227000677572652050325020436F64652052614B
:10228000746528303D342F352C20313D342F362CC9
:1022900020323D342F372C20333D342F3829284E1F
:1022A0006F74653A5468697320636F6D6D616E6415
:1022B0002077696C6C2062652064656C6574656468
:1022C00020696E20746865206675747572652900D2
:1022D00041542B50504C00636F6E66696775726590
:1022E0002050325020507265616D626C65204C65E3
:1022F0006E6774682028352D363535333529284EDC
:102300006F74653A5468697320636F6D6D616E64B4
:102310002077696C6C2062652064656C6574656407
:1023200020696E2074686520667574757265290071
:1023300041542B50545000636F6E66696775726527
:102340002050325020545820506F77657228352D18
:10235000323229284E6F74653A5468697320636F6E
:102360006D6D616E642077696C6C206265206465B8
:102370006C6574656420696E207468652066757488
:10238000757265290041542B5053454E44007365C6
:102390006E64206461746120696E20503250206D3B
:1023A0006F64650041542B505245435600656E746E
:1023B000657220503250205258206D6F646520663F
:1023C0006F72206120706572696F64206F6620747F
:1023D000696D6520286D73290041542B454E435289
:1023E0005900676574206F72207365742074686586
:1023F00020656E6372797074696F6E207374617496
:102400007573206F6620503250206D6F64650041F7
:10241000542B43414400676574206F7220736574C8
:1024200020746865204368616E6E656C204163743A
:10243000697669747920446574656374696F6E2088
:10244000737461747573206F6620503250206D6F05
:1024500064650041542B454E434B455900676574F4
:10246000206F72207365742074686520656E6372D6
:10247000797074696F6E206B6579206F66205032B9
:1024800050206D6F64652028313620627974657341
:1024900020696E20686578290041542B43525950B9
:1024A000495600676574206F7220736574207468E4
:1024B0006520656E6372797074696F6E204956206D
:1024C0006F6620503250206D6F64652028313620B1
:1024D000627974657320696E2068657829004154BB
:1024E0002B50325000676574206F72207365742022
:1024F000616C6C2050325020706172616D65746542
:1025000072730041542B50425200676574206F7201
:102510002073657420746865205032502046534BF8
:10252000206D6F64656D2062697472617465202826
:102530003630302D33303030303020622F73290068
:1025400041542B504644455600676574206F7220F5
:1025500073657420746865205032502046534B20B8
:102560006D6F64656D206672657175656E63792047
:10257000646576696174696F6E20283630302D325B
:10258000303030303020687A290041542B4951498D
:102590004E56455200676574206F72207365742033
:1025A00050325020495120696E76657273696F6EA2
:1025B000202831203D206F6E2C2030203D206F667A
:1025C00066290041542B53594E43574F52440067DC
:1025D0006574206F722073657420503250207379B7
:1025E0006E63776F72642028307830303030202D61
:1025F00020307866666666290041542B5246465262
:10260000455155454E435900676574206F722073DC
:10261000657420503250204672657175656E63791D
:102620000041542B54584F5554505554504F574512
:102630005200676574206F722073657420503250A9
:1026400020547820506F77657228352D323229005A
:1026500041542B42414E44574944544800676574E5
:10266000206F7220736574205032502042616E6476
:102670007769647468284C4F52413A2030203D20DD
:102680003132352C2031203D203235302C20322083
:102690003D203530302C2033203D20372E382C2063
:1026A00034203D2031302E342C2035203D20313552
:1026B0002E36332C2036203D2032302E38332C203D
:1026C00037203D2033312E32352C2038203D203428
:1026D000312E36372C2039203D2036322E35202021
:1026E00046534B3A343830302D3436373030302979
:1026F0000041542B535052454144494E47464143B3
:10270000544F5200676574206F72207365742050B7
:10271000325020537072656164696E672046616350
:10272000746F722028352D3132290041542B434FCC
:1027300044494E475241544500676574206F7220EA
:102740007365742050325020436F64652052617469
:102750006528303D342F352C20313D342F362C2048
:10276000323D342F372C20333D342F38290041544B
:102770002B505245414D424C454C454E4754480024
:10278000676574206F72207365742050325020503A
:102790007265616D626C65204C656E677468202897
:1027A000352D3635353335290041542B53594D429B
:1027B0004F4C54494D454F555400676574206F7216
:1027C00020736574205032502073796D626F6C54A1
:1027D000696D656F75742028302D323438290041B9
:1027E000542B4649584C454E4754485041594C4F3C
:1027F000414400676574206F722073657420503205
:102800005020666978206C656E6774682070617905
:102810006C6F6164206F6E2F6F66662028203120F8
:102820003D206F6E2C2030203D206F6666290041D0
:10283000545F4552524F520041545F504152414DF6
:102840005F4552524F520041545F425553595F45C4
:1028500052524F520041545F544553545F504152BD
:10286000414D5F4F564552464C4F570041545F4EC5
:102870004F5F434C415353425F454E41424C4500EC
:1028800041545F4E4F5F4E4554574F524B5F4A4F36
:10289000494E45440041545F52585F4552524F5291
:1028A0000041545F4D4F44455F4E4F5F535550506C
:1028B0004F52540041545F434F4D4D414E445F4E83
:1028C0004F545F464F554E440041545F554E53554B
:1028D00050504F525445445F42414E44000A020159
:1028E00001010601010101010301010201010025AD
:1028F000733D0025733D25750D0A0025733D256444
:102900003A25643A25643A25640D0A0025733D256D
:10291000753A0025733D25640D0A0025733D410D70
:102920000A0025733D423A53300D0A0025733D429B
:102930003A53310D0A0025733D423A53320D0A00D5
:1029400025733D423A53330D0A0025733D420D0A6B
:102950000025733D430D0A00410025733D25643A6F
:1029600025642E25640D0A0025733D25643A2564EF
:102970003A25643A25643A25640D0A0025733D25FD
:10298000730D0A002C006200303A00423A00433ACC
:1029900000253038583A00253039643A0025303265
:1029A000643A0025733D25303458002873696E67FA
:1029B0006C65206368616E6E656C206D6F64653A4E
:1029C0002025642900257500340D0A00350D0A0004
:1029D000360D0A00370D0A00380D0A00390D0A00BD
:1029E00031300D0A0031310D0A0031320D0A003844
:1029F0002D3100382D3200382D3300382D340004AD
:102A000002090705080106001415160A54782074F7
:102A10006F6E650025733D25643A25643A25643A56
:102A200025643A25643A25643A25643A25643A25B2
:102A3000643A25643A25643A25640D0A0025733DFD
:102A400025643A25643A25640D0A005032505F52DD
:102A5000585F4F4E20616C72656164792C20706CF8
:102A6000656173652064697361626C6520503250E2
:102A7000205258206265666F7265207365747469B0
:102A80006E672E0D0A005032505F52585F4F4E0D48
:102A90000A005032505F52585F4F46460D0A0025DB
:102AA000733D253034780D0A0025733D25640025DB
:102AB000630025733D25660D0A0025733D25732DA2
:102AC00025730D0A0025733D253038782530387878
:102AD000253038780D0A00343239343936373239F6
:102AE000350041542B4C4F434B3D756E6C6F636BFF
:102AF00065640D0A003030303030303030004154E1
:102B00002B4C4F434B3D3F0041542B4C4F434B3DCF
:102B10006C6F636B65640D0A4F4B0D0A00434F4D9C
:102B20004D414E445F4C4F434B45440D0A0001005C
:102B30000000000000000102000000000000010091
:102B40000300000000000800000400000000010075
:102B50000000050000000100000006000000010761
:102B60000000000000000100000000000B0001094F
:102B700000000000000001000000000A0000010049
:102B8000000000000B000100000000000000040233
:102B9000080010101004101010021010100801008E
:102BA00002000400060008000A000C0010002000CB
:102BB0004000800000010804020408010101010135
:102BC00001030701000004050600080109020A03C9
:102BD000841E0000093D0000127A000024F4000069
:102BE00048E8010090D0030020A107000000000089
:102BF000B128000061510000C3A2000002010003DF
:102C000099A00108DD930108519701084D9601082C
:102C10001DA0010801A00108299D01089D9B010834
:102C20000D930108E5A2010841A10108D59601080C
:102C3000D593010879960108519601081596010867
:102C40000B9601083D930108399301080796010886
:102C500003960108E996010815970108F9950108FE
:102C6000F99301087993010855930108D1A301084C
:102C700041930108899901089597010815AF01084A
:102C80001BAF0108C01200001F000000A8160000C2
:102C900017000000841C00000F000000E425000065
:102CA0001E000000B42D00001600000008390000CE
:102CB0000E0000002C4C00001D000000685B0000AE
:102CC00015000000747200000D000000589800000C
:102CD0001C00000034B7000014000000E8E400000D
:102CE0000C000000783101001B000000686E01003C
:102CF0001300000034CA01000B000000286202002B
:102D00001A00000040DB0200120000003C930300A8
:102D10000A000000C0C204001900000060B30500F2
:102D200011000000382007000900000020A1070062
:102D3000000000003C4E554C4C3E003031323334E4
:102D400035363738394142434445464748494A4B6E
:102D50004C4D4E4F505152535455565758595A0096
:102D60003031323334353637383961626364656601
:102D70006768696A6B6C6D6E6F707172737475766B
:102D80007778797A00080A0C0D0E10121415181AAB
:102D90001B1D1E212400010101020305020501067D
:102DA00002020502020603020105040400000000FD
:102DB00000000000000000000200000048E80100E0
:102DC00048E8010048E8010048E8010048E801003F
:102DD00048E8010090D0030000000000030000005C
:102DE0000201000C0B0A090807073200000000006E
:102DF00000010201000000000002030201000000C7
:102E000000030403020100000004050403020100A2
:102E10000005060504030201000607060504030277
:102E20000107070706050403020707020202020260
:102E30000202020202020202020203020202020271
:102E40000203040302020202020405040302020256
:102E50000205060504030202020607060504030232
:102E6000020707070605040302070733337373F2EB
:102E7000F2F2F200000B357DF2F2F20048E80100B8
:102E800048E8010048E8010048E8010048E801007E
:102E900048E8010020A107000000000020A1070071
:102EA00020A1070020A1070020A1070020A1070002
:102EB00020A107000000000000000000080808082A
:102EC00008080908080808080A09080808080B0A79
:102ED000090808080C0B0A0908080D0C0B0A090858
:102EE0000D0D0C0B0A090C0B0A09080708000C0B46
:102EF0000A090807000033333373F2F2F200358118
:102F0000F2F2F2F200000B357DF2F2003581F2F2BE
:102F1000F2F2000048E8010048E8010048E801003A
:102F200048E8010048E8010048E8010020A1070046
:102F3000000000000000000000000101010101018B
:102F40000201010101010302010101010403020167
:102F5000010105040302010106050403020107063D
:102F6000050403020C0B0A0908070732001756B8BC
:102F7000F2F2F2F248E8010048E8010048E80100F6
:102F800048E8010048E8010048E8010090D003004B
:102F900000000000030000000201000C0B0A0908F9
:102FA00007073233333373F2F2F2F20048E80100DC
:102FB00048E8010048E8010048E8010048E801004D
:102FC00048E8010090D0030000000000030000006A
:102FD0000201000C0B0A090807073233333373F27E
:102FE000F2F2F20048E8010048E8010048E8010078
:102FF00048E8010048E8010048E8010090D00300DB
:1030000000000000030000000201000C0B0A090888
:1030100007073233333373F2F2F2F20048E801006B
:1030200048E8010048E8010048E8010048E80100DC
:1030300048E8010090D003000000000003000000F9
:103040000201000C0B0A090807073200000000000B
:103050000001020100000000000203020100000064
:103060000003040302010000000405040302010040
:10307000000505050403020100050700000000002B
:10308000000000070505040302070733333373F21A
:10309000F2F2F20048E8010048E8010048E80100C7
:1030A00048E8010048E8010048E80100030000008A
:1030B0000201000C0B0A09080733333373F2F200E4
:1030C00048E8010048E8010048E8010048E801003C
:1030D00048E8010048E8010020A1070000000000C6
:1030E00020A1070020A1070020A1070020A10700C0
:1030F00020A1070020A10700000000000000000040
:103100000808080808080908080808080A0908083B
:1031100008080B0A090808080C0B0A0908080D0C16
:103120000B0A09080D0D0C0B0A090C0B0A090807FC
:1031300008000C0B0A090807000033333373F2F25E
:10314000F2003581F2F2F2F2000000000B357DF260
:10315000F200358181F2F2F2F200000048E801004D
:1031600048E8010048E8010048E8010048E801009B
:1031700048E8010090D003000000000003000000B8
:103180000201000C0B0A090807073233333373F2CC
:10319000F2F2F20048E8010048E8010048E80100C6
:1031A00048E8010020A10700000000000000000026
:1031B0000000000020A1070020A1070020A10700B7
:1031C00020A1070020A1070020A1070000000000A7
:1031D000000000000A0908080B0A09080C0B0A097C
:1031E0000D0C0B0A0D0D0C0B0A0908070800000056
:1031F0000C0B0A09080700000B357DF2F2000000F5
:103200003581F2F2F2F200002B7E151628AED2A61E
:10321000ABF7158809CF4F3C0052414B7769726577
:103220006C6573732052414B333137322D45002D7D
:103230002D2D2D2D2D2D2D2D2D2D2D2D2D2D2D2DBE
:103240002D2D2D2D2D2D2D2D2D2D2D2D2D2D2D2DAE
:103250002D2D2D2D2D2D2D2D2D2D2D2D2D2D2D2D9E
:103260002D2D2D2D2D0056657273696F6E3A202518
:10327000730D0A00DDA4020881A50208EDA402086E
:103280008DA502084DA5020899A5020800000000BE
:10329000FDA40208B5A402083DA4020851A4020836
:1032A0005DA4020875A402088DA4020891A4020876
:1032B000A5A4020810A5002028A5002040A50020F4
:1032C00058A5002070A500205CA4002074A4002054
:1032D0008CA40020A4A40020BCA4002000030103AF
:1032E00002030303000301030203030303030303B5
:1032F00003030303030303030303030300030103A3
:103300000203030300030303010203030003010399
:103310000203030300030103020303000000000093
:103320000000000100010001000100000000000099
:10333000000000000000000000000000000000008D
:103340000000000100000001010100000000000079
:103350000000000100010001000100000000000069
:10336000000000000000000000000000000000005D
:103370000000000000000000000003000300030044
:10338000030003000000030303000100010001002B
:103390000100010001000100010000000000000028
:1033A00000000000DDB10208F5B1020825B20208F4
:1033B0001FB20208FBB1020801B202082BB20208D8
:1033C00000008042000080430000804400008045EF
:1033D0000000804633335340000040409A99194022
:1033E0006666E63F9A99993FF80D0020494E4600DF
:1033F000696E66004E414E006E616E0030313233B0
:10340000343536373839414243444546003031324D
:1034100033343536373839616263646566000020BD
:103420002020202020202020282828282820202074
:103430002020202020202020202020202020208824
:103440001010101010101010101010101010100488
:1034500004040404040404040410101010101010D8
:1034600041414141414101010101010101010101CC
:1034700001010101010101010101101010101010E2
:10348000424242424242020202020202020202029C
:1034900002020202020202020202101010102000B8
:1034A000000000000000000000000000000000001C
:1034B000000000000000000000000000000000000C
:1034C00000000000000000000000000000000000FC
:1034D00000000000000000000000000000000000EC
:1034E00000000000000000000000000000000000DC
:1034F00000000000000000000000000000000000CC
:1035000000000000000000000000000000000000BB
:103510000000000000000000000000000000004962
:103520006E66696E697479004E614E005245454E73
:1035300054206D616C6C6F632073756363656564A3
:103540006564002F6D6E742F776F726B737061639B
:10355000652F776F726B73706163652F4743432DDF
:1035600031302D706970656C696E652F6A656E6BA0
:10357000696E732D4743432D31302D706970656C32
:10358000696E652D34385F32303230313132345F1C
:10359000313630363138303634312F7372632F6E16
:1035A00065776C69622F6E65776C69622F6C6962F2
:1035B000632F7374646C69622F64746F612E63008F
:1035C00042616C6C6F6320737563636565646564E9
:1035D00000504F534958002E002F6D6E742F776F97
:1035E000726B73706163652F776F726B7370616359
:1035F000652F4743432D31302D706970656C696EBE
:10360000652F6A656E6B696E732D4743432D3130AC
:103610002D706970656C696E652D34385F3230329B
:1036200030313132345F3136303631383036343142
:103630002F7372632F6E65776C69622F6E65776C7E
:1036400069622F6C6962632F7374646C69622F6D99
:10365000707265632E6300000080E03779C34143D8
:10366000176E05B5B5B89346F5F93FE9034F384DE8
:10367000321D30F94877825A3CBF737FDD4F157594
:10368000000000000000F03F0000000000002440A7
:1036900000000000000059400000000000408F4082
:1036A000000000000088C34000000000006AF840ED
:1036B0000000000080842E4100000000D012634111
:1036C0000000000084D797410000000065CDCD4187
:1036D000000000205FA00242000000E87648374268
:1036E000000000A2941A6D42000040E59C30A24206
:1036F0000000901EC4BCD64200003426F56B0C437B
:103700000080E03779C3414300A0D8855734764321
:1037100000C84E676DC1AB43003D9160E458E14382
:10372000408CB5781DAF154450EFE2D6E41A4B44F7
:1037300092D54D06CFF08044F64AE1C7022DB5443C
:10374000B49DD9794378EA440500000019000000CF
:103750007D000000232D302B2000686C4C00656636
:1037600067454647002C2066756E6374696F6E3A34
:103770002000617373657274696F6E202225732255
:10378000206661696C65643A2066696C6520222553
:1037900073222C206C696E65202564257325730ABD
:1037A0000000000000000000000000000000000019
:1037B0000000000000000000000000000000000009
:1037C00000000000000000000000000000000000F9
:1037D00000000000000000000000000000000000E9
:1037E00000000000000000000000000000000000D9
:1037F00000000000000000000000000000000000C9
:083800000000000000000000C0
:083808004839FD7F01000000BA
:1038100065610008BDB2020885B40208000000001E
:083820004161000800000000F6
:103828000000000000093D0008000000010210002F
:103838000600000000300140040100000000000004
:103848000007000000000000000000000002000067
:103858002000000000000000000000000000000040
:103868000700000000000000000000000000000049
:103878000000000000000000000000000000000040
:103888000000000000000000000000000000000030
:1038980000000000000000004014002000020000AA
:1038A8000100000000000000000000004116002098
:1038B80000020000010000000000000000000000FD
:1038C80000000000000000000000000000000000F0
:1038D80000000000000000000000000000000000E0
:1038E800000000000000000000000000C1A3000864
:1038F80000000000B1920008AD9200088192000813
:10390800EF94000855920008010000000000000034
:10391800020000000000000000A1BC330E000000FF
:103928000500000001000000000000000700000082
:1039380001000000854501000800000400000000A7
:1039480001000000050000000E000000A861000052
:10395800B80B000000A1BC3300000000000000000C
:10396800000000000000000000A1BC332042C43366
:10397800A086010006000000FFFFFFFF0000000016
:10398800E000000071D6000849D6000855D60008A6
:10399800ADD60008000000002DD800083DDC000866
:1039A8005DDC0008000000000000000000000000CE
:1039B8000000000000000000CA000000B9DC000898
:1039C800D5DC0008E1DC000849DF000841DE00081A
:1039D800EDDC00080000000000000000000000000E
:1039E80000000000000000000000000000000000CF
:1039F800C80000007DDF000865DF000871DF0008EF
:103A080099E300080000000029E000080000000019
:103A1800000000000000000000000000000000009E
:103A28000000000000000000C90000004DE400088C
:103A380035E4000841E40008E5E70008000000005C
:103A4800BDE40008000000000000000000000000C5
:103A5800000000000000000000000000000000005E
:103A6800D20703082F280308382803084728030823
:103A7800552803086C28030880280308952803089C
:103A8800A1280308B4280308C9280308680F0308F5
:103A9800D32B010800000000600A030802000000A0
:103AA800420E0308C12B0108000000004A0E03085B
:103AB80002000000750E0308DD2B0108000000005D
:103AC800800E030802000000A20E0308952C0108CE
:103AD80000000000A60E030802000000C20E030842
:103AE800A72C010800000000C60E03080200000011
:103AF800E10E03082D2C010800000000EA0E03085F
:103B08000300000035270308D92C01080000000035
:103B1800F80E0308020000001A0F0308F92C010828
:103B280000000000600A030803000000210F0308DA
:103B38009D34010800000000600A0308030000002B
:103B48002C0F0308D12D010800000000320F0308D4
:103B580002000000640F0308352E01080000000071
:103B68006B0F030802000000880F0308BD2E010830
:103B780000000000950F030802000000B80F0308BA
:103B8800FD2E010800000000C40F03080200000019
:103B9800E60F0308352F010800000000ED0F0308A9
:103BA800020000000D1003086D2F0108000000003E
:103BB8001C1003080200000047100308B12F010879
:103BC80000000000511003080200000073100308F1
:103BD800F52F0108000000007D1003080200000016
:103BE8009C1003082D30010800000000A7100308EE
:103BF80002000000CC10030871300108000000002A
:103C0800D410030802000000F6100308A9300108C8
:103C180000000000FF100308030000001F11030844
:103C2800792E010800000000271103080200000097
:103C38003E1103086131010800000000600A030812
:103C48000300000045110308A93101080000000025
:103C58004E11030801000000791103081132010810
:103C6800000000008011030803000000B0110308E1
:103C78008532010800000000BA11030803000000A3
:103C8800DE110308F932010800000000E6110308FC
:103C980002000000FB110308313301080000000096
:103CA800041203080300000036120308D933010880
:103CB800000000003E12030803000000621203081F
:103CC80065340108000000006912030802000000C2
:103CD8008312030841F80008000000008D12030851
:103CE80003000000BD12030815F9000800000000D9
:103CF800C712030803000000F8120308E5F90008DA
:103D08000000000003130308030000003C1303082D
:103D1800B5FA00080000000047130308030000007C
:103D280076130308A1FB00080000000080130308B5
:103D380003000000AB13030875FC00080000000036
:103D4800B413030803000000E8130308F1FC00089B
:103D580000000000F3130308030000002814030800
:103D6800C1FD00080000000035140308030000002E
:103D78005B14030881FE00080000000062140308B9
:103D8800030000009014030801FF00080000000071
:103D98009714030802000000E214030845FF000816
:103DA80000000000EA14030803000000F7140308E9
:103DB8005D00010800000000FE1403080300000075
:103DC80033150308E9000108000000003A1503084C
:103DD800020000006B1503082D0101080000000017
:103DE80073150308020000009E150308B5010108B9
:103DF80000000000A615030801000000D015030804
:103E0800AD02010800000000DA15030801000000F7
:103E18000116030819FE000800000000091603082F
:103E28000300000048160308C5030108000000004D
:103E38004F160308030000008B1603085D040108F1
:103E4800000000009416030803000000D8160308B9
:103E58006505010800000000DF16030803000000E4
:103E68001B170308DD0501080000000021170308DF
:103E7800030000003A170308690601080000000063
:103E880043170308030000009E17030811070108E1
:103E980000000000A7170308030000000218030829
:103EA800B907010800000000091803080300000012
:103EB8003E180308450801080000000047180308D9
:103EC8000300000098180308DD080108000000003E
:103ED800A118030803000000F21803087509010877
:103EE80000000000FB180308030000001F19030866
:103EF800010A010800000000281903080300000057
:103F08004A1903088D0A0108000000005119030826
:103F180003000000731903081D0B010800000000CE
:103F28008019030803000000CA1903087D0B010863
:103F380000000000D519030803000000131A030845
:103F4800E50B0108000000001A1A0308030000002E
:103F58004B1A03084D0C010800000000561A03080C
:103F6800030000008C1A0308A10C010800000000DF
:103F78009B1A030803000000D51A0308010D010865
:103F880000000000DF1A030803000000121B0308EA
:103F98007D0D0108000000001B1B03080200000043
:103FA800481B0308F50D010800000000511B030819
:103FB80002000000841B0308490E010800000000ED
:103FC8008B1B030802000000BA1B0308B50E01088A
:103FD80000000000C31B030802000000D61B0308F2
:103FE8000D0F010800000000DE1B0308020000009E
:103FF800071C0308510F010800000000101C0308EB
:10400800020000002D1C0308D50F01080000000065
:10401800341C0308020000005C1C03088912010814
:1040280000000000641C030803000000BC1C030817
:104038004113010800000000C31C0308030000002E
:10404800FF1C03086516010800000000061D030890
:1040580003000000431D0308E514010800000000E8
:104068004B1D030803000000071E03081910010870
:1040780000000000121E0308010000002C1E0308A7
:104088004D11010800000000371E03080100000060
:10409800501E03087D110108000000005B1E030884
:1040A800020000007C1E0308E91601080000000059
:1040B800851E0308030000009D1E0308251701083C
:1040C80000000000A61E030803000000B91E030834
:1040D8005517010800000000C01E03080300000077
:1040E800F41E03088917010800000000FB1E0308DE
:1040F80003000000331F0308BD170108000000007B
:104108003C1F030803000000531F0308DD180108C3
:10411800000000005A1F0308030000009B1F03084B
:104128006D19010800000000A31F03080300000028
:10413800FA1F0308FD190108000000000220030807
:104148000300000017200308111A010800000000EE
:10415800212003080300000078200308751A0108CD
:10416800000000007E2003080300000094200308DC
:10417800611B0108000000009B20030803000000E9
:10418800E8200308E91B010800000000F1200308EB
:10419800030000003B210308791C0108000000000F
:1041A800422103080300000099210308FD1C0108AF
:1041B80000000000A0210308030000006422030897
:1041C800791D0108000000006B22030803000000AD
:1041D800D0220308F51D010800000000D7220308BB
:1041E80003000000302303087D1E010800000000C2
:1041F800372303080300000085230308011F010873
:10420800000000008E23030801000000A423030817
:10421800711F010800000000AD230308030000001F
:10422800D9230308E11F010800000000E223030866
:10423800030000000F2403086520010800000000A7
:10424800162403080300000053240308D1200108A2
:10425800000000005D2403080300000099240308FF
:104268007121010800000000A324030803000000D6
:10427800DE2403081122010800000000E5240308D9
:1042880003000000032503081126010800000000B0
:104298000A250308030000004025030899260108A1
:1042A8000000000049250308030000008A250308D0
:1042B80021270108000000009525030803000000DD
:1042C800C3250308A527010800000000CF2503081F
:1042D80003000000F9250308252801080000000054
:1042E800082603080300000021260308A128010866
:1042F80000000000322603080300000050260308CF
:1043080025290108000000005D26030803000000BD
:10431800F1260308292901080000000004270308E2
:10432800030000002B270308AD2901080000000046
:1043380039270308030000006E270308312A010803
:10434800000000008027030803000000A9270308D5
:10435800B92A010800000000BA270308030000007A
:10436800DF2703083D2B010800000000F32703089E
:104378000300000031A8020865A8020867A802081F
:104388006BA80208030000000600000000000000FF
:10439800418900087D890008B1890008318A000830
:1043A800518A0008898A00088D8A000800000000E8
:1043B80010270000A3AB0208A9AB0208F5AB02085E
:1043C80039AC0208A9AD0208BDAD0208DDAD02088E
:1043D80051AE020895AE0208CDAE0208D1AE020871
:1043E800010000000100000010000000FF008182B1
:1043F800800184858302878886038A8B8904070560
:104408008D00000040F7093740F709370080EE3685
:104418000042A53660F0AF3640F7093740F7093754
:104428000080EE360042A53660F0AF3600EA063767
:1044380000EA0637C072EB36C034A23620E3AC3649
:1044480000EA0637000000005000000000EA0637C6
:104458000000000050000000C072EB3600000000B1
:1044680050000000C034A2360000000050000000D8
:1044780020E3AC36000000005000000040F7093788
:10448800000000005000000040F70937000000005D
:10449800500000000080EE360000000050000000D0
:1044A8000042A536000000005000000060F0AF3662
:1044B8000000000050000000205D111C20E2E01CFC
:1044C8005100000020C7291C204CF91C5100000095
:1044D8002031421C20B6111D51000000209B5A1C9F
:1044E80020202A1D51000000A0F40B1E208A421D26
:1044F80051000000A05E241E20F45A1D5100000047
:10450800A0C83C1E205E731D51000000A032551E3D
:1045180020C88B1D5100000060B19A1C60B19A1C24
:104528005100000060DECB1D60DECB1D5100000095
:104538006035081C20F45A1D51000000E0B9261C03
:1045480020F45A1D51000000603E451C20F45A1DFD
:1045580051000000E0C2631C20F45A1D5100000005
:104568006047821C20F45A1D51000000E0CBA01CBB
:10457800A08AF31D510000006050BF1CA08AF31DE3
:1045880051000000E0D4DD1CA08AF31D510000009A
:104598006059FC1CA08AF31D51000000E0DD1A1DC3
:1045A800A08AF31D510000000001000000004040F7
:1045B800EB01000066664640EC010000CDCC4C40A3
:1045C800EE01000033335340EF0100009A9959403F
:1045D800F001000000006040F801000066666640D7
:1045E80004020000CDCC6C400D0200003333734050
:1045F800160200009A9979401F02000000008040CE
:10460800270200003333834030020000666686408C
:1046180037020000F80D002000000000C43703082E
:10462800E4370308A4370308000000000000000076
:104638000000000000000000000000000000000072
:104648000000000000000000000000000000000062
:104658000000000000000000000000000000000052
:104668000000000000000000000000000000000042
:1046780000000000000000004300000000000000EF
:104688000000000000000000000000000000000022
:1046980000000000000000004300000000000000CF
:1046A8000000000000000000000000000000000002
:1046B80000000000000000004300000000000000AF
:1046C80000000000000000000000000000000000E2
:1046D800000000000000000043000000000000008F
:1046E80000000000000000000000000000000000C2
:1046F800000000000000000043000000000000006F
:1047080000000000000000000000000000000000A1
:10471800000000000000000043000000000000004E
:104728000000000000000000000000000000000081
:10473800000000000000000043000000000000002E
:104748000000000000000000000000000000000061
:10475800000000000000000001F40208A9E90208B6
:10476800000000001E340308D7350308600A030858
:10477800600A0308600A0308600A0308600A03085D
:10478800600A0308600A0308600A0308600A03084D
:10479800FFFFFFFFFFFFFFFFFFFFFFFFFFFF00001F
:1047A8000100415343494900000000000000000097
:1047B80000000000000000000000000000000000F1
:1047C8000000415343494900000000000000000078
:1047D80000000000000000000000000000000000D1
:1047E80000000000340203084802030850020308CE
:1047F8005C02030868020308700203082403030824
:084808002C030308000000006E
:040000050800784532
:00000001FF
