:020000040800F2
:1000000000FC0020FD270008A10800082D090008B9
:100010002F0900083109000833090008000000001A
:10002000000000000000000000000000350900088A
:100030003709000800000000390900083B090008E2
:100040004D2800084D2800086D0900084D280008BB
:100050004D2800084D2800084D2800084D280008AC
:100060004D2800084D2800084D2800084D2800089C
:100070004D2800084D2800084D2800084D2800088C
:100080004D2800084D2800084D2800084D2800087C
:10009000000000004D2800084D2800084D280008E9
:1000A0004D2800084D2800084D2800084D2800085C
:1000B0004D2800084D2800084D2800084D2800084C
:1000C0004D2800084D2800084D2800084D2800083C
:1000D0004D2800087D0900084D2800084D2800081B
:1000E0004D2800084D2800084D0900084D2800083B
:1000F0004D28000800000000000000004D28000806
:100100004D2800084D2800085D0900084D2800080A
:100110004D2800084D2800084D2800084D280008EB
:100120004D2800084D2800084D2800084D280008DB
:100130004D2800084D28000810B5054C237833B928
:10014000044B13B10448AFF300800123237010BDAA
:1001500068600020000000008428000808B5034BF8
:100160001BB103490348AFF3008008BD0000000045
:100170006C6000208428000870B50D4D0D4C641B88
:10018000A4100026A64209D10B4D0C4C02F07AFBBC
:10019000641BA4100026A64205D170BD55F8043B8F
:1001A00098470136EEE755F8043B98470136F2E7E9
:1001B000482C0008482C0008482C00084C2C00084B
:1001C00002440346934200D1704703F8011BF9E74C
:1001D00030B593B0002102913C2203A8FFF7F0FF55
:1001E00001226349634802F051FA002863D0624853
:1001F00000F024FA5FE0002418E001255F4B0022A4
:100200001A705F4B1B78012B30D0002D33D15B4B24
:100210001B78002BF5D0631C9BB212AA1444544ADD
:10022000127804F8402C3F2BE5D81C46631E12AA16
:10023000134413F8403C0D2B01D00A2BDED1514A58
:100240006B4692E8030083E8030003224E4902A8AC
:100250003BF04AF90028D0D003224C4902A83BF0D9
:1002600043F908B90125C9E70024C7E72FF086FD47
:100270001FF0A4FFC9E7013C12AB1C44002304F8A3
:10028000403C434902A802F0E3FA48B1414902A8C0
:1002900002F0DEFA20B1404902A802F0D9FA68B9AA
:1002A0003E4800F0CBF93E4800F0C8F9402200215A
:1002B00002A8FFF785FF00252C46A8E7394902A8C8
:1002C00002F0C6FAE8B1384902A802F0C1FA28B330
:1002D000364902A802F0BCFA48B3354902A802F038
:1002E000B7FA002830D0334902A802F0B1FA78B347
:1002F000314902A802F0ACFA002834D11FF016FBF5
:10030000D4E72E4B01221A704FF001312C4800F037
:100310004DFA184801F010F913B030BD294800F02B
:100320008DF900F09FFA284800F088F9BEE7BFF386
:100330004F8F2649CA6802F4E062254B1343CB6015
:10034000BFF34F8F00BFFDE7224800F077F9ADE71C
:10035000214800F073F900F0A1FF0123084A13704F
:100360001E4A1370A2E71E4800F068F99EE700BF1E
:1003700086600020D4600020B82800088860002033
:1003800084600020A0280008B0280008B4280008D5
:10039000D4280008E0280008EC28000800500008D5
:1003A000882A0008FC2800080829000854290008A9
:1003B000602900087C29000898290008876000202F
:1003C00004400008102900082429000800ED00E07E
:1003D0000400FA05702900088829000885600020BB
:1003E000A029000808B5064B1B7813B1012B03D0D8
:1003F00008BDFFF7EDFEFBE700F00AFAF8E700BFE3
:100400008760002010B59AB04822002108A8FFF7A5
:10041000D7FE002402940394049405940694079450
:1004200028F010F84FF0B042D2F8903023F01803C3
:10043000C2F8903002F58062136823F4C06343F47D
:1004400000731360136803F4C0630193019B2E23B0
:10045000089381230B93012310934FF480720C9225
:10046000119440220D92B022129213940F940E9385
:1004700008A825F099FC70B94F2302930023039339
:100480000493059306930793022102A825F02EFFFB
:1004900018B91AB010BD21F0EBF821F0E9F800000E
:1004A00008B5234B5B68B3F1043F20D1214B4FF0DB
:1004B00000629A60204B01221A70204B00221A70B1
:1004C00000F064FA1A4B1B68B3F15A3F16D0184B70
:1004D0001B68B3F15A3F22D1194800F0AFF8144B12
:1004E0005B68B3F1043F20D0FFF77CFFFCE700F02E
:1004F000C9FD25F08DF9FFF785FFE1E7114B1A687B
:10050000114B1340B3F1005FE1D1094B5B68B3F1CC
:10051000013FDCD000F02EF900F036F9D7E74FF0BC
:100520005A31034800F042F9D6E700F019FEDBE744
:100530000040000800ED00E084600020876000209B
:10054000B4290008006000080000FE2F10B58446A2
:100550000378302B03D000242046234654E0437810
:10056000782B35D0582B36D00024204623464BE03C
:100570002401A3F1300E5FFA8EFEBEF1090F21D8DF
:10058000303B1C4401300A2815D81CF8003093B1C8
:10059000A3F14102D2B2052AEAD9A3F1610E5FFAB2
:1005A0008EFEBEF1050FE3D9A3F1300E5FFA8EFE89
:1005B000BEF1090FDCD91CF80030002B3BD10C60D8
:1005C000012010BD052A01D8373BDAE7573BD8E7B1
:1005D00000240220D7E700240220D4E76B2A1ED093
:1005E0004B2A1CD06D2A20D04D2A1ED0A2F1300EED
:1005F0005FFA8EFEBEF1090FE3D804EB840402EB30
:100600004402A2F1300401330A2BDAD80028D8D1F1
:100610001CF80320002AE1D10C600120F3E7002B35
:10062000E0D0A4020C600120EDE7002BDED0240511
:100630000C600120E7E70020C3E7000008B5014691
:10064000002201E0013292B28B5C002BFAD16423CC
:10065000014801F014FE08BDD460002000B583B04D
:100660008DF80700094BD3F88430A02B09D0642300
:1006700001220DF10701054801F001FE03B05DF80C
:1006800004FB024B2022C3F88420F0E7D460002052
:100690000FB400B5ADF5037D84AB53F8042B019383
:1006A0004FF4007102A824F05FFD02A81DF0A8FC21
:1006B000642382B202A9044801F0E1FD0DF5037D37
:1006C0005DF804EB04B07047D460002000F178407E
:1006D000C00A704710B584B004460023039328F085
:1006E0008BFA0E4B4FF400421A612046FFF7EEFFE3
:1006F000C4F1006303F5E833DB0A022200920190A3
:10070000029303A9684628F08BFC28B9002428F03E
:1007100085FA204604B010BD0124F8E700400058D7
:10072000F0B583B005460C46174628F065FA00265A
:1007300002E0083508340236BE4215D26B46206806
:10074000616803C3DDE900232946012028F0D2FABD
:100750000028F0D128686A680099019B9A4208BF76
:100760008842E6D0032400E0002428F057FA20460F
:1007700003B0F0BD08B5034800F09DFE24F0FCFF77
:1007800008BD00BFD460002008B5054A536805497C
:100790000B6005490B60126882F30888984708BD12
:1007A000006000088C6000209060002070B588B068
:1007B00004460D4600230793134ED6E90023CDE9E6
:1007C000042328F019FA114B4FF400421A61304605
:1007D000FFF77CFF0223019302900123039307A9F3
:1007E00001A828F01DFC50B9B4420AD00595DDE9F6
:1007F00004230549012028F07DFA28F00FFA08B0FB
:1008000070BD0495F3E700BF0040000800400058A9
:1008100000B583B00023019301A800F035FA10B1B0
:1008200003B05DF804FB4FF05A310A48FFF7BEFFF2
:100830004FF002310848FFF7B9FF084B1A68084B20
:100840001340B3F1005FEBD1FFF794FFFFF79CFF7C
:10085000E6E700BF00400008044000080060000810
:100860000000FE2F08B54FF05A310A48FFF79EFFEF
:10087000094B1A68094B1340B3F1005F00D008BD63
:10088000044B5B68B3F1013FF9D0FFF773FFFFF74B
:100890007BFFF4E700400008006000080000FE2F26
:1008A0004FF0B0439A6B4FF0FF319963DA6BD96325
:1008B0009A6B00229A63D86BDA63186C1964186C0F
:1008C0001A64586C5964586C5A64986A9962986AA8
:1008D0009A62D86AD962D86ADA62186B1963196B9E
:1008E0001A635A6C42F001025A645A6C22F00102F7
:1008F0005A64D3F8902042F48032C3F89020D3F8A1
:10090000902022F48032C3F89020BFF34F8F054926
:10091000CA6802F4E062044B1343CB60BFF34F8F0D
:1009200000BFFDE700ED00E00400FA0570477047E6
:100930007047FEE770477047704708B524F07EFFA8
:1009400024F088FF00F078FA08BD000008B50248DE
:1009500026F06AFB08BD00BFD844002008B5024855
:1009600028F047FE08BD00BFD002002008B50248AD
:1009700027F094FB08BD00BFD844002008B502480A
:1009800000F058FE08BD00BFD460002008B517482D
:10099000174B03604FF4E133436000238360C3606F
:1009A00003610C2242618361C3610362436283621B
:1009B00001F0A4FD70B900210C4801F0D5FE60B92A
:1009C00000210A4801F0F5FE50B9084801F0ADFEDB
:1009D00048B908BD20F04CFEEDE720F049FEEFE7F6
:1009E00020F046FEF1E720F043FEF2E7D46000205D
:1009F0000044004008B5074B1B78012B03D1064B80
:100A000001221A7008BD01220449054801F03EFE8A
:100A1000F5E700BF87600020886000208660002026
:100A2000D460002010B596B00446002111911291B7
:100A3000139114911591382203A8FFF7C1FB226886
:100A40001E4B9A4201D016B010BD022303934FF4FF
:100A50004023059303A825F091FE58BB4FF0B04307
:100A60009A6D42F400329A659A6D02F40032029255
:100A7000029ADA6C42F00102DA64DB6C03F00103E3
:100A80000193019B0C2311930223129301231393CF
:100A9000002414940723159311A94FF0904028F0D7
:100AA0005BFE22462146252022F0B8F9252022F0BF
:100AB000E7F9C8E720F0DCFDD0E700BF00440040C4
:100AC00008B50268094B9A4200D008BD4FF0B04209
:100AD000936D23F4003393650C214FF0904028F080
:100AE000EDFE252022F0DAF9EFE700BF00440040D8
:100AF000BFF34F8F0549CA6802F4E062044B134309
:100B0000CB60BFF34F8F00BFFDE700BF00ED00E0FB
:100B10000400FA0541F4807106E080F4815080F011
:100B2000010011F4803F09D14000490011F4807F99
:100B300000D0013010F4803FF3D0EEE780B2704770
:100B400038B504464518002004E014F8011B80B2B3
:100B5000FFF7E0FFAC42F8D3002180B2FFF7DAFFE5
:100B60000021FFF7D7FF38BD2DE9F04182B00646DE
:100B70000C46154600230B60134601220DF10701B8
:100B8000404801F0EBFB8046002872D19DF8071029
:100B9000182919D84BB2002B48D0013917290FD882
:100BA000DFE801F048310E0C0E0E0E0E0E0E0E0E8A
:100BB0000E0E0E0E0E0E0E0E0E0E0E3400270AE056
:100BC0004FF00108002706E0412935D0612937D1CF
:100BD0004FF0020800279DF8073033707F2F49D966
:100BE0002B463A1DB11C274801F0B8FB804600286F
:100BF00045D1B278F378DB43DBB29A422AD04FF08A
:100C00000108002736E04FF48067E4E72B46012215
:100C10000DF107011B4801F0A1FBA8B99DF80730B1
:100C2000182B15D04FF001080027D4E74FF001082A
:100C30000027D0E78027CEE74FF002080027CAE759
:100C40004FF001080027C6E74FF001080027C2E770
:100C50000227C0E7F3191A795D7905EB02253946B9
:100C6000301DFFF76DFFA84204D04FF001080027A8
:100C700000E000272760404602B0BDE8F081002771
:100C8000F8E700BFD46000202DE9F04F89B0019053
:100C90004FF000084646DFF888B1C1464546C246D7
:100CA000BAF1000F40F0B880002E40F0B5805D4BE7
:100CB00000221A70574685E0079D3DB1022D0AD1EA
:100CC0000620FFF7CBFC3D4602267BE00620FFF71F
:100CD000C5FC012776E0544B9A78524B1B789A4218
:100CE0000BD1002B53D1504B1B79CBB90620FFF70A
:100CF000B5FC3D460127BA4664E01520FFF7AEFC7F
:100D00003D465FE00133494881540132197809B109
:100D10003F2AF7D945490020885401333A4608E074
:100D20003A46434BF2E7013308A8104400F8181C78
:100D300001321978202901D00F2AF4D908AB1A44BE
:100D4000002302F8183C06A902A8FFF7FFFB069A49
:100D5000384B9A4213D83248FFF7BCFC069B019AE5
:100D600013600620FFF77AFC4320FFF777FC2D4A3B
:100D70001378013313703D464FF0010922E018202B
:100D8000FFF76CFC1820FFF769FC0526E3E7AA08CB
:100D900027495846FFF7C4FC28B9079B9B44062007
:100DA000FFF75CFCE3E71820FFF758FC1820FFF77B
:100DB00055FC0426DBE71820FFF750FC1820FFF74E
:100DC0004DFC2646002F7FF46BAF002E7FF468AFFA
:100DD0004FF4FA7207A91448FFF7C6FE044600282C
:100DE0003FF46AAF0228E6D0B9F1000F00D0013518
:100DF000052D07D91820FFF731FC1820FFF72EFC2E
:100E00000226DFE74320FFF729FC08F10108B8F1CB
:100E10003B0FD7D9FFF76CFE304609B0BDE8F08F25
:100E2000006000086A650020646100209460002072
:100E3000686100200110030008B50A4BA3FB0023E2
:100E40001B0B43F6982202FB130343B9064B1B7896
:100E50002BB1064A1278934202D0044A137008BD9F
:100E6000FFF746FE73B2E7456A6500206B65002018
:100E7000BFF34F8F0549CA6802F4E062044B134385
:100E8000CB60BFF34F8F00BFFDE700BF00ED00E078
:100E90000400FA0570477047704770477047704705
:100EA000704770477047704770477047014B012289
:100EB0001A707047E4020020F8B505460F4600247A
:100EC00016E05B6993B1384698470FE09B696BB1B8
:100ED000384698470AE0DB690BB138469847104B13
:100EE00053F826301B6A0BB138469847013464B278
:100EF000032C13DC26460A4B53F82430002BF5D084
:100F0000032DF3D801A252F825F000BFC30E00084C
:100F1000CD0E0008D70E0008DF0E0008F8BD00BF98
:100F2000D003002008B501460320FFF7C5FF08BD28
:100F300008B501460020FFF7BFFF08BDF8B504461D
:100F40000E4615461F460A4601460748FFF7A0FB16
:100F500005FB06F205FB04F10448FFF799FB39464F
:100F60000348FFF795FBF8BDC4290008E8290008ED
:100F7000082A000808B50848FFF78AFB074B01223A
:100F80001A704FF002310648FFF710FC0548FFF7D2
:100F90007FFBFFF76DFF00BF2C2A00085E66002074
:100FA000044000083C2A000808B513460A461946C2
:100FB00000F1006000F5C04020F010FA002008BDEC
:100FC00008B513460A46194600F1006000F5C04016
:100FD00020F0AEFA002008BD38B50446144823F0CE
:100FE00055FF38B92378012B11D021460220FFF795
:100FF00063FF38BD0E4D284623F0B8FF44F620614C
:10100000284624F055F8284624F000F8EAE76378EB
:1010100033B9084B01221A700748FFF739FBE4E7A0
:10102000044B00221A700548FFF732FBDDE700BFD2
:101030007866002074660020482A0008582A0008B4
:1010400038B504460D4823F021FF50B9237F1BB16A
:101050000B4B5B6B03B1984721460120FFF72CFF38
:1010600038BD064D284623F081FF44F6206128460E
:1010700024F01EF8284623F0C9FFE7E77866002031
:101080000060002008B50648064A121A06493AF0E0
:101090003BFA0648064A121A0021FFF791F808BDEC
:1010A00000000020D002002010C00308D002002061
:1010B000985E002008B5124B43F82010114A4A628E
:1010C00053F820201049916253F820200F49D16233
:1010D00053F820300E4A1A63032808D0084B53F8FF
:1010E00020305B68F2220B490020984708BD044B72
:1010F00053F820305B68F222064907489847F5E725
:10110000D0030020990E00089B0E00089D0E0008D9
:10111000210002086C6500203860002010B51FF027
:1011200099F9044601201FF08FF821460120FFF7AE
:10113000C1FF1FF03FFC044602201FF085F8214646
:101140000220FFF7B7FF1FF059FE044603201FF0EF
:101150007BF821460320FFF7ADFF002010BD000003
:1011600038B5164916482FF00DFD1EF0FEFB154C44
:10117000207020F075FF003818BF0120607020F04B
:1011800039FFA07020F090FFE0700125257121F05B
:10119000BFFA003818BF01206071F223A3710A4B17
:1011A000A360214609481EF0EBFEFFF7B7FF084891
:1011B0001FF016FF074B1D7038BD00BF48600020B0
:1011C00058600020646600206C65002000600020EC
:1011D000386000205F66002010B51DF09EFE1EF0F6
:1011E0009BFB20F0ADFD10F0FF0435D0142C37D060
:1011F000152C39D0162C3BD01EF0B7FBC2B22149BA
:1012000021482DF0FBFBB8BB1EF0AFFB1F4C20703C
:1012100020F026FF003818BF0120607020F0EAFEA1
:10122000A07020F041FFE0700123237121F070FADB
:10123000003818BF01206071F223A371144BA36022
:10124000214614481EF09CFEFFF768FF1EF098FB35
:101250002DF0B0FD002010BD012031F0A1FFC5E749
:10126000022031F09DFFC3E7032031F099FFC1E771
:10127000042031F095FFBFE70748FFF7DFF94FF093
:10128000FF30E8E7486000205860002064660020D6
:101290006C650020006000206C2A000810B584B046
:1012A0004FF0B0439A6C42F004029A649A6C02F0D8
:1012B00004020392039A9A6C42F001029A649B6CB6
:1012C00003F001030293029B002211460B2021F040
:1012D000A5FD0B2021F0D4FD23F0A8FDFFF77CFF36
:1012E0001EF024FB094C00230093094B01224FF010
:1012F000FF31204623F0AAFD44F62061204623F06A
:10130000D7FE204623F082FE04B010BD7866002090
:101310002114000800B583B0012813D0022823D07F
:10132000154B00221A70154B1B78D3B91448FFF7E0
:10133000AFF91448FFF7ACF9FFF7B0FF124B0122E9
:101340001A700EE000218DF800108DF80110019147
:1013500068461EF015FC084B01221A700B48FFF777
:1013600097F903B05DF804FB034B01221A7008489B
:10137000FFF78EF9F5E700BF5F6600205E6600208C
:101380008C2A00089C2A000885600020AC2A0008EE
:10139000C02A000800B583B01EF0FCFD30B9184A21
:1013A0001378DBB200211170012B02D003B05DF87D
:1013B00004FB144B1B78002BF8D1134B1B78CBB9D3
:1013C000124B1B7813B91FF049F8EFE7FF210020FB
:1013D0002BF016FB0E4B18700E48FFF72FF90E4A34
:1013E0006B4692E8030083E80300002118461EF0D4
:1013F000C7FBDBE70948FFF721F9FFF739FD00BF1D
:10140000606600205F6600205E660020E402002027
:101410006C650020D42A0008A8280008E82A0008E3
:1014200008B52CF003FF88B9094B1B784BB1094B69
:1014300001221A70084B1B78934207D1FFF7AAFFCD
:1014400004E00648FFF7FAF81EF070FA08BD00BF86
:10145000746600206066002085600020082B00086C
:10146000026852E8003F23F4907342E800310029FB
:10147000F6D1026802F1080353E8003F23F08053DD
:1014800023F00103083242E800310029F1D1C36E94
:10149000012B06D02023C0F888300023C3660367E1
:1014A0007047026852E8003F23F0100342E8003121
:1014B0000029F6D1EEE7E8B138B505462423C0F897
:1014C00084300268136823F001031360036800246A
:1014D0001C6003685C6003689C60FFF7F1FAC5F864
:1014E0008C40C5F88440C5F88840EC6685F880409B
:1014F000204638BD01207047704708B5026852E8A1
:10150000003F23F0400342E800310029F6D12023B8
:10151000C0F8843000234367FFF7EEFF08BD704733
:1015200008B5806A0023A0F85E30A0F85630FFF7B7
:10153000F6FF08BD7047000010B50446226852E867
:10154000003F23F4907342E800310029F6D122686D
:1015500002F1080353E8003F23F0805323F0010316
:10156000083242E800310029F1D1E36E012B1CD092
:1015700023689A6812F0400F35D0226802F1080300
:1015800053E8003F23F04003083242E800310029CD
:10159000F3D1E36F9BB11B4A9A63E06F2BF0A0F885
:1015A00070B3E06F836B98472AE0226852E8003FEF
:1015B00023F0100342E800310029F6D1D8E70023D8
:1015C000A4F85E30A36522680F21116221688A6940
:1015D00042F008028A612022C4F88820E36620468F
:1015E000FFF7A8FF0CE00022A4F85E20A2650F21FF
:1015F00019622023C4F88830E2662046FFF79AFF7C
:10160000002010BD0916000808B5806A0022A0F865
:101610005E2003680F21196201688B6943F008039B
:101620008B612023C0F88830C266FFF783FF08BDB6
:101630007047000070B504460168CB6908688D6882
:1016400040F60F021A4008D113F0200F05D010F019
:10165000200F34D115F0805F31D12AB1954A2A404C
:1016600033D1954E304230D1E26E012A00F0C38072
:1016700013F4801F03D015F4800F40F05B8113F04A
:10168000800F07D010F0800F40F05B8115F4000F41
:1016900040F0578113F0400F03D010F0400F40F09E
:1016A000578113F4000F03D010F0804F40F05481A5
:1016B00013F0807F02D00028C0F2528170BD236FEA
:1016C000002BFBD020469847F8E713F0010F09D014
:1016D00010F4807F06D001260E62D4F88C103143BE
:1016E000C4F88C1013F0020F0BD015F0010F08D0C6
:1016F000216802260E62D4F88C1041F00401C4F86F
:101700008C1013F0040F0BD015F0010F08D02168D6
:1017100004260E62D4F88C1041F00201C4F88C103B
:1017200013F0080F0BD010F0200F00D13AB122684F
:1017300008211162D4F88C200A43C4F88C2013F4D9
:10174000006F0CD010F0806F09D022684FF4006158
:101750001162D4F88C2042F02002C4F88C20D4F816
:101760008C20002AAAD013F0200F09D010F0200FEF
:1017700002D115F0805F03D0236F0BB1204698474C
:10178000D4F88C2023689B6813F0400F02D112F02C
:10179000280F29D02046FFF763FE23689B6813F0CB
:1017A000400F1DD0226802F1080353E8003F23F0E8
:1017B0004003083242E800310029F3D1E36F5BB106
:1017C0003E4A9A63E06F2AF08BFF00283FF476AF21
:1017D000E06F836B984771E72046FFF7A0FE6DE747
:1017E0002046FFF79CFE69E72046FFF798FE00239E
:1017F000C4F88C3062E713F0100F3FF439AF10F0EB
:10180000100F3FF435AF10230B6223689B6813F071
:10181000400F55D0E26F13685B689BB2002B3FF41A
:101820004DAFB4F85C1099427FF648AFA4F85E3033
:1018300013681B6813F0200F31D1226852E8003F73
:1018400023F4807342E800310029F6D1226802F1C6
:10185000080353E8003F23F00103083242E8003157
:101860000029F3D1226802F1080353E8003F23F076
:101870004003083242E800310029F3D12023C4F8A4
:1018800088300023E366226852E8003F23F010030B
:1018900042E800310029F6D1E06F2AF0EBFEB4F8FF
:1018A0005C10B4F85E309BB2C91A89B22046FFF7CB
:1018B000BFFE03E70100001020010004211500080D
:1018C000B4F85C10B4F85E309BB2C91A89B2B4F8AF
:1018D0005E309BB2002B3FF4F1AE00293FF4EEAE38
:1018E000226852E8003F23F4907342E80030002859
:1018F000F6D1226802F1080353E8003F23F0805339
:1019000023F00103083242E800300028F1D12023FF
:10191000C4F888300023E3662367226852E8003F5A
:1019200023F0100342E800300028F6D12046FFF7EC
:101930007FFEC3E64FF480130B62204600F0F2FEF8
:10194000BCE6636F002B3FF4B9AE20469847B5E67E
:101950002046FFF7D2FDB1E6204600F0E5FEADE6F9
:10196000204600F0E0FEA9E608B5B0F86030D0F8F7
:101970008820222A05D00268936943F00803936106
:1019800008BD0268516ADBB2826D0B401370836D33
:1019900001338365B0F85E309BB2013B9BB2A0F887
:1019A0005E30B0F85E309BB2002BE9D1026852E89D
:1019B000003F23F4907342E800310029F6D1026819
:1019C00002F1080353E8003F23F00103083242E824
:1019D00000310029F3D12023C0F8883000230367A9
:1019E000C36E012B16D10023C366026852E8003F84
:1019F00023F0100342E800310029F6D10368DA69C8
:101A000012F0100F01D010221A62B0F85C10FFF72C
:101A10000FFEB5E7FEF7EEFFB2E708B5B0F86020BD
:101A2000D0F88830222B05D00268936943F0080370
:101A3000936108BD03685B6A816D13400B80836D01
:101A400002338365B0F85E309BB2013B9BB2A0F8D5
:101A50005E30B0F85E309BB2002BEAD1026852E8EB
:101A6000003F23F4907342E800310029F6D1026868
:101A700002F1080353E8003F23F00103083242E873
:101A800000310029F3D12023C0F8883000230367F8
:101A9000C36E012B16D10023C366026852E8003FD3
:101AA00023F0100342E800310029F6D10368DA6917
:101AB00012F0100F01D010221A62B0F85C10FFF77C
:101AC000B7FDB6E7FEF796FFB3E700002DE9F84350
:101AD000B0F860600368DD69D3F80090D3F808803F
:101AE000D0F88820222A05D09A6942F008029A612B
:101AF000BDE8F8830446B0F8687008E0D4F88C308C
:101B0000002B4CD1B4F85E309BB2002B4ED0002F8E
:101B100000F0878015F0200F00F083802368596A59
:101B2000F3B2A26D0B401370A36D0133A365B4F83B
:101B30005E309BB2013B9BB2A4F85E302368DD6946
:101B400015F0070FDED015F0010F09D019F4807FD2
:101B500006D001221A62D4F88C301343C4F88C30BA
:101B600015F0020F0BD018F0010F08D023680222E5
:101B70001A62D4F88C3043F00403C4F88C3015F0AA
:101B8000040FBBD018F0010FB8D0236804221A62EA
:101B9000D4F88C3043F00203C4F88C30AEE7204612
:101BA000FFF7BDFC0023C4F88C30ABE7226852E895
:101BB000003F23F4807342E800310029F6D1226807
:101BC00002F1080353E8003F23F0805323F00103A0
:101BD000083242E800310029F1D12023C4F88830CE
:101BE00000232367E36E012B03D02046FEF702FF9C
:101BF0008DE70023E366226852E8003F23F01003DC
:101C000042E800310029F6D12368DA6912F0100F9A
:101C100001D010221A62B4F85C102046FFF708FDCC
:101C200075E7B4F85E309BB2002B3FF461AFB4F8B7
:101C300068209A427FF65CAF226802F1080353E8FD
:101C4000003F23F08053083242E800310029F3D1ED
:101C5000054B2367226852E8003F43F0200342E827
:101C600000310029F6D143E7691900082DE9F8434E
:101C7000B0F860600368DD69D3F80090D3F808809D
:101C8000D0F88820222A05D09A6942F008029A6189
:101C9000BDE8F8830446B0F8687008E0D4F88C30EA
:101CA000002B4BD1B4F85E309BB2002B4DD0002FEF
:101CB00000F0868015F0200F00F0828023685B6AB8
:101CC000A26D33401380A36D0233A365B4F85E3078
:101CD0009BB2013B9BB2A4F85E302368DD6915F02E
:101CE000070FDFD015F0010F09D019F4807F06D05F
:101CF00001221A62D4F88C301343C4F88C3015F0EA
:101D0000020F0BD018F0010F08D0236802221A62CC
:101D1000D4F88C3043F00403C4F88C3015F0040F71
:101D2000BCD018F0010FB9D0236804221A62D4F88D
:101D30008C3043F00203C4F88C30AFE72046FFF745
:101D4000EEFB0023C4F88C30ACE7226852E8003F79
:101D500023F4807342E800310029F6D1226802F1B1
:101D6000080353E8003F23F0805323F001030832B7
:101D700042E800310029F1D12023C4F88830002343
:101D80002367E36E012B03D02046FEF733FE8EE778
:101D90000023E366226852E8003F23F0100342E884
:101DA00000310029F6D12368DA6912F0100F01D052
:101DB00010221A62B4F85C102046FFF739FC76E76F
:101DC000B4F85E309BB2002B3FF462AFB4F86820E9
:101DD0009A427FF65DAF226802F1080353E8003FA4
:101DE00023F08053083242E800310029F3D1064B3A
:101DF0002367226852E8003F43F0200342E80031A5
:101E00000029F6D144E700BF1B1A000870B504464C
:101E1000016883680269134342691343C26913432B
:101E200008689D4A024013430B602268536823F4FC
:101E30004053E1680B435360A1692268974B9A4273
:101E400001D0236A1943936823F06E4323F430636F
:101E50000B4393602268D36A23F00F03616A0B433C
:101E6000D36223688E4A93421CD08E4A934231D06B
:101E70008A4A93424BD0102288498B4268D0E0694D
:101E8000B0F5004F00F0A580082A00F21F81DFE8BE
:101E900012F0D300F500D1001D01F8001D011D0155
:101EA0001D01FB004FF0B042D2F8882002F003027F
:101EB00042F44032A2F54032032A09D8DFE802F0AA
:101EC00002043C060122D7E70422D5E70822D3E723
:101ED0001022D1E74FF0B042D2F8882002F00C0275
:101EE00042F44022A2F540220C2A0ED8DFE802F08C
:101EF000070D0D0D090D0D0D260D0D0D0B0000220A
:101F0000BAE70422B8E70822B6E71022B4E74FF098
:101F1000B042D2F8882002F44062B2F5006F0FD0D0
:101F200005D87AB1B2F5806F0ED10422A4E7B2F5DC
:101F3000406F0BD108229FE702229DE702229BE718
:101F4000022299E7002297E7102295E7102293E7F3
:101F5000082A00F29C80DFE802F0089A3A9A379A41
:101F60009A9A05004FF4004004E024F0AFFA0028EC
:101F700000F08F80626A4C4B33F81220B0FBF2F312
:101F8000656805EB4501994200F29480B3EB053F8B
:101F900000F292800026334631461CF079FC09029B
:101FA00041EA106100026B08C0182A46334641F12D
:101FB00000011CF06DFCA0F540723C4B9A427DD8AC
:101FC0002368D860304650E023F070FECFE73848F1
:101FD000D0E7082A74D8DFE802F0072705732A73D0
:101FE00073730B00324803E024F070FA002869D0C4
:101FF000626A2D4B33F81230B0FBF3F0626853087D
:1020000003EB4000B0FBF2F080B2A0F110024FF6FB
:10201000EF739A4258D820F00F03C0F342001843E0
:102020002368D860002020E024F060FADEE723F087
:102030003DFEDBE71E4803E024F048FA002847D0C5
:10204000626A194B33F81230B0FBF3F0636800EBAF
:102050005300B0FBF3F080B2A0F110024FF6EF7323
:102060009A4237D82368D86000200123A4F86A3048
:10207000A4F8683000232367636770BD24F036FA44
:10208000DCE723F013FED9E74FF40040D8E7012046
:10209000EBE70020E9E700BFF369FFCF00800040D5
:1020A0000038014000440040182B0008FFFC0F00DE
:1020B0000024F4000120D8E70120D6E70120D4E76E
:1020C0000120D2E70020D0E70120CEE70120CCE7B5
:1020D0000020CAE70120C8E7836A13F0010F06D089
:1020E0000268536823F40033C16A0B435360836A68
:1020F00013F0020F06D00268536823F48033016B9B
:102100000B435360836A13F0040F06D002685368D0
:1021100023F48023416B0B435360836A13F0080F51
:1021200006D00268536823F40043816B0B4353606D
:10213000836A13F0100F06D00268936823F480536B
:10214000C16B0B439360836A13F0200F06D00268C3
:10215000936823F40053016C0B439360836A13F07C
:10216000400F0AD00268536823F48013416C0B437C
:102170005360436CB3F5801F0BD0836A13F0800F5C
:1021800006D00268536823F40023C16C0B435360EC
:1021900070470268536823F4C003816C0B4353609B
:1021A000EBE72DE9F84305460F4616469946DDF85C
:1021B00020802C68E46937EA04030CBF4FF0010C5F
:1021C0004FF0000CB44557D1B8F1FF3FF1D023F0E8
:1021D00041FBA0EB090040452FD8B8F1000F2CD0EF
:1021E0002B681A6812F0040FE3D0DA6912F4006F5A
:1021F000DFD04FF400621A622A6852E8003F23F4ED
:10220000D07342E800310029F6D12A6802F10803B0
:1022100053E8003F23F00103083242E8003100296F
:10222000F3D12023C5F88430C5F88830C5F88C3048
:10223000002385F8803003201FE02A6852E8003F21
:1022400023F4D07342E800310029F6D12A6802F164
:10225000080353E8003F23F00103083242E800314D
:102260000029F3D12023C5F88430C5F88830002335
:1022700085F88030032000E00020BDE8F8832DE9D8
:10228000F04182B01E46D0F88430202B58D104464D
:102290000D469046002957D0002A57D090F880303C
:1022A000012B55D0012380F880300023C0F88C30FA
:1022B0002123C0F8843023F0CDFA0746A4F85480D7
:1022C000A4F85680A368B3F5805F05D04FF00008EE
:1022D000002384F8803014E0236913B14FF0000824
:1022E000F6E7A8460025F3E738F8023B2268C3F377
:1022F00008039362B4F8562092B2013A92B2A4F85D
:102300005620B4F856309BB273B100963B4600227B
:1023100080212046FFF745FFE0B9002DE4D015F8F5
:10232000012B23689A62E5E700963B460022402194
:102330002046FFF736FF78B92023C4F8843000E048
:10234000022002B0BDE8F0810120FAE70120F8E7A1
:102350000220F6E70320F4E70320F2E72DE9F0433B
:1023600083B01E46D0F88830202B40F08180044690
:102370000D46904600297FD0002A7FD090F880300B
:10238000012B7DD0012380F880300023C0F88C30F1
:102390002222C0F88820C36623F05CFA0746A4F81E
:1023A0005C80A4F85E80A368B3F5805F06D0A3B913
:1023B000226972B9FF22A4F8602014E0226922B9D0
:1023C00040F2FF12A4F860200DE0FF22A4F8602084
:1023D00009E07F22A4F8602005E0B3F1805F0DD012
:1023E0000022A4F86020B4F86080B3F5805F0FD0BD
:1023F0004FF00009002384F880301EE022691AB9EA
:102400007F22A4F86020EEE73F22A4F86020EAE7EC
:10241000236913B14FF00009ECE7A9460025E9E76D
:1024200023685B6A08EA030329F8023BB4F85E20DC
:1024300092B2013A92B2A4F85E20B4F85E309BB238
:102440008BB100963B46002220212046FFF7A9FED3
:10245000C0B9002DE4D023685A6A5FFA88F31340AC
:1024600005F8013BE2E72023C4F88830002000E0B3
:10247000022003B0BDE8F0830120FAE70120F8E76D
:102480000220F6E70320F4E730B583B004460023CA
:10249000C0F88C3023F0DEF905462268126812F08D
:1024A000080F0FD123681B6813F0040F18D12023E5
:1024B000C4F88430C4F888300020E06684F88000D6
:1024C00003B030BD6FF07E430093034600224FF40B
:1024D00000112046FFF765FE0028E3D00320EFE758
:1024E0006FF07E4300932B4600224FF4800120467C
:1024F000FFF757FE0028DAD00320E1E778B310B5E4
:102500000446D0F884300BB32423C4F88430226806
:10251000136823F0010313602046FFF777FC0128BE
:1025200013D0A36ABBB92268536823F49043536065
:102530002268936823F02A0393602268136843F0AB
:10254000010313602046FFF79FFF10BD80F8803025
:10255000FEF768FAD8E72046FFF7BEFDE3E7012063
:102560007047000010B48165A0F85C20A0F85E20E0
:10257000002303678368B3F5805F06D0A3B90369BE
:1025800073B9FF23A0F8603014E0036923B940F267
:10259000FF13A0F860300DE0FF23A0F8603009E0E1
:1025A0007F23A0F8603005E0B3F1805F2DD00023D9
:1025B000A0F860300023C0F88C302223C0F88830A7
:1025C000016801F1080353E8003F43F001030831BB
:1025D00041E80034002CF3D1436EB3F1005F1ED00C
:1025E0008368B3F5805F43D0244B0367002380F8F2
:1025F0008030026852E8003F43F4907342E80031B3
:102600000029F6D1002010BC704703691BB97F2355
:10261000A0F86030CEE73F23A0F86030CAE7B0F8FA
:1026200068309342DCD88368B3F5805F1AD0144BCE
:102630000367002380F88030026852E8003F43F4CB
:10264000807342E800310029F6D1026802F10803E4
:1026500053E8003F43F08053083242E8003100293C
:10266000F3D1CFE70369002BE1D1064B0367E0E725
:102670000369002BB8D1044B0367B7E76919000859
:10268000CD1A00086D1C00081B1A000838B5D0F8D8
:102690008830202B17D1C1B1CAB10023C3660368AB
:1026A0000C4CA3420CD05B6813F4000F08D00468F4
:1026B00054E8003F43F0806344E80035002DF6D134
:1026C000FFF750FF00E0022038BD0120FCE70120A9
:1026D000FAE700BF00800040436E2BB90123A0F849
:1026E0006A30A0F86830704730B403689A68C2F363
:1026F00042629968490F094D6B5CDB00084C615CD4
:1027000093FBF1F3A0F86A30AB5CDB00A25C93FBB7
:10271000F2F3A0F8683030BC704700BF382B0008D7
:10272000302B000870477047704790F88030012BBD
:1027300018D0012380F880302423C0F88430036847
:102740001A68196821F00101196022F00052002373
:10275000436601680A602022C0F8842080F8803037
:10276000184670470220704738B590F88030012B2A
:102770001DD00446012380F880302423C0F8843023
:1027800003681D681A6822F001021A6002689368E3
:1027900023F0604319439160FFF79EFF23681D609B
:1027A0002023C4F88430002084F8800038BD022043
:1027B000FCE738B590F88030012B1DD0044601238A
:1027C00080F880302423C0F8843003681D681A68BC
:1027D00022F001021A600268936823F060631943D3
:1027E0009160FFF779FF23681D602023C4F88430CF
:1027F000002084F8800038BD0220FCE70D488546A3
:102800001EF048FF0C480D490D4A002302E0D45841
:10281000C4500433C4188C42F9D30A4A0A4C00232A
:1028200001E013600432A242FBD3FDF7A5FCFDF7E3
:1028300037FEFEE700FC00200060002068600020FA
:10284000205000086860002090660020FEE700002D
:1028500030B50B4D044614F8013B5A5D02F00302FB
:10286000012A11F8012BA85C00F0030008BF2033F7
:10287000012808BF2032981A01D1002AEBD130BDBF
:10288000412B0008F8B500BFF8BC08BC9E46704755
:10289000F8B500BFF8BC08BC9E46704700000000B9
:1028A000B0280008B4280008010100006C65002071
:1028B00061742B0041542B0048414C5F55415254E8
:1028C0005F526563656976655F4954206661696C2E
:1028D0000D0A000061742B76657273696F6E0000DB
:1028E00061742B7665723D3F0000000061742B62BD
:1028F0006F6F747665723D3F0000000061742B7548
:10290000706461746500000061742B72756E000064
:1029100053746F7020426F6F74204D6F64650D0AA1
:10292000000000004A756D70206661696C65642E58
:10293000204E6F206C6567616C206170706C6963FC
:102940006174696F6E2064657465637465642E0DCF
:102950000A00000061742B7265736574000000004A
:1029600061742B626F6F747374617475730000000F
:10297000426F6F74204D6F64650D0A0061742B66A1
:10298000756F74610000000046554F544120737408
:102990006172740D0A00000061742B6A6F696E0029
:1029A0004154206E6F7420737570706F72742E0DA9
:1029B0000A0000003C424F4F54204D4F44453E0D0D
:1029C0000A00000052454345495645442020202036
:1029D0003A20253564202F20253564204672616712
:1029E0006D656E74730D0A002020202020202020A9
:1029F000202020202020253564202F20253564200C
:102A000042797465730D0A004C4F535420202020E6
:102A1000202020203A20202020202020253764203C
:102A2000467261676D656E74730D0A004F6E467273
:102A30006167446F6E650D0A000000007265626F89
:102A40006F740D0A0000000066756F7461206A6F74
:102A5000696E65640D0A000066756F7461206A6FA7
:102A6000696E206661696C65640D0A004C6F526185
:102A70004D6163496E697469616C697A6174696FEB
:102A80006E206661696C65640D0A000046554F54FE
:102A9000412054696D656F75740D0A00526574723A
:102AA000792046554F54410D0A0000007377697430
:102AB000636820636C61737320620D0A000000007C
:102AC00073776974636820636C61737320630D0AA4
:102AD0000000000073656E64696E67207061636B4F
:102AE00065740D0A0000000073656E64696E6720EE
:102AF0006672616764617461626C6F636B61757447
:102B0000687265710D0A00007265747279206A6FCF
:102B1000696E0D0A000000000100020004000600BA
:102B200008000A000C001000200040008000000196
:102B3000080402040801010101010103070100006A
:102B4000002020202020202020202828282828207D
:102B50002020202020202020202020202020202075
:102B600020881010101010101010101010101010DD
:102B700010040404040404040404041010101010CD
:102B80001010414141414141010101010101010197
:102B900001010101010101010101010110101010E9
:102BA0001010424242424242020202020202020269
:102BB00002020202020202020202020210101010BD
:102BC00020000000000000000000000000000000E5
:102BD00000000000000000000000000000000000F5
:102BE00000000000000000000000000000000000E5
:102BF00000000000000000000000000000000000D5
:102C000000000000000000000000000000000000C4
:102C100000000000000000000000000000000000B4
:102C200000000000000000000000000000000000A4
:102C30000000000000000000000000000000000094
:102C400000000000000000005D010008000000001E
:102C500039010008000000005D01000800000000CC
:104000005A5A5A5A000000005D01000800000000E2
:105000005255495F424F4F545F302E385F53544DD5
:105010003332574C45354343000000000000000088
:10502000000000000000000000000000970E0008D3
:10503000000000009F0E0008A10E0008A30E00084B
:10504000A50E0008A70E0008A90E000815130008F9
:10505000AB0E0008AD0E0008C10F0008A90F000834
:105060003D0F0008750F0008000000000000000060
:10507000950E0008970E0008310F00084110000837
:10508000D90F0008250F0008310F00084110000853
:1060000000FC0020B96C0008716D0008FD6D0008EF
:10601000696E00086B6E00086D6E000800000000DD
:106020000000000000000000000000006F6E00088B
:10603000716E000800000000736E0008736E0008A7
:10604000456D0008456D0008916E0008456D00081B
:10605000456D0008456D0008E76E0008ED6E00080C
:10606000F36E0008F96E0008FF6E00089D6E0008D0
:10607000A96E0008B56E0008C16E0008456D0008E5
:10608000456D0008456D0008456D0008456D000828
:10609000456D0008456D0008056F0008456D000856
:1060A000456D0008456D0008456D0008456D000808
:1060B000456D0008456D0008456D0008456D0008F8
:1060C000313101083D310108456D0008456D00087A
:1060D000CD6E0008E56E0008996F0008456D000858
:1060E000456D0008456F0008796E0008456D000891
:1060F000456D0008456D0008456D0008456D0008B8
:10610000456D0008456D0008856E0008B16F0008F8
:10611000456D0008456D0008456D0008456D000897
:10612000456D0008456D0008456D0008456D000887
:10613000456D0008456D0008456D0008456D000877
:1061400010B5054C237833B9044B13B10448AFF3B1
:1061500000800123237010BD506D0020000000005E
:10616000D07F010808B5034B1BB103490348AFF3C7
:10617000008008BD00000000546D0020D07F0108A1
:1061800010F8012B11F8013B012A28BF9A42F7D0E1
:10619000D01A7047034613F8012B002AFBD1181AB6
:1061A00001387047000000000000000000000000FF
:1061B00001F0FF01102A2BDB10F0070F08D010F8B8
:1061C000013B013A8B422DD010F0070F42B3F6D1BC
:1061D000F0B441EA012141EA014122F007047FF0D5
:1061E00000070023F0E80256083C85EA010586EA2C
:1061F000010685FA47F5A3FA87F586FA47F6A5FA68
:1062000087F68EB9EED1F0BC01F0FF0102F0070273
:1062100032B110F8013B013A83EA010313B1F8D11E
:106220000020704701387047002D06BF35460338FF
:10623000073815F0010F07D1013015F4807F02BF38
:10624000013015F4C03F0130F0BC0138704700BF89
:1062500070B54FF0FF0C4CF4E06C1CEA11541DBFFC
:106260001CEA135594EA0C0F95EA0C0F00F0DEF8C7
:106270002C4481EA030621EA4C5123EA4C5350EAAC
:10628000013518BF52EA033541F4801143F48013FD
:1062900038D0A0FB02CE4FF00005E1FB02E506F08E
:1062A0000042E0FB03E54FF00006E1FB03569CF0E3
:1062B000000F18BF4EF0010EA4F1FF04B6F5007FE9
:1062C00064F5407404D25FEA4E0E6D4146EB06065B
:1062D00042EAC62141EA55514FEAC52040EA5E50E4
:1062E0004FEACE2EB4F1FD0C88BFBCF5E06F1ED88E
:1062F000BEF1004F08BF5FEA500E50F1000041EBC5
:10630000045170BD06F0004646EA010140EA020071
:1063100081EA0301B4EB5C04C2BFD4EB0C0541EA93
:10632000045170BD41F480114FF0000E013C00F3A8
:10633000AB8014F1360FDEBF002001F0004170BDCC
:10634000C4F10004203C35DA0C341BDC04F11404E5
:10635000C4F1200500FA05F320FA04F001FA05F271
:1063600040EA020001F0004221F0004110EBD3703E
:1063700021FA04F642EB06015EEA430E08BF20EA6A
:10638000D37070BDC4F10C04C4F1200500FA04F30D
:1063900020FA05F001FA04F240EA020001F000419F
:1063A00010EBD37041F100015EEA430E08BF20EA12
:1063B000D37070BDC4F1200500FA05F24EEA020E5A
:1063C00020FA04F301FA05F243EA020321FA04F089
:1063D00001F0004121FA04F220EA020000EBD37040
:1063E0005EEA430E08BF20EAD37070BD94F0000F40
:1063F0000FD101F00046400041EB010111F4801F74
:1064000008BF013CF7D041EA060195F0000F18BF24
:10641000704703F00046520043EB030313F4801F60
:1064200008BF013DF7D043EA0603704794EA0C0F1A
:106430000CEA135518BF95EA0C0F0CD050EA410630
:1064400018BF52EA4306D1D181EA030101F00041AD
:106450004FF0000070BD50EA410606BF10461946D5
:1064600052EA430619D094EA0C0F02D150EA0136E1
:1064700013D195EA0C0F05D152EA03361CBF104622
:1064800019460AD181EA030101F0004141F0FE41C1
:1064900041F470014FF0000070BD41F0FE4141F445
:1064A000780170BD70B54FF0FF0C4CF4E06C1CEA45
:1064B00011541DBF1CEA135594EA0C0F95EA0C0FFA
:1064C00000F0A7F8A4EB050481EA030E52EA0335B5
:1064D0004FEA013100F088804FEA03334FF08055D6
:1064E00045EA131343EA12634FEA022245EA111503
:1064F00045EA10654FEA00260EF000419D4208BFB4
:10650000964244F1FD0404F5407402D25B084FEA60
:106510003202B61A65EB03055B084FEA32024FF40C
:1065200080104FF4002CB6EB020E75EB030E22BF69
:10653000B61A754640EA0C005B084FEA3202B6EB29
:10654000020E75EB030E22BFB61A754640EA5C00D8
:106550005B084FEA3202B6EB020E75EB030E22BF68
:10656000B61A754640EA9C005B084FEA3202B6EB69
:10657000020E75EB030E22BFB61A754640EADC0028
:1065800055EA060E18D04FEA051545EA16754FEA8A
:1065900006164FEAC30343EA52734FEAC2025FEAA8
:1065A0001C1CC0D111F4801F0BD141EA00014FF037
:1065B00000004FF0004CB6E711F4801F04BF014308
:1065C0000020B4F1FD0C88BFBCF5E06F3FF6AFAE24
:1065D000B5EB030C04BFB6EB020C5FEA500C50F1B4
:1065E000000041EB045170BD0EF0004E4EEA113137
:1065F00014EB5C04C2BFD4EB0C0541EA045170BD3E
:1066000041F480114FF0000E013C90E645EA060E81
:106610008DE60CEA135594EA0C0F08BF95EA0C0FAF
:106620003FF43BAF94EA0C0F0AD150EA01347FF4F7
:1066300034AF95EA0C0F7FF425AF104619462CE7CE
:1066400095EA0C0F06D152EA03353FF4FDAE104631
:10665000194622E750EA410618BF52EA43067FF482
:10666000C5AE50EA41047FF40DAF52EA43057FF412
:10667000EBAE12E74FEA410C7FEA6C5C02D150EAC4
:10668000013C0AD14FEA430C7FEA6C5C02D152EA2A
:10669000033C02D14FF0000070474FF001007047FB
:1066A0004FF0FF0C1CEAD0521EBF1CEAD15392EAF5
:1066B0000C0F93EA0C0F6FD01A4480EA010C4002D1
:1066C00018BF5FEA41211ED04FF0006343EA50102B
:1066D00043EA5111A0FB01310CF00040B1F5000F6D
:1066E0003EBF490041EAD3715B0040EA010062F11C
:1066F0007F02FD2A1DD8B3F1004F40EBC25008BF06
:1067000020F00100704790F0000F0CF0004C08BF23
:1067100049024CEA502040EA51207F3AC2BFD2F1F0
:10672000FF0340EAC250704740F400004FF00003FE
:10673000013A5DDC12F1190FDCBF00F00040704738
:10674000C2F10002410021FA02F1C2F1200200FA76
:1067500002FC5FEA310040F1000053EA4C0308BF3D
:1067600020EADC70704792F0000F00F0004C02BF8E
:10677000400010F4000F013AF9D040EA0C0093F009
:10678000000F01F0004C02BF490011F4000F013B63
:10679000F9D041EA0C018FE70CEAD15392EA0C0FD1
:1067A00018BF93EA0C0F0AD030F0004C18BF31F03C
:1067B000004CD8D180EA010000F00040704790F012
:1067C000000F17BF90F0004F084691F0000F91F0B6
:1067D000004F14D092EA0C0F01D142020FD193EA7C
:1067E0000C0F03D14B0218BF084608D180EA010004
:1067F00000F0004040F0FE4040F40000704740F0E0
:10680000FE4040F4400070474FF0FF0C1CEAD052AD
:106810001EBF1CEAD15392EA0C0F93EA0C0F69D009
:10682000A2EB030280EA010C49024FEA402037D074
:106830004FF0805343EA111143EA10130CF000406B
:106840008B4238BF5B0042F17D024FF4000C8B425B
:1068500024BF5B1A40EA0C00B3EB510F24BFA3EB3B
:10686000510340EA5C00B3EB910F24BFA3EB91030B
:1068700040EA9C00B3EBD10F24BFA3EBD10340EA65
:10688000DC001B0118BF5FEA1C1CE0D1FD2A3FF6AB
:1068900050AF8B4240EBC25008BF20F00100704760
:1068A0000CF0004C4CEA50207F32C2BFD2F1FF0303
:1068B00040EAC250704740F400004FF00003013A34
:1068C00037E792F0000F00F0004C02BF400010F4D8
:1068D000000F013AF9D040EA0C0093F0000F01F0EC
:1068E000004C02BF490011F4000F013BF9D041EA0E
:1068F0000C0195E70CEAD15392EA0C0F08D1420241
:106900007FF47DAF93EA0C0F7FF470AF084676E713
:1069100093EA0C0F04D14B023FF44CAF08466EE7EC
:1069200030F0004C18BF31F0004CCAD130F00042BA
:106930007FF45CAF31F000437FF43CAF5FE700BF12
:1069400010B59AB04822002108A80EF0DBFA1822F0
:10695000002102A80EF0D6FA21F074FD4FF0B042EB
:106960000024D2F8903023F01803C2F89030D2F807
:10697000003423F4C06343F40073C2F80034D2F847
:106980000034119403F4C06301934FF48072019BAF
:106990000C922E234022089381230B930D92012306
:1069A000B02208A8CDE90E341093129213941FF070
:1069B000FBF908B11AF05CFE4F23022102A8CDE9D1
:1069C0000234CDE90444CDE906441FF08FFC08B140
:1069D0001AF04EFE1AB010BD13B50378082B00F262
:1069E000A280DFE803F013848BA0949405A09A00A2
:1069F000047920461AF08EFF204605F0DFFB0021C7
:106A0000204602B0BDE810401AF08CBF00201AF0FA
:106A100081FF012826D101201AF07CFF012804D033
:106A200001200AF0F7FA00282ADC02201AF072FF8F
:106A3000012804D002200AF0EDFA00283BDC02B065
:106A400010BD012201A900200AF0ACF900201AF0C3
:106A500061FF044630B90AF0B9FA48B99DF804104C
:106A600005F018FB00200AF0D5FA0028E9DCD2E78F
:106A70000128F7D19DF8041020460AF001FAF1E749
:106A8000012201A910460AF08DF901201AF042FFF7
:106A90000028C5D101200AF099FA28B99DF8041000
:106AA000012005F0F7FABBE70128B9D19DF80410E1
:106AB0000AF0E6F9B4E7012201A902200AF072F90E
:106AC00002201AF027FF0028B4D102200AF07EFA33
:106AD00028B99DF80410022005F0DCFAAAE7012885
:106AE000A8D19DF8041002200AF0CAF9A2E729F003
:106AF00045F902B0BDE8104019F060BB0E4B1B68B1
:106B0000002B9CD0406802B0BDE810401847406898
:106B100002B0BDE810400AF015BB406802B0BDE805
:106B2000104009F0B1BF054B1B6E002B87D002B09F
:106B3000BDE81040184700BF707A0020D0B90308A4
:106B400030B52D4B2D4A9A6085B01EF061FEFFF7DF
:106B5000F7FE4FF0B0430B209A6C42F004029A64A7
:106B60009A6C02F004020392039A9A6C42F00102BA
:106B70009A649B6C002203F0010311460293029B6E
:106B80001CF04CF90B201CF07BF90AF0CFFA09F04D
:106B900035FF1BF037F80024014605462346032243
:106BA0000120CDE900440AF027F8234603222946B4
:106BB0000220CDE900440AF01FF81BF01BFE1BF079
:106BC000BFF802F0D9FDE5B228461AF0A3FE10B9CD
:106BD000284605F0F3FA0134032CF4D10AF08EFABA
:106BE0001BF0F6FD012804D105B0BDE8304003F0EC
:106BF00015BE05B030BD00BF00ED00E0006000082C
:106C000008B50AF089FABDE8084019F0D7BA0000C3
:106C100013B5FFF795FF4FF0B043DA6C42F0020274
:106C2000DA64DB6C03F002030193019B0BF0A2FE1C
:106C300018F086F9F0B1164801F04BFB154B1648D9
:106C40001A68164B196801F044FB15480AF06EF8F3
:106C500018F0CAF901280FD002280FD010B9114836
:106C60000AF064F8104CFFF7CBFF237843B90BF020
:106C700083FEF8E70D48DFE70D48F1E70D48EFE741
:106C80001AF090FE0028EED0002009F07FFFEAE71E
:106C90002B800108BC02002041800108B0020020C6
:106CA00051800108658001086C6D00203680010864
:106CB000718001087C800108174885461AF0EAFCBB
:106CC00016481749174A002302E0D458C450043329
:106CD000C4188C42F9D3144A144C002301E0136009
:106CE0000432A242FBD312481249134A002302E0A5
:106CF000D458C4500433C4188C42F9D30F4A104CF2
:106D0000002301E013600432A242FBD30EF07EF8B0
:106D1000FFF77EFFFEE7000000FC002000000020DF
:106D2000D002002010C00308D0020020985E00208E
:106D300000600020506D0020C8AD0108506D00209B
:106D400068A9002000F05AB80368074A934206D1A8
:106D5000DA69D20606D510221A6200F0D7BF034ABC
:106D60009342F5D0704700BF0080004000380140DA
:106D70004FF0B0434FF0FF319A6B9963DA6BD963F0
:106D80009A6B00229A63D86BDA63186C1964186CDA
:106D90001A64586C5964586C5A64986A9962986A73
:106DA0009A62D86AD962D86ADA62186B1963196B69
:106DB0001A635A6C42F001025A645A6C22F00102C2
:106DC0005A64D3F8902042F48032C3F89020D3F86C
:106DD000902022F48032C3F89020BFF34F8F0549F2
:106DE000054BCA6802F4E0621343CB60BFF34F8FD8
:106DF00000BFFDE700ED00E00400FA054FF0B043EE
:106E00004FF0FF319A6B9963DA6BD9639A6B00226A
:106E10009A63D86BDA63186C1964186C1A64586C2E
:106E20005964586C5A64986A9962986A9A62D86AE6
:106E3000D962D86ADA62186B1963196B1A635A6CD3
:106E400042F001025A645A6C22F001025A64D3F8EB
:106E5000902042F48032C3F89020D3F8902022F49E
:106E60008032C3F89020FEE7FEE7FEE7FEE77047BA
:106E700070471EF0E3BC0000014820F0D5B800BF09
:106E8000D8440020014822F0B4BB00BFD00200204B
:106E9000014821F003B900BFD8440020014825F083
:106EA000DFBC00BFC4730020014825F0D9BC00BF7F
:106EB000F46E0020014825F0D3BC00BF546F0020C1
:106EC000014825F0CDBC00BF2474002010B5044C4F
:106ED00020460AF043FE2046BDE81040FFF734BFCD
:106EE000147500207047012022F086BD022022F098
:106EF00083BD042022F080BD082022F07DBD10203B
:106F000022F07ABD0E4BDA68920602D5202022F0DC
:106F100073BDDA68500601D54020F8E7DA6811063B
:106F200001D58020F3E7DA68D20502D54FF48070EE
:106F3000EDE7DB689B0502D54FF40070E7E770478B
:106F400000080058134BDA68510503D54FF48060F0
:106F500022F052BDDA68120502D54FF40060F7E75F
:106F6000DA68D00402D54FF48050F1E7DA68910472
:106F700002D54FF40050EBE7DA68520402D54FF423
:106F80008040E5E7DB681B0402D54FF40040DFE7F3
:106F9000704700BF0008005810B5044C20460AF0A6
:106FA000DDFD2046BDE81040FFF7CEBE8474002012
:106FB000014824F02BBE00BF104500204FF0B04325
:106FC00082B0DA6C0243DA64DB6C18400190019BFA
:106FD00002B070471FB514284FF00003CDE902330B
:106FE0000C460CD8092812D90A380A280FD8DFE82D
:106FF00000F07B0E0E0E0E820E0E74116D00FE2838
:1070000000F08380FF2800F08280FD287AD06FF0A6
:10701000030059E03F4A404B0193137843F00103CA
:1070200013703E483E4A4FF00043C0E900233D4BF9
:1070300004221B688360426100230122C2614FF475
:10704000805106220383C0E90333C0E90933C0E954
:107050000C12837680F8203080F82C30836380F81F
:107060003C30C3640AF080F808B11AF001FB2B48E9
:107070000AF044FC08B11AF0FBFA0023274801A9E2
:10708000CDE902330AF0F8F908B11AF0F1FA234811
:107090000AF05EFB08B11AF0EBFA0A211F480AF069
:1070A0008DF91E480AF00CFC1C480AF0E2F91E4B50
:1070B000019A80B29A42208004BF00EB40002080F9
:1070C00016480AF0A9FB002004B010BD114A174B66
:1070D0000193137843F00203A2E70E4A144B019385
:1070E000137843F004039BE70A4A124B0193137889
:1070F00043F0080394E7074A0F4B0193137843F0DA
:1071000010038DE70D4B01938BE70D4BFBE7064B0F
:10711000F9E700BF6D6D002004000008706D0020CD
:107120000024014004600020004000B80800000C6A
:1071300010000010400000180008002C001000B0E3
:10714000002000B470477047014B1878704700BFAB
:1071500009600020014B1878704700BF08600020CC
:1071600010B5044686B01422002101A80DF0CAFE15
:1071700022685E4B9A4240F08E804FF0B0435C4CE8
:107180001A6E42F400721A661B6E03F400730093C9
:10719000009B2378DA0708D5132000F03DF9B0F101
:1071A000904F7AD10120FFF709FF23789B0708D57C
:1071B000142000F031F9B0F1904F76D10120FFF7A3
:1071C000FDFE2378580708D5122000F025F9B0F10C
:1071D000904F72D10120FFF7F1FE2378190708D5EF
:1071E0000A2000F019F9B0F1904F6ED10120FFF79D
:1071F000E5FE2378DA0608D50F2000F00DF9B0F18E
:10720000904F6AD10120FFF7D9FE00234FF0030C05
:10721000CDE902C32378DB0709D5132000F001F97B
:107220000190132000F0F8F801A922F095FA2378D4
:10723000980709D5142000F0F4F80190142000F00C
:10724000EBF801A922F088FA2378590709D5122012
:1072500000F0E7F80190122000F0DEF801A922F01A
:107260007BFA23781A0709D50A2000F0DAF8019092
:107270000A2000F0D1F801A922F06EFA2378DB068B
:1072800009D50F2000F0CDF801900F2000F0C4F8D0
:1072900001A922F061FA06B010BD132000F0BCF87D
:1072A000144B984281D102207DE7142000F0B4F8FD
:1072B000104B984285D1022081E7122000F0ACF8F3
:1072C0000C4B984289D1022085E70A2000F0A4F8EF
:1072D000084B98428DD1022089E70F2000F09CF8DE
:1072E000044B984291D102208DE700BF0024014059
:1072F0006D6D00200004004838B5334B02689A4297
:1073000060D14FF0B042314C136E23F4007313661A
:107310002378DD070ED5132000F07EF805461320F4
:1073200000F07FF80146284622F0C8FA237823F0BF
:1073300001032370237898070ED5142000F06CF811
:107340000546142000F06DF80146284622F0B6FAF2
:10735000237823F002032370237859070ED51220D7
:1073600000F05AF80546122000F05BF80146284666
:1073700022F0A4FA237823F00403237023781A0759
:107380000ED50A2000F048F805460A2000F049F81A
:107390000146284622F092FA237823F0080323704E
:1073A0002378DB060ED50F2000F036F805460F20B7
:1073B00000F037F80146284622F080FA237823F0BF
:1073C0001003237038BD00BF002401406D6D002004
:1073D000034B00221A70034B01221A70704700BF42
:1073E000739C0020719C0020C26891FAA1F0B0FA51
:1073F00080F0430003209840104091FAA1F1B1FAC7
:1074000081F14900C8407047024B53F8203003B166
:1074100018477047346E0020000900F59010800274
:10742000704700F00F030120984080B270472F286A
:1074300008B5034600D908BDFFF7EEFF03F00F02C1
:1074400001230168934093FAA3F2B2FA82F042005A
:1074500003209040084093FAA3F3B3FA83F35B0050
:10746000D840E8D001284FF0000008BF0120E2E733
:1074700030B52F2887B00B4623D800F00F04012128
:10748000A1400222032B019104921CD8012B1DD98B
:107490004FF488130293FFF7BFFF0546FFF7A4FFE1
:1074A000012819D0022817D001A9284622F054F942
:1074B000A4B90620224602211BF0B0FC06201BF0D6
:1074C000DFFC07B030BD043B012B02D94FF444135D
:1074D000E0E74FF40413DDE70390E5E7012C06D164
:1074E0000720002202211BF099FC0720E7E7022C6D
:1074F00006D10820002221461BF090FC0820DEE780
:10750000032C06D10920002202211BF087FC092050
:10751000D5E7042C06D10A20002202211BF07EFCB4
:107520000A20CCE7053C042C4FF000024FF002018A
:1075300004D816201BF072FC1620C0E729201BF08F
:107540006DFC2920BBE70000044B00F00F0053F84E
:1075500020200AB943F8201000207047346E002024
:10756000F8B50F4D0F4E104F00240F2C05DDA4F180
:107570001203052B01D91C2C0ED155F824305BB910
:1075800006EB44035B783BB139782046FFF770FF88
:1075900006492046FFF7D8FF0134302CE5D1F8BD6D
:1075A000346E0020D46D00200A600020D1730008E2
:1075B0002DE9F041194D1A4E86B0002402270F2CF8
:1075C00005DDA4F11203052B01D91C2C1FD155F8A0
:1075D0002430E3B916F81410012918D104F00F0370
:1075E0009940204601910497FFF716FF8046FFF768
:1075F000FBFE03902046FFF71AFF012801D10290FD
:1076000001E00028FBD001A9404622F0A5F8013492
:10761000302CD4D106B0BDE8F08100BF346E00201C
:10762000D46D002008B50A480BF014F90022114669
:107630000C201BF0F3FB0C201BF022FC00220D2081
:1076400011461BF0EBFBBDE808400D201BF018BCF9
:107650000C6000207047000038B5054D002415F877
:10766000013B0BB1FFF7DEFF0134042CF7D138BD2D
:10767000B46F0020F0B5064689B01422002103A89B
:107680000DF040FC3268404B9A426BD14FF0B04451
:107690000520236E43F480532366236E03F4805346
:1076A0000093009BFFF7B8FEB0F1904F5CD1E36C04
:1076B00043F00103E364E36C03F001030193019BD6
:1076C0000520FFF7AEFE04460620FFF7AAFE04439E
:1076D000039405240025022720460794CDE904756C
:1076E0000695FFF799FE03A922F036F80720FFF769
:1076F00098FECDE9030707200794CDE90575FFF74C
:107700008BFE03A922F028F8204C2149256208238A
:10771000C4E900131023C4E9023520468023C4E9DC
:107720000435C4E9065524F067FE08B119F0A0FF3E
:10773000184A7465A662184C0723C4E90023002385
:107740008022C4E90233C4E90423C4E90633204695
:107750004FF40053236224F04FFE08B119F088FF64
:10776000B465A66209B0F0BD0520FFF755FE0B4BCE
:107770009842A5D1E36C43F00203E364E36C03F0A9
:1077800002030293029B9BE700300140546F0020EC
:10779000300002401C000240F46E0020000400484B
:1077A0004FF0B04382B09A6C02439A649B6C1840CD
:1077B0000190019B02B070474FF0B04382B0DA6C89
:1077C0000243DA64DB6C18400190019B02B0704701
:1077D00010B5064C0649802220460AF00DFF2268AB
:1077E000136843F01003136010BD00BF84740020C1
:1077F000A4750020012810B50BD1094C094980223D
:1078000020460AF0F9FE2268136843F01003136063
:1078100010BD0228FCD1BDE81040FFF7D9BF00BF62
:10782000147500202C7600202DE9F7439DF8285090
:107830009DF82C80012B14BF00274FF40057012D19
:1078400004460E4669D0032D6AD0002D6BD000256A
:10785000013AD2B2022A6BD8664B53F82290012C1F
:1078600070D10420FFF79CFF2046FFF799FF00220C
:1078700011460E201BF0D2FA0E201BF001FB5E4BCE
:107880005E4883F801805E4B0561C0E900360C2438
:107890000023C0E90297C0E90543C0E9073343620A
:1078A000B8F1000F49D0B8F1020F01BF082383627D
:1078B0004FF40043836351480AF012FE08B119F0F7
:1078C000D7FE4E4800210AF07BFF08B119F0D0FE28
:1078D0004A4800210AF099FF08B119F0C9FE47484B
:1078E0000AF04FFF08B119F0C3FE0120FFF782FF35
:1078F0004FF44013009302AB13E906003F480AF02F
:10790000C9FE08B119F0B4FE4FF0B042936843F4D9
:107910000043936003B0BDE8F0834FF4C06597E780
:107920004FF4806594E7022A05D14FF0805996E71D
:107930004FF0000993E7A94691E7C0F828800AF0C4
:107940009DFDBBE7022CE5D12B4B2E4C83F802802A
:107950000420FFF725FF0120FFF722FF0022114638
:107960000B201BF05BFA0B201BF08AFA264B2561DB
:10797000C4E900360C2200232046C4E90297C4E97A
:107980000523C4E90833A36263660AF077FD08B1F2
:1079900019F06EFE1B4800210AF012FF08B119F021
:1079A00067FE184800210AF030FF08B119F060FEA8
:1079B00014480AF0E6FE08B119F05AFEFFF708FF76
:1079C0004FF44013009302AB13E906000D480AF090
:1079D00061FE08B119F04CFE0C4AD2F8803043F039
:1079E0008053C2F880302268936843F48003936028
:1079F0008AE700BF84800108D0760020147500203B
:107A000000380140847400200080004000080058C5
:107A10002DE9F3419DF820809DF824C0CDE9008C2C
:107A200016461D4604460F46FFF7FEFE064B0C2089
:107A30004443181901221A5547600672457280F8AE
:107A40000A8002B0BDE8F081AC760020022810B5B3
:107A500004460BD1074809F0E3FF08B119F008FE0E
:107A60000C20054B444300221A5510BD0128F7D1C4
:107A70000248F0E784740020AC76002014750020E2
:107A80000128F8B505460E461F462BD194B2184A78
:107A90005278013A012A17D816480AF032FA2246DB
:107AA00014483B4631460AF059FC044611480AF096
:107AB0004DFA84B9104B1B680BB90020F8BD214664
:107AC000284698472046F9E70A4822460AF046FC2D
:107AD00004460028F6D0022C14BF6FF006006FF0A9
:107AE0000500EBE70228E8D1044892B2EEE700BFB8
:107AF000D076002014750020BC6F00208474002014
:107B0000012802D1044800F079BB022801D10348C2
:107B1000F9E76FF006007047706000208460002075
:107B2000012807B50AD10A480DF1070100F0A3FBAF
:107B300050B16FF0060003B05DF804FB0228F8D1E5
:107B400004480DF10701F1E79DF80700F3E700BFD6
:107B5000706000208460002070470000012802D17E
:107B6000044800F0EFBA022801D10348F9E76FF0AA
:107B7000060070477060002084600020F8B5224D38
:107B8000224F00240C23224A63439B5CCBB1022C7E
:107B90001BD1204E3368DA69D103FCD4DA69520272
:107BA000FCD51C480AF0C1FD33681A4810221A623D
:107BB0001A6822F010021A6009F053FFF06F24F0E7
:107BC0008DFC0134032CDDD1F8BD012CF9D1082343
:107BD0002B624FF480132B6255E8003F43F0020301
:107BE00045E80032002AF7D157E8003F43F480030C
:107BF00047E80032002AF7D1074AD2F8803043F034
:107C00008063C2F88030DCE700380140083801406A
:107C1000AC760020847400200008005873B50B4C2B
:107C20000B4E4FF0FF35012D0BD923784BB1337834
:107C30000193A37A0093227A637A61680020FFF7A8
:107C4000F3FD0135022DEED102B070BDAC760020FF
:107C5000D076002070B51D4B02689A42044615D1BB
:107C600009F0FFFE1A4E002516F8011B022001350F
:107C700009F0E4F9802DF7D1154916482A4600F09D
:107C800070FA13492A4620460AF0B6FC2268124BC5
:107C90009A4216D1204609F0E4FE104E002516F84F
:107CA000011B0120013509F0C9F9802DF7D10B49DD
:107CB0000B482A4600F055FA08492A4620460AF0A1
:107CC0009BFCBDE87040074809F020BA00800040E6
:107CD000A475002084600020003801402C7600202C
:107CE00070600020247600200268054B9A4205D17E
:107CF000044B1B6813B1012108461847704700BFA9
:107D000000380140BC6F002070470000F8B52F4BD1
:107D100002689A4204461DD109F0A3FE2C4B2D4F58
:107D20001B685D68C5F18005ADB20026B5423FDC39
:107D3000284929482A4600F014FA8022254920467D
:107D40000AF05AFC254B1A78012A03D100221A7036
:107D500008F014FF2268224B9A4224D1204609F0F1
:107D600080FE204B204F1B685D68C5F18005ADB2D9
:107D70000026B54223DC1C491C482A4600F0F1F9D4
:107D80008022194920460AF037FC144B1A78012A40
:107D900003D100221A7008F0F1FE154B1B6813B1D5
:107DA000012108469847BDE8F840124809F0AEB9ED
:107DB00017F8011B022009F041F90136B6E717F860
:107DC000011B012009F03AF90136D2E7008000409A
:107DD000C4730020A475002084600020B86F0020C8
:107DE00000380140247400202C76002070600020B0
:107DF000BC6F00202476002073B5314B00261E7026
:107E000003685A6A8DF807202E4A9342054619D115
:107E10002D482E4C0AF09FFC2D4926621523C4E9FB
:107E2000001320468023C4E90266C4E90436C4E98D
:107E3000066624F0E1FA08B119F01AFCEC67A562B5
:107E4000FFF7C6FC2A68234B9A421BD12248234CD9
:107E50000AF081FC224A1123C4E9002320460023B2
:107E60008022C4E90233C4E90423C4E9063323624F
:107E700024F0C2FA08B119F0FBFBEC670120A562FF
:107E8000FFF7B8FC2C680F4B9C420DD19DF80710F2
:107E9000022009F0D3F82B68A34205D11148012232
:107EA0000DF1070100F05DF90F4809F02FF90F4BB4
:107EB0001A781AB901221A7008F058FE02B070BD83
:107EC000739C00200080004084740020C473002054
:107ED000080002400038014014750020247400207E
:107EE000440002408460002024760020B86F002007
:107EF00070B596B005461422002103A80DF002F8D3
:107F00003822002108A80CF0FDFF2B685F4A93423D
:107F100066D15F4B012408A8CDE908431EF02EFC72
:107F200008B119F0A5FB4FF0B04316201A6E42F4C9
:107F300080421A661B6E03F480430193019BFFF796
:107F40006BFAB0F1904F38D10120FFF735FC0220D9
:107F5000FFF732FC4F4B9B6A082B36D11720FFF7F7
:107F600060FA12230390002604930123CDE905361D
:107F700049484A4C072303A9079321F0EDFB4848E1
:107F800026621123C4E9000380232046C4E9026667
:107F9000C4E90436C4E9066624F02EFA08B119F0E3
:107FA00067FB00222420EC671146A5621AF036FF19
:107FB00024201AF065FF16B070BD1620FFF72CFACA
:107FC000354B9842C3D10220BFE71620FFF729FAAC
:107FD00004461720FFF725FA044303940223C2E75F
:107FE000304A9342E7D1202308936B68B3F5166FAC
:107FF00094BF4FF440634FF4006308A80C931EF045
:10800000BDFB08B119F034FB4FF0B0430120DA6D2D
:1080100042F00102DA65DB6D03F001030293029B7B
:10802000FFF7CAFB0220FFF7FCF904460320FFF725
:10803000F8F90222012300260443CDE9042303A911
:1080400008234FF09040CDE90663039421F084FBB0
:10805000154C1649A6611523C4E900138023C4E911
:10806000043620462023C4E90266C4E9073624F01A
:10807000C3F908B119F0FCFA00222620EC6711467A
:10808000A5621AF0CBFE262093E700BF003801401E
:10809000020003001475002000040048247400202E
:1080A0004400024000800040C473002008000240E9
:1080B00070B51B4A0368934204461DD14FF0B0428D
:1080C0001620136E23F480431366FFF7A5F90546C7
:1080D0001620FFF7A6F906461720FFF7A2F946EA91
:1080E0000001284621F0EAFBE06F24F0F7F9242094
:1080F000BDE870401AF0D2BE0A4A93420FD14FF049
:10810000B0420C21D36D23F00103D3654FF09040B2
:1081100021F0D4FBA06F24F0E1F92620E8E770BD40
:10812000003801400080004008B5054B02689A42C3
:1081300005D109F030FFBDE80840FFF749BB08BD95
:1081400000800040C26803699A4282BF40681B18E1
:108150000133981A704708B54168FFF7F3FF081A12
:1081600008BD2DE9F743044601A81646884608F0E5
:10817000D7FF2046FFF7EFFF864228BF064620467E
:10818000FFF7E9FFE3682569A268AB429CBF63681B
:1081900001335D1B814623692068AE4202FB030068
:1081A00013D8724341460CF085FE2369626833445C
:1081B000934296BF236900239B19236101A808F00D
:1081C000B1FF304603B0BDE8F08305FB02F73A4645
:1081D00041460CF06FFEA2682068751B6A4308EBED
:1081E00007010CF067FE4E452561E7D923696268F7
:1081F000934234BF01330023E360DFE72DE9F3410D
:10820000044601A81646884608F08AFF2046FFF774
:1082100099FFE768E5682369A2682168864228BF5C
:1082200006469D4284BF636801335D1BAE4202FB7C
:10823000071110D8724340460CF03CFE6268374488
:10824000974288BF0027E76001A808F06BFF30461F
:1082500002B0BDE8F08105FB02F73A4640460CF05B
:1082600029FEA2682168751B6A4308EB07000CF021
:1082700021FEE560E8E710B504460846E268236998
:108280009A4223D0A268E1682368541E072C18D8AC
:10829000DFE804F00408170C171717105B5C037075
:1082A000002010BD33F811300380F9E753F8213076
:1082B0000360F5E703EBC103D3E90023C0E9002322
:1082C000EEE701FB02310CF0F5FDE9E76FF00E007F
:1082D000E7E70FB400B5ADF5037D19F02BFDC0B293
:1082E00001280AD185AB849A01934FF4007102A84A
:1082F0001CF03AFF02A808F019FD0DF5037D5DF8AA
:1083000004EB04B0704719F009BD08B519F012FD6F
:10831000C0B208BD014B00221A707047739C002048
:108320007047000008B517F01EF8024658B1064B1A
:10833000064900209A4208BF042003F5C31303F541
:1083400020638B42F6D108BDC0AFD235C0FF953651
:1083500008B517F008F8024658B1064B0649002048
:108360009A4208BF062003F5C31303F520638B422E
:10837000F6D108BD6086973660D65A3716F0F3BF3F
:10838000014808F0D3BC00BF9080010808B503483D
:1083900008F0BCFE024B00221A7008BDE06000200D
:1083A000739C002030B58BB00446342368468DF8AA
:1083B000003026F087FD14B3019D26F005FDF0B9CD
:1083C000E30702D5284619F0D7FFA00703D505F12A
:1083D000380019F0E9FF610703D505F1580019F0DD
:1083E000FBFF220703D505F5EE701AF00FF8A30680
:1083F00003D505F564701AF023F826F0DBFC0BB00A
:1084000030BD10B526F0E0FC0128044604D030B998
:1084100008F096FE204610BD6FF00500FBE76FF0F8
:108420000600F8E710B5134B134A1B680446407862
:1084300060B92179117003B198472378012B17D1C6
:1084400023792BB10D4808F071FC05E00021F1E71C
:1084500061780B4808F06AFC002002F009FB207CE0
:1084600002F06AFB21460020BDE8104017F086BEEE
:108470000448E8E77C7A00204B790020A2800108BC
:10848000BB800108DC80010870B5044601468AB053
:10849000032017F073FE23780A2B10D00E2B0CD17B
:1084A0003E4808F043FC3E4A0023684613708DF8AE
:1084B00000308DF8043026F053FE0AB070BD6378AA
:1084C0000D2B64D1374808F031FC354B1A78042A5B
:1084D0001CD0022600201E7008F032FE0022324915
:1084E000104608F029FE0546B8B924F06FFA42425A
:1084F00002F01F0200F01F004FF47A7158BF504283
:1085000000FB01113246284608F018FEA37D032B1C
:108510001FD8DFE803F00B24272A40F2023123485A
:1085200008F004FC002008F00BFEEFE7204A0023CF
:108530001380237E617E1B0243EA0143E17D0B43EE
:108540005360E37E217F1B0243EA0143A17E0B437C
:108550009360D4E90101174B83E80300ADE7144AA7
:108560000123E5E7124A0223E2E7237E617E104AF7
:108570001B0243EA0143E17D0B43D360E37E217F8D
:108580001B0243EA0143A17E0B431361E1E70E2B7B
:10859000DFD1094808F0CAFBDBE700BFEB80010828
:1085A00044780020F6800108558C000803810108FA
:1085B000287800203C78002013810108704716F0CD
:1085C000D2BE7FB5054616F0CCFE431EDBB2012BB2
:1085D000044603D900F0FD03082B1DD101A819F0B2
:1085E000C1FB002201A91346012011F8016B1EB145
:1085F00000FA02F633439BB201320C2AF5D104F0A3
:10860000FD02082A01D0012C02D123F480739BB211
:108610002B80002004B070BD6FF00200FAE7F0B5C7
:108620008FB006460F4616F09CFEFF23ADF80030D3
:108630004FF47F43ADF80230431EDBB20024012B20
:10864000CDE901440546039403D900F0FD03082B4E
:108650007ED1FFF7D6FE044600286FD1338823B9B8
:10866000012D50D140F2FF1333800C22002101A8CC
:108670000CF048FC3088002240FA02F1CE07D3B259
:108680000ED50EAE03F0FE0103F00103314406EBFC
:10869000430331F8346C33F8383C334321F8343C2D
:1086A00001320C2AE8D105F0FD03082B01D0012D81
:1086B0000ED1BDF80C30002203F47F43ADF80C302E
:1086C00011460126D5B2072D28D909B1ADF80C30D5
:1086D00023238DF8103004A801AB059326F040FD4C
:1086E000054668B924238DF8103004A801AB059322
:1086F00026F036FD19F0F2FED8B926F05BFB00B388
:108700006FF006041AE005F0FD03082B04BFFF23F9
:108710003380022DA9D140F6FF73A5E740FA02F598
:10872000ED0741BF06FA02F10B439BB20121013272
:10873000C8E7284619F0D8FE0028DED020460FB042
:10874000F0BD002FFAD001A819F016FB0446F5E79A
:108750006FF00204F2E700002DE9F04395B0044603
:108760000D4690461F4616F04EFC611C064629D168
:108770006A1C0AD0003D18BF012516F0D0FD8542C5
:1087800003D0284616F0CDFD50BBB8F1FF3F07D00F
:1087900016F0C9FD404503D0404616F0C6FDF8B9B5
:1087A0007B1C07D016F0C3FDB84203D0384616F044
:1087B000C0FDA8B9BCB9204608F0C2FC754B1C60CE
:1087C00000200DE0B4F1000918BF4FF0010916F0C8
:1087D000A2FD8145CCD0484616F09FFD0028C7D0A9
:1087E00015B0BDE8F08316F0BCFD16F0CEFD0028F4
:1087F00000F0CC80012E40F096808DF8006019F0DA
:1088000053FC02238DF8050068468DF8043027F0EC
:10881000A1F9614B049A1A600446002854D116F05D
:10882000CDFC012808BF5D4B0AA808BF1C7034238B
:108830008DF8283026F046FB0B9B988816F089FDB2
:10884000FFF763FD0028CBD034230AA88DF8283029
:1088500026F038FB0AA826F035FB0028B0D1504D91
:108860000B9B2A7893F858404E480C2606FB02339F
:10887000D3F8901308F05AFA012C0B9A01D0082C67
:108880006ED12B78D2F8C420474903F0070301FBCF
:108890000321464808F04AFA0B9B4548D3F8C41018
:1088A00008F044FA0B9B434893F9491008F03EFA4C
:1088B0000B9B414893F9481008F038FA0B9B3F484E
:1088C000D96808F033FA7BE7012812D00B282BD1A6
:1088D000304D002008F034FC2C6801342C6016F078
:1088E00026FD844208D900232B600499344808F0FF
:1088F0001DFA6FF0050073E700223249104608F0B8
:108900001BFC044648B916F00EFD4FF47A71414342
:108910002246204608F012FCE7E740F284612A482C
:1089200008F004FAE1E716B16FF0060058E70123FA
:1089300068468DF800308DF8043026F011FC0028D0
:10894000F2D116F03BFC022807D18DF804006846EE
:108950008DF8006026F004FC72E716F02FFC6FE73C
:10896000022C297809D13023B1FBF3F003FB10115D
:10897000CBB2D2F8C420154989E706FB0122D2F810
:108980009413002985D1D2F8901382E76FF010007C
:1089900026E700BF24780020C87700204478002014
:1089A0007984002051810108C02709004E81010807
:1089B0006081010872810108888101089D81010898
:1089C00036810108D189000820810108400D03008B
:1089D0004FF0FF331A4619460120FFF7BDBE0000D5
:1089E0002DE9F0419AB00D4602A981E80C008046BD
:1089F00019F05AFB074616F008FB0646002800F05F
:108A0000038125F013FC10B16FF005009BE017F017
:108A1000D5FF04460028F7D116F0D0FB022840F01D
:108A200095808DF8440010A88DF8404026F098FB02
:108A30008DF8267019F0DAFB60B119F0D7FB012828
:108A400002D1002016F060FC052310A88DF84030FC
:108A500027F080F86F4B1B78012B05D1092310A854
:108A60008DF8403027F076F805A9E8B226F0CAF96B
:108A70000746FFF74AFC60B19DF814309DF81520B9
:108A80006549664851F82710D21A00922A4608F024
:108A90004DF9002F79D000238DF818300893ADF8E8
:108AA000243006A827F02AFF5D4B0A9A1A60054673
:108AB000FFF72BFC00283FD0342310A88DF840305E
:108AC00026F000FA10A826F0FDF9002834D1554F01
:108AD000119B3A7893F8586053484FF00C0808FB04
:108AE0000233D3F8901308F021F9012E119A01D026
:108AF000082E66D13B78D2F8C4204C4903F0070316
:108B000001FB03214A4808F011F9119B4948D3F8A9
:108B1000C41008F00BF9119B474893F9491008F06D
:108B200005F9119B454893F9481008F0FFF8119B8F
:108B30004348D96808F0FAF8002D58D1002C0CBF32
:108B40006FF0020000201AB0BDE8F08116F036FB8D
:108B500001287FF46DAF3B4B1B787BB1022B7FF478
:108B600067AF204608F0ECFA0C238DF82C3016F095
:108B70006BFB00F007008DF8300002E009238DF850
:108B80002C300BA826F0E6FF52E79DF808308DF850
:108B90001C309DF80B30ADF82450CDF8208053B137
:108BA0009DF80C305BB900238DF81830264B00225D
:108BB0001A70344675E716F09DFA0028F3D00123A9
:108BC000F2E7022E397809D13023B1FBF3F003FB31
:108BD0001011CBB2D2F8C4201C4991E708FB012246
:108BE000D2F8941300298DD1D2F890138AE7A5F119
:108BF0000E03DBB2012B7FF607AF0B2D07D10A99CD
:108C0000134808F093F8FFE66FF00B009BE76FF056
:108C1000060098E7857A0020E0850108A98101080F
:108C2000C87700207984002051810108C0270900FD
:108C30004E81010860810108728101088881010864
:108C40009D810108447800204B790020400D0300ED
:108C5000368101081FB501238DF808308DF80930E1
:108C6000002103238DF80A308DF80B10009104AB1E
:108C700013E90C000248FFF7B3FE05B05DF804FBF2
:108C8000B88601082DE9F04F43788DB00446002BDB
:108C900040F0AA80B0F90E00794F7A4E237C3880DC
:108CA00040B2337001F04EFF237B002B3BD0607C41
:108CB0007549B7F9002051F8201096F90030734833
:108CC000DFF8CC91DFF8CCA108F030F8A378012BC5
:108CD0000CBF7148714808F029F8E178704808F035
:108CE00025F84FF000085FFA88FB584618F012FE8E
:108CF000054640B9227BEBB29A4200F2A68051466B
:108D0000584607F0DDFF08F10108B8F1030FEAD17A
:108D1000227BA16863480CF0CDF8634B227B1A706C
:108D2000624BE2781A706379012B00F09680237809
:108D3000012B05D10020FFF78DFF5D4B01221A703A
:108D40005C4B1A782AB3DFF8709100221A7099F8F8
:108D50000030F3B996F90030584DDFF86481009384
:108D60002A78B7F9003098F80010564807F0DEFF6F
:108D7000554B1B686BB1554899F80020027098F864
:108D8000002042702A7882703A888280327882711C
:108D90009847E278E02A11D04D4B1B6873B14D48DB
:108DA000027022794270A2684260227B0272E289DC
:108DB0004281227C02736269026198472146012048
:108DC00017F0DCF9444890F802316BB1002380F8C9
:108DD00002318DF80B3000938DF80930DDE9022364
:108DE000B0F80011FFF7FCFDFFF78FFA50B3342302
:108DF00002A88DF8083026F065F802A826F062F87F
:108E0000002838D1637C73BB344807F08FFFA16919
:108E1000334807F08BFFE178324807F087FFB4F959
:108E20000E10314807F082FF94F910102F4807F018
:108E30007DFF21792E4807F079FF039B2D48996922
:108E400007F074FF0DB0BDE8F08FA2684946D25C10
:108E5000584607F035FF01354CE716F0AFF900280A
:108E60007FF465AF66E7012B01D12348CDE7022BE4
:108E7000CDD12248C9E7224807F058FFE2E700BFFA
:108E80006C7A0020847A002060860108FB8101084A
:108E900020820108B68601080C82010817820108A9
:108EA000758901084C7900204C7A00204D7A002009
:108EB000CC770020567A0020577A002020780020B6
:108EC000C577002025820108747A00204E7A0020A0
:108ED000787A0020587A00204678002044820108E1
:108EE000A1820108B3820108BD820108C78201087E
:108EF000D0820108E0820108618201087E820108B7
:108F0000EE820108F0B591B0002603ACC4E9016619
:108F10000546039616F025FA431EDBB2012B0AD94B
:108F2000082808D005286AD00A2804D06FF0060463
:108F3000204611B0F0BD15BB2046ADF8185018F012
:108F400011FF0028F2D1BDF818302A46012114F88B
:108F5000010B20B101FA05F213439BB20122013546
:108F60000C2DF4D10AB1ADF81830002106A8FFF796
:108F700056FB04460028D9D119F0B6FAD8E71A23CF
:108F800001A98DF804302BF012FC1E230090C6B20C
:108F900006A88DF8183025F095FF079B0022A3F155
:108FA0000C010C20D3B29E4203D859D16FF00204B9
:108FB000BEE7013200FB02F7CF59AF42F2D11A09E6
:108FC00010A901EB420203F00F03012101FA03F3A0
:108FD00022F8343C06A823238DF81830079426F095
:108FE000BFF80028A2D1242306A807948DF81830D2
:108FF00026F0B6F80446002898D12846BCE7CDB93B
:109000000723ADF80C3006A823238DF818300794F9
:1090100026F0A6F8002889D1242306A88DF8183058
:10902000079426F09DF8002880D1284619F05CFAB4
:1090300004467DE71E2306A88DF8183025F042FF70
:10904000079933460C2000FB03F28A58AA4203D149
:10905000012202FA03F3D4E70133042BF3D1A5E78D
:10906000002465E7014B1868704700BF3C7800207A
:10907000014BB3F9000070476C7A0020014B93F963
:1090800000007047847A002070B5094E347894420D
:1090900028BF144605462246084606490BF00AFF3B
:1090A000054B1A782A7000221A703270204670BD63
:1090B0004C7A00204C7900204D7A0020014B187822
:1090C000704700BF4B79002030B58BB00C46054689
:1090D00016F047F916F059F9B8B12D2368468DF806
:1090E00000308DF8045026F03BF838B9094B9D60EC
:1090F00074B1284618F0DEFF0BB030BD03280CBF5A
:109100006FF002006FF00600F6E76FF01000F3E773
:109110002046F1E7FC600020F0B5044601468BB024
:10912000022017F02BF82378013B0B2B4AD8DFE8FD
:1091300013F00C00490049004900D10049004900E2
:1091400049008C004900F400B90065787A4E7B4FE5
:10915000002D39D17A4807F0E9FD284607F0F0FFE5
:10916000356016F02BF802280AD18DF80400684605
:109170008DF8005025F0F4FF10B1724807F0D6FDCD
:109180003B680BB10020984718F08EFF0021FFF7D5
:109190009BFF16F013F8FFF7B8F898B13423684630
:1091A0008DF8003025F08EFE684625F08BFE0028F5
:1091B00047D1654807F0BAFD019B6448D3F8E41035
:1091C00007F0B4FD0BB0F0BD022D1CD0EB1E012B3F
:1091D0001BD85F4807F0AAFD002007F0B1FF3568F3
:1091E0000135356016F0A3F8854213D900233360AA
:1091F0003B6823B157486378436007F087FF564BBD
:10920000DB6A9847C5E75548E4E72946544807F024
:109210008DFDE1E700225349104607F08DFF05461A
:1092200048B916F080F84FF47A7141432A4628462F
:1092300007F084FFDCE740F24121494807F076FD62
:10924000D6E7494807F072FDBCE7484D64782E78B0
:10925000DCB9012E09D1464807F068FD454B1B6873
:109260000BB12046984700232B7015F0A7FF01286B
:10927000A8D1414B1A78042AA4D018700B23684651
:109280008DF8003026F066FC9CE7012E9AD13B4811
:1092900007F04CFD374B1B680BB130469847002355
:1092A0002B708FE76378002B8CD1334A8DF8003018
:1092B00004210123684611708DF8043025F050FF19
:1092C00000287FF47FAF2E4807F030FD0220FFF723
:1092D000C1FC77E72B4B01221A702B4B227A1A70B4
:1092E0002A4B627A1A706378294C2370002B3FF462
:1092F00069AF284807F01AFD274B1A68002A3FF487
:1093000061AF264823780370002343708370838005
:1093100083710BB0BDE8F04010476378002B3FF439
:1093200051AF1F4807F002FD134B1A78042A1CBFE7
:1093300003221A700923A2E724780020707A002003
:1093400012830108208301087183010887830108C3
:1093500035830108E8600020D0B903085383010871
:1093600020810108D1890008EE820108857A002059
:1093700096830108807A002044780020A8830108A1
:10938000BE830108567A0020C5770020207800208F
:10939000577A0020C9830108747A00204E7A002091
:1093A0001381010870B58AB00C46054615F0D9FF47
:1093B00015F0EBFFC8B12E236EB268468DF8003071
:1093C0008DF8046025F0CCFE40B90A4B83F8246088
:1093D00074B1284618F0FEFE0AB070BD03280CBF19
:1093E0006FF002006FF00600F6E76FF01000F3E791
:1093F0002046F1E7FC60002030B58BB00C460546F6
:1094000015F0AFFF15F0C1FF00283AD015F0FDFDB3
:10941000B8B1002368468DF8003025F053FD10B137
:109420006FF0060011E09DF80430012B1CD0022BD8
:1094300022D0002BF4D1012D09D0022D0BD0002D0C
:10944000EED10CB3284618F023FE0BB030BD0F4B05
:1094500000221A70F5E702238DF80430684625F0E3
:109460007FFE0028EDD0DBE7012DF7D0022DF2D0F2
:10947000002DD5D10023EFE7012DE8D0022DF7D143
:10948000DFE76FF01000E0E72046DEE744780020D9
:10949000022813B5044609D0164807F047FC0021FE
:1094A000084602B0BDE81040FFF7A6BF124807F01B
:1094B0003DFCFF238DF803300DF103024FF0043320
:1094C00001210E48019318F033F801AA04210C4839
:1094D00018F02EF8204607F0B7FB012007F0B4FB88
:1094E0004FF000635A681B6883F30888904702B006
:1094F00010BD00BFE4830108F983010800400008A3
:109500000440000830B58FB00D46044615F029FF21
:1095100015F03BFF002800F0A58001238DF81030E6
:10952000002C4DD18DF8143004A825F019FE002828
:109530004AD1002C53D11021684618F081FC0F232A
:1095400004A88DF81030CDF814D025F009FE0028BD
:109550003AD10421684618F09BFC07238DF810309F
:10956000009B04A81BBA059325F0FAFD60BB1021EF
:10957000684618F005FD0C2304A88DF81030CDF8CE
:1095800014D025F0EDFDF8B90D2304A88DF81030A6
:10959000CDF814D025F0E4FDB0B90E2304A88DF861
:1095A0001030CDF814D025F0DBFD68B918F06AFD55
:1095B0002146FFF721FF48B9002D45D1284605E097
:1095C00004A825F07FFC18B16FF006000FB030BD85
:1095D0009DF81430012B08BF8DF81400A4E7082172
:1095E000684618F07DFC022304A88DF81030CDF8F1
:1095F00014D025F0B5FD0028E6D10821684618F002
:10960000CFFB032304A88DF81030CDF814D025F03B
:10961000A7FD0028D8D11021684618F0E9FB0823DF
:1096200004A88DF81030CDF814D025F099FD00284D
:10963000CAD1092304A88DF81030CDF814D025F034
:109640008FFD0028B8D0BFE718F0F8FCA04205D085
:1096500018F058F918F04CF916F054F8204618F0A4
:10966000F3FCB3E76FF01000B0E710B5012100B1D3
:109670000846FFF747FF4FF0FF33BDE810401A469A
:1096800019460120FFF768B870B5044D0646044638
:109690000FCD0FC42B682360304670BD28780020A2
:1096A000014B1878704700BF44780020014B1878B0
:1096B000704700BF857A002010B5044615F0A5FC60
:1096C00028B1012C06D8054B00201C7010BD6FF08E
:1096D0000B00FBE76FF00200F8E700BF857A00207F
:1096E00038B504460D46032829D8DFE800F0021FEC
:1096F000222502F0CBFC10B3124B134A43F824008E
:10970000426253F824201149916253F824201049F1
:10971000D16253F824200F49116353F824300E49C5
:109720005B682846F2229847002038BD16F092FE6A
:10973000E1E717F03FF9DEE717F060FBDBE74FF0FA
:10974000FF30F2E7D003002021830008BD85000828
:109750006B96000821000208D376002000B58BB07C
:1097600030238DF8003068461923019325F0F8FC6A
:109770000BB05DF804FB0000F0B58FB0054615F0A6
:10978000CCFB15F031FC012828D001F0C7FF0024E4
:1097900015F014FD022805D015F035FC10B1AB4BC7
:1097A000DB6A984715F020FC012814D19CB915F00C
:1097B000B6FD80B115F0AFFD054615F0B0FD0646CB
:1097C00015F0B1FD074615F0B2FD3A4603463146A5
:1097D0002846FEF7C1FF20460FB0F0BDCDB929F0F5
:1097E000DFFC9B489B4B03609B4B43609B4B9C491E
:1097F00083609C4BC3600023C1E900339A4B8B60AC
:109800002A469A4BCB6025F0F9F888B16FF0060430
:10981000BEE7142D04D1022029F0C2FC0025E0E7A8
:10982000152D01D10320F7E7162DDAD10420F3E737
:109830008F4B01221A7035238DF8103004A88D4B00
:10984000059325F08DFC0028E0D16B1E012B03D978
:1098500005F0FD03082B29D1002301A8ADF8023043
:1098600018F080FA0446002892D1BDF8023001AA0F
:109870000146012412F8016B26B104FA00F10B43F2
:109880009BB2012101300C28F4D109B1ADF80230AE
:1098900015F069FD0146002800F0B78015F063FD62
:1098A000FFF730FB044600287FF472AF052D00F06F
:1098B000B18018F0C3FB0021FFF724FE0446002806
:1098C0007FF466AF16F0E5FA044600287FF460AF37
:1098D00018F0D8FB2146FFF78FFD044600287FF4DF
:1098E00057AF18F0BDFB214615F0D1FD0446002806
:1098F0007FF44EAF18F0D8FB2146FFF7E5FB044696
:1099000000287FF445AF18F0E1FB214615F0C7FEB3
:10991000044600287FF43CAF18F01AFC214615F0ED
:1099200098FE18F0E5FB214615F0D7FD0446002807
:109930007FF42EAF18F012FC214615F00CFE044601
:1099400000287FF425AF18F01BFC214615F023FEFC
:10995000044600287FF41CAF18F036FC2146FFF7C0
:1099600021FD044600287FF413AF18F0D1FE00213A
:1099700015F02DFC044600287FF40AAF342304A818
:109980008DF8103025F09EFA059D15F0E0FCA880BA
:1099900015F0E5FC003818BF012085F8AF0115F07F
:1099A00032FB002843D034482AF09EFE334831F081
:1099B00093FDFFF7D3FE25F0FDF9054600287FF45F
:1099C00025AF2F492F4816F0DBFA2F492846FFF71D
:1099D00087FE014600287FF419AF0120FFF780FEC3
:1099E000014600287FF412AF0220FFF779FE00281D
:1099F0007FF40CAF25490320FFF772FE00287FF4A7
:109A000005AF234816F0F4FFC2E60DF10200FEF7A1
:109A100006FE47E715F0A7FC00283FF44AAF0020F8
:109A2000FFF770FA044600283FF443AFB0E615F0A4
:109A300069FE15F0C1FB0028B5D018F035FB2146B2
:109A4000FFF742FB0028AED0A2E600BFD0B9030862
:109A50001078002025840008858C000819910008E2
:109A60000078002089840008A58300088D83000801
:109A70004A79002000030001D0600020D860002057
:109A8000D077002098600020E0770020F077002059
:109A900015830008F0B58BB0064615F051FAC0B238
:109AA000002800F08180022E04D16FF010042046BF
:109AB0000BB0F0BD042EF8D015F053FCB04200F00E
:109AC0009F80304615F061FC0028EED0FEF799FC2F
:109AD000044618B14B4B1B78002BE8D116F00CFA5A
:109AE0000028E4D118F000FD07460028DFD1002E41
:109AF0005FD1012029F054FB3546434943482A46AB
:109B000024F07CFF002878D12C2368468DF80030A3
:109B100025F0D8F9002870D19DF8040018F0CAFA91
:109B200004460028C3D1202768468DF8007025F030
:109B3000C9F9002861D19DF8080018F0CDFA044653
:109B40000028B4D168468DF8007025F0BBF90028D4
:109B500053D1019818F0F0FA04460028A7D12F231A
:109B600068468DF8003025F0ADF9002845D19DF804
:109B7000040018F02FFB0446002898D16B1EDBB2BE
:109B8000012B28D905F0FD03082B24D0002E18BF87
:109B90003546284618F0DAF80446002887D12846CA
:109BA000FFF7EAFD044682E7022E85D0042E83D01B
:109BB0007BE7142E04D1022029F0F2FA3D469CE7FF
:109BC000152E01D10320F7E7162E01D10420F3E76B
:109BD0003546064691E7242368468DF8003025F087
:109BE00071F950B9019818F0C7F8044600287FF4BD
:109BF0005EAF18F079FC0028C8D06FF0060456E775
:109C0000002454E74A7900200078002010780020D2
:109C100038B515F0E9F9012809D006F0B5FDD8B13D
:109C20001D491E4807F082F86FF0060412E015F097
:109C300098FBA0F11403DBB2022B054698BF002568
:109C4000FEF7DFFB04460028E7D028462AF0AAFDED
:109C50000028E2D0204638BD16F04EF90028E3D1A6
:109C600015F0C2F9012801D00024F3E715F079FBC3
:109C7000A0F11403DBB2022B054698BF002515F0B6
:109C800070FBFFF779FD04460028EDD028462AF046
:109C900089FD0028E8D0DDE7408601080E84010830
:109CA00013B5064C6368984728B9E36A019302B07C
:109CB000BDE81040184702B010BD00BFD0B903087E
:109CC000014B5B68184700BFD0B9030808B5034BC8
:109CD0005B689847003818BF012008BDD0B9030859
:109CE00008B506F043FF024A13680133136008BD4C
:109CF000E47D0020F7B5164C164E2368164D3068EB
:109D00002F68013B2360154B21681A686423434385
:109D1000511A3844B3FBF0F3114807F007F82368F1
:109D200010493BB14B6B019341F2883003B0BDE861
:109D3000F04018470C48336002782B600B6B01939E
:109D400022F00802027003B0BDE8F040184700BFDF
:109D5000DC7C0020AC7A0020B07A0020E07C00207F
:109D600078860108D0B90308B47A0020024A136843
:109D700001331360FFF7BEBFAC7A0020FFF7F6BFD8
:109D800010B5064C206801302060114604481A4680
:109D900006F0CCFFBDE81040FFF7ACBFB07A002062
:109DA00096860108F8B52D4D2D4F2B78BA6A2D4CAB
:109DB0002D4E002B33D0236D2C48013B2365E17DD4
:109DC0009047616C2A4806F0B1FF3268216D29483E
:109DD000511A06F0ABFFE26C636C13446364626C6F
:109DE000A36C9A4282BF244B1B686364606CFB685F
:109DF0009847236D23B1BDE8F84020481BF006B911
:109E00001F4A1E48137823F0040313701BF03EF81A
:109E100010B11A481BF0AAF800232B70F8BD194D99
:109E200012482B68013B2B60E17D9047326829681E
:109E30001048511A06F07AFF2B68002BDBD1104A2C
:109E40000E48137823F0040313701BF01FF800284A
:109E5000E4D0BDE8F84009481BF088B8D87C002061
:109E6000D0B90308FC600020E07C0020E47C0020E6
:109E7000B9860108CB860108D47C0020B87A00207E
:109E8000B47A0020DC7C0020F8B52E4D2E4F2B78C4
:109E9000BA6A2E4C2E4E002B35D0236D2D48013B37
:109EA0002365E17D9047616C2B4806F03FFF3268E7
:109EB000216D2A48511A06F039FF226D33689B1A2A
:109EC000274A1278B3FBF2F102FB1133254A52F80C
:109ED00023306364606CFB689847236D23B1BDE851
:109EE000F84021481BF092B8204A1F48137823F00D
:109EF000040313701AF0CAFF10B11B481BF036F8A8
:109F000000232B70F8BD1A4D12482B68013B2B60C3
:109F1000E17D9047326829681048511A06F006FF23
:109F20002B68002BDBD1114A0F48137823F0040370
:109F300013701AF0ABFF0028E4D0BDE8F8400A48DF
:109F40001BF014B8D87C0020D0B90308FC600020B6
:109F5000E07C0020E47C0020B9860108CB86010863
:109F6000D07A0020D47A0020B87A0020B47A002079
:109F7000DC7C002010B5094B1B6813B1084B1B6D2E
:109F80003BB9084C236823B106F0F8FD2368013B78
:109F90002360BDE81040044806F0C8BEDC7C002009
:109FA000FC600020E47D0020E786010870B50D4CC0
:109FB000C00000220221824200D170BDC1F3001313
:109FC00083EA1123D51043EA410302F00706C3F3E5
:109FD000080103F00103B340665D3343635501326A
:109FE000E9E700BFE47C0020064B10B5064C1B6B74
:109FF0009847236823B106F0C1FD2368013B236025
:10A0000010BD00BFD0B90308E47D002038B50D4D68
:10A01000287810F0010411D1FFF762FE2B7843F08D
:10A0200001032B70084B186B93F82410074B4FF665
:10A03000FF72DB6B49B29847204638BD6FF00500D0
:10A04000FBE700BFB47A0020FC600020D0B9030811
:10A050000F4B104810B500221A701AF017FF10B1FC
:10A060000C481AF083FF0C481AF010FF10B10A4890
:10A070001AF07CFF094B0A4CDB6A9847236803B946
:10A0800010BD06F07BFD2368013B2360F6E700BFAF
:10A09000B47A0020B87A0020DC7E0020D0B9030812
:10A0A000E47D00202DE9F04F284A137899078DB000
:10A0B000064648D4264C274D206B43F0020313700C
:10A0C000EB689847206894F82410A26A6368A76830
:10A0D0000A9394F80CB00B97A78A94F816C094F8DA
:10A0E00018E094F8198094F81A9094F81BA0E36A89
:10A0F000BFB2CDE907A30B9B0093CDE901B70A9B43
:10A10000EF69CDE90589CDE903CE49B2C0B2B847C0
:10A11000636BB3B96B6B6FF07F409847322006F0EA
:10A12000ABFC2B6C00209847EB6A30809847074ABD
:10A13000B6F90000137823F0020313700DB0BDE8E8
:10A14000F08F6B6EE7E76FF00500F7E7B47A002059
:10A15000FC600020D0B9030810B50446FFF7C0FD2D
:10A16000226B144B1344144A934220D894F82430A1
:10A170000933DBB21F2B1AD86368062B17D8A368E4
:10A18000053B072B13D8237B013B032B0FD82368F8
:10A19000022B0CD8A36A094AA3F59653934206D81A
:10A1A00007485422214622F038FC002010BD6FF0F1
:10A1B0000200FBE7802E0FF7809E4730780D0700E6
:10A1C000FC60002008B50349542222F026FC002040
:10A1D00008BD00BFFC6000202DE9F04F324C25780F
:10A1E0008DB015F004050B905BD1FFF779FD237856
:10A1F0002E482F4E43F00403237006F097FD2D48A0
:10A200002D4B03602D4B83602D4B43602D4B2E4C0B
:10A21000C3602E4B036133689847E07DFFF7C6FEAD
:10A22000206BF3689847206894F82410A26A63684A
:10A23000A7680A9794F80CC0A78A94F816E094F8D7
:10A24000188094F8199094F81AA094F81BB0E46A56
:10A25000BFB2CDE907B40A9C0094CDE903E8CDE98B
:10A2600001C749B2C0B2CDE9059AF469A047184BBD
:10A270000B9A1A601A68174B17481A604FF0FF3193
:10A28000164B00952A461AF0E1FD4FF4FA71124878
:10A290001AF00EFF10481AF0B9FE28460DB0BDE8BE
:10A2A000F08F6FF00500F9E7B47A0020F28601081C
:10A2B000D0B90308887A0020759F0008819D0008A6
:10A2C000E99F00086D9D0008FC6000207D9D00084E
:10A2D000DC7C0020E07C0020B87A0020A59D0008EE
:10A2E0002DE9F04F2C4D0446287810F008088DB069
:10A2F0004FD1002C4DDDFFF7F3FC2B78274843F0BE
:10A3000008032B70264B0360264B8360264B274D9A
:10A310004360274BC360274B03612B689847264B4C
:10A320001C601A68254C264B206B1A60EB68984716
:10A3300020686168A268237B26690A96A68A276A34
:10A3400094F816C094F817E094F81890CDF82C9073
:10A3500094F8199094F81AA094F81BB0247FCDF8C3
:10A360000CC0CDE908B40B9CB6B2CDE904E4BFB291
:10A370000A9C0094C0B2CDE9069ACDE90167AC69A8
:10A38000A04741F288306B6B984740460DB0BDE85E
:10A39000F08F6FF00500F9E7B47A0020887A00208A
:10A3A000759F0008819D0008E99F0008D0B9030847
:10A3B0006D9D00087D9D0008DC7C0020FC60002075
:10A3C000E07C00202DE9F04F364C257815F004058F
:10A3D0008DB0074663D1FFF783FC23783248334EB4
:10A3E00043F004032370324B324C01221A70324B7B
:10A3F0000360324B8360324B4360324BC360324B5D
:10A400000361336898477B6C6364BB6CA364FB6C2B
:10A41000E3643B6D2365E07DFFF7C8FD2B4B626C69
:10A420001A602B4B226D1A60606CF36898472068A5
:10A4300094F82410A26A6368A7680B9794F80CC07C
:10A44000A78A94F816E094F8188094F8199094F874
:10A450001AA094F81BB0E46ABFB2CDE907B40B9C14
:10A460000094CDE903E8CDE901C749B2C0B2CDE916
:10A47000059AF469A047174B174800952A464FF0F4
:10A48000FF311AF0E3FC4FF4FA7113481AF010FE92
:10A4900011481AF0BBFD28460DB0BDE8F08F6FF0F3
:10A4A0000500F9E7B47A0020887A0020D0B90308C3
:10A4B000D87C0020FC600020759F0008819D00086A
:10A4C000E99F00086D9D00087D9D0008D47C002058
:10A4D000E07C0020A59D0008B87A00202DE9F04F0F
:10A4E000944D297811F004048BB0064640F01E818B
:10A4F000DFF84482FFF7F4FB214690484FF40072E6
:10A500000AF000FD88F80040214623468B4C802944
:10A51000CAB203D19BB188F8001009E0F06C736CEB
:10A5200000FB0133B06C83421CD9013A88F800204B
:10A5300000276FF0004998F80030BB4217DC14F098
:10A5400010FF7F4B0A2800F2EE80DFE810F04A008F
:10A55000B600BC00C200C800CE00D400DA00E000A3
:10A56000EC00E60044F8213001310123CFE722F06E
:10A570002DFA98F8002054F82710D31B99FBF3F319
:10A58000013390FBF3F33B449F4208BF002354F890
:10A590002300414044F8271054F8271054F82300B2
:10A5A000414044F8231054F8271054F82300414048
:10A5B00044F8271054F8231054F82200414044F87E
:10A5C000231054F8231054F82200414044F822107C
:10A5D00054F8231054F822204A4044F8232001372D
:10A5E000A9E79A68574998688F5657492CF08EFB0F
:10A5F00004462B785548DFF8588143F004032B704C
:10A60000544B4F4D01221A70534B0360534B8360E0
:10A61000534B4360534BC360534B0361D8F8003036
:10A620009847464B1B686B64B36CAB64F36CEB648C
:10A63000336D2B65E87DFFF7B9FC4C4B6A6C1A60F3
:10A640004B4B2A6D1A60686CD8F80C309847286814
:10A6500095F82410AA6A2E7BAB8A95F816C095F857
:10A6600018E095F8199095F81AA095F81BB0ED6AC6
:10A6700000979BB2CDE903CECDE907B5CDE90163E3
:10A6800049B22346C0B20024CDE9059AD8F81C503F
:10A69000A847384B3848009422464FF0FF311AF053
:10A6A000D5FB4FF4FA7134481AF002FD32481AF023
:10A6B000ADFC20460BB0BDE8F08F9A682F49986832
:10A6C0008F562F4992E79A682E4998688F562E49DF
:10A6D0008CE79A682D4998688F562D4986E79A68C5
:10A6E0002C4998688F562C4980E79A682B499868BE
:10A6F0008F562B497AE79A682A4998688F562A49D3
:10A7000074E79A68294998688F5629496EE79A68CC
:10A71000284998688F56284968E79A6827499868B1
:10A720008F56274962E70024072762E76FF005008C
:10A73000C0E700BFB47A0020D07A0020D47A00208D
:10A74000FC60002094880108FC860108887A0020BB
:10A75000D0B90308D87C0020759F0008819D0008AF
:10A76000E99F00086D9D00087D9D0008D47C0020B5
:10A77000E07C0020899E0008B87A00209C880108AF
:10A780001C870108948801085C87010894880108E7
:10A790007C870108948801089C8701089488010837
:10A7A000BC870108AC880108FC870108948801086F
:10A7B000DC870108B2880108548801089C880108D8
:10A7C0001488010808B503490C2222F026F900205C
:10A7D00008BD00BFF060002038B505460B4CFFF700
:10A7E0007FFAAB68A3602B68094823606B68094D4A
:10A7F0006360094B43602B6898472068EB6B2289A4
:10A8000094F904109847002038BD00BFF060002084
:10A81000887A0020D0B90308E99F000810B58AB0F3
:10A8200088B314F0F0FB0128044609D114F0EDFBC5
:10A8300030B94FF0FF331A4619462046FDF78CFF1A
:10A84000002026F01FF901221149042006F074FCB3
:10A85000024698B941F28831042006F06FFC462385
:10A86000012468468DF800308DF8044024F078FC0F
:10A87000204614F070FD00200AB010BD47210548A5
:10A8800006F054FAEBE7042006F05AFCF3E700BFA9
:10A8900045A90008CF8001082DE9F043254D264E3B
:10A8A000264FDFF89C8085B0062301223370AA7002
:10A8B000002302222B706B70EA702B716B718DF884
:10A8C00008008DF809308DF80B304FF0E00957F88B
:10A8D000042BDCB2B2B11369A3B1204615F044FCDD
:10A8E00080B157F8043CDB68984758B198F80A20C3
:10A8F000D8F80C1028460AF0DDFA98F80A303370C0
:10A900008DF80890631CDAB2042A5BB2DFD1002311
:10A91000009304AB13E90C0031780648FEF760F8A9
:10A9200020B9074B587005B0BDE8F0834FF0FF30F9
:10A93000F9E700BFE87D0020DA7E0020D003002088
:10A94000C485002010B514F05EFB0128044609D12F
:10A9500014F05BFB30B94FF0FF331A46194620461E
:10A96000FDF7FAFEBDE810400220FFF795BF00009A
:10A97000F0B54FF4807285B000213948394D3A4C1A
:10A980000AF0C0FA00232B7023F068FC80B2C828BC
:10A9900084BF143880B2E36806389842606143D3BC
:10A9A0000021A17023712B782D4E2278F2545A1C6D
:10A9B000D2B26078B0549A1CD2B2A078B054DA1CEB
:10A9C000D2B2E078B054581D0433DBB22279F2548D
:10A9D000A368C0B21944287030440AF06BFA2B788F
:10A9E00021791944C9B200233046DAB291422FD8F6
:10A9F0001E4B1B481B788DF8083001238DF80B3057
:10AA0000A369003B18BF01238DF80C3000238DF89B
:10AA100009300093013104ABC9B213E90C0029706D
:10AA2000FDF7DEFF05B0F0BD21695B1AB3FBF0F660
:10AA3000F2B200FB16364EB9A270A278984202F12B
:10AA4000FF3228BF1846A2702071ACE70132F3E74D
:10AA500016F8012B475C3A4442540133C5E700BF66
:10AA6000F47E0020F47F0020FC830020F57F00208E
:10AA70000D4A1378BBB10D4B80B9997809B91170A3
:10AA800070471A78197960F341021A70DA78013246
:10AA9000DA701A690A441A61FFF76ABF1A7842F03D
:10AAA00002021A70F8E7704718840020FC83002027
:10AAB0002DE9F8431C46431EDBB2DE2B0E4605464D
:10AAC00011462AD8B4F5806F27D8164F164BDFF8F9
:10AAD0005C904FF001082246384683F800800AF067
:10AAE000E9F9C9F80040124C237823F0030343EA44
:10AAF00008032370FF2006F017FB00232361D9F819
:10AB00000030E3600B4B607084F80380A760A6619F
:10AB10001D70BDE8F843FFF72BBF6FF00200BDE8E2
:10AB2000F88300BFF67F002018840020F8830020FF
:10AB3000FC830020F57F0020014B1870704700BF98
:10AB400079840020024B034A1B78D054704700BF21
:10AB500079840020198400202DE9F0438BB0232351
:10AB6000054668468DF8003024F0ACF9024600280E
:10AB700052D12B4B2B4ED3F800E093F906800746B9
:10AB8000BCB2002006EB020C00EB0209CE4581B2FC
:10AB900030D11CF90090C1452CD10F291CD1052CB6
:10ABA00006D14FF0FF321A6000200BB0BDE8F083F1
:10ABB0000134A4B22101019A196032F8142002F084
:10ABC00001029A80725C9A711549082228460AF09F
:10ABD00071F96FF00D00E8E7013188B212FA81F2E5
:10ABE0000121814001981A6030F81700B25C0140E1
:10ABF0009980E8E701301028C6D10137062F02F10D
:10AC00001002BDD100221A60019A128802F00102DE
:10AC10009A80044A1278D6E76FF00600C5E700BFB5
:10AC2000506100201984002010B5064B1B680446B3
:10AC300003B19847044B0CB100225A7000225A719C
:10AC400010BD00BFB88500209F85002038B5114C8D
:10AC500000236370A37017F0DFF9C0B2B0B90E48DB
:10AC600006F064F80D4B02225A720D4A156815B1B0
:10AC700093E80700A847E37853B9237943B9094B10
:10AC80001B6B9847BDE8384005F078BF0648E7E7FA
:10AC900038BD00BF9F850020C2880108A88500201C
:10ACA000B4850020D0B90308DD88010813B5144C21
:10ACB00000236370FDF729FB18B11249124806F012
:10ACC00035F8124B1B6803B1984717F0A5F9C0B2CD
:10ACD00090B90F4806F02AF805F050FF23796BB1C0
:10ACE000012363700B4C236B9847636B0193002027
:10ACF00002B0BDE8104018470748EBE702B010BDAE
:10AD00009F850020AD890108C9890108BC85002004
:10AD1000F8880108D0B903080A89010808B5064B6C
:10AD200000225A70FDF7F1FA28B1BDE80840034946
:10AD3000034805F0FBBF08BD9F850020B6890108C8
:10AD4000C989010810B5124B00225A709A781AB9B5
:10AD5000DA780AB91A7912B101225A7010BD17F0C7
:10AD60005BF9C0B290B90B4805F0E0FF0A4B012235
:10AD70005A720A4A146814B193E80700A047084BB6
:10AD80001B6B9847BDE8104005F0F8BE0548EBE79F
:10AD90009F8500201C890108A8850020B48500201B
:10ADA000D0B903083989010808B517F035F9C0B2E0
:10ADB00008BD0000044B587820B9987810B9D878AD
:10ADC00000B91879704700BF9F85002017F098BB25
:10ADD0000A4B0B4A0344934210B5044605D814F0BD
:10ADE000AFF8084B20B19C4205D86FF0020010BDAF
:10ADF0009C42FCD9F9E70020F9E700BF802E0FF74D
:10AE0000809E47300046C32317F08CBB05380728C7
:10AE10008CBF6FF002000020704708B517F094FB5C
:10AE20007D2806D0FA2806D0B0F5FA7F08BF0220A8
:10AE300008BD0020FCE70120FAE7000010B5044639
:10AE400017F0EAF8C0B268B97D2C01D1002010BD1E
:10AE5000FA2CFBD0B4F5FA7FF8D0092CF6D96FF0B4
:10AE60000200F4E717F0D8F8C0B20228EED1024B86
:10AE7000A4F596549C42F1E7780D070017F080BBCB
:10AE800003288CBF6FF002000020704717F08ABBC8
:10AE9000042894BF6FF002000020704717F094BBA5
:10AEA000053811288CBF6FF002000020704717F0A2
:10AEB0009DBB17F0A1BB17F0ABBB17F0B7BB17F0EA
:10AEC000CFBB17F0DBBB08B517F070FC003818BF1C
:10AED000012008BD17F070BC2DE9F041FF29ADF548
:10AEE000087D0C46174633D848AE0A460146304620
:10AEF00009F0E0FF14F00F030ABF1022C3F11003A2
:10AF00001346204618BFDAB21C4484421DDC1021CF
:10AF100007A8FFF7D4FF0DF12C08102103A8FFF7B5
:10AF2000CAFF4246102103A817F030FFE5B2CDF862
:10AF3000008007ABC4F303123946304617F033FFE5
:10AF400028460DF5087DBDE8F08132540130DCE77C
:10AF50006FF00200F5E7F0B5C9B00D4606461021C6
:10AF600007A814460BAFFFF7AAFF102103A8FFF7AD
:10AF7000A2FF3A46102103A817F008FF07AB2A09E1
:10AF800000972146304617F026FF6219284612F82E
:10AF9000013C012B03D1681EC0B249B0F0BD022BA9
:10AFA00005D112F8023C022BF6D1A81EF4E7032BC0
:10AFB00009D112F8023C032BEED112F8033C032B0B
:10AFC000EAD1E81EE8E7042B0DD112F8023C042B6D
:10AFD000E2D112F8033C042BDED112F8043C042B1E
:10AFE000DAD1281FD8E7052B11D112F8023C052B26
:10AFF000D2D112F8033C052BCED112F8043C052B1C
:10B00000CAD112F8053C052BC6D1681FC4E7062B30
:10B0100015D112F8023C062BBED112F8033C062BC8
:10B02000BAD112F8043C062BB6D112F8053C062B17
:10B03000B2D112F8063C062BAED1A81FACE7072B05
:10B0400019D112F8023C072BA6D112F8033C072BAA
:10B05000A2D112F8043C072B9ED112F8053C072B15
:10B060009AD112F8063C072B96D112F8073C072B11
:10B0700092D1E81F90E7082B22D112F8023C082B4E
:10B080008AD112F8033C082B86D112F8043C082B15
:10B0900082D112F8053C082B7FF47EAF12F8063CF3
:10B0A000082B7FF479AF12F8073C082B7FF474AFBC
:10B0B00012F8083C082B7FF46FAFA5F108006BE78E
:10B0C000092B2AD112F8023C092B7FF465AF12F844
:10B0D000033C092B7FF460AF12F8043C092B7FF48A
:10B0E0005BAF12F8053C092B7FF456AF12F8063C13
:10B0F000092B7FF451AF12F8073C092B7FF44CAFBA
:10B1000012F8083C092B7FF447AF12F8093C092BD1
:10B110007FF442AFA5F109003EE70A2B2FD112F8C8
:10B12000023C0A2B7FF438AF12F8033C0A2B7FF461
:10B1300033AF12F8043C0A2B7FF42EAF12F8053C13
:10B140000A2B7FF429AF12F8063C0A2B7FF424AFB8
:10B1500012F8073C0A2B7FF41FAF12F8083C0A2BA9
:10B160007FF41AAF12F8093C0A2B7FF415AF12F8DE
:10B170000A3C0A2B7FF410AFA5F10A000CE70B2B59
:10B1800034D112F8023C0B2B7FF406AF12F8033CCB
:10B190000B2B7FF401AF12F8043C0B2B7FF4FCAEB9
:10B1A00012F8053C0B2B7FF4F7AE12F8063C0B2B84
:10B1B0007FF4F2AE12F8073C0B2B7FF4EDAE12F8E1
:10B1C000083C0B2B7FF4E8AE12F8093C0B2B7FF404
:10B1D000E3AE12F80A3C0B2B7FF4DEAE12F80B3C08
:10B1E0000B2B7FF4D9AEA5F10B00D5E60C2B39D192
:10B1F00012F8023C0C2B7FF4CFAE12F8033C0C2B60
:10B200007FF4CAAE12F8043C0C2B7FF4C5AE12F8E2
:10B21000053C0C2B7FF4C0AE12F8063C0C2B7FF4DF
:10B22000BBAE12F8073C0C2B7FF4B6AE12F8083C0C
:10B230000C2B7FF4B1AE12F8093C0C2B7FF4ACAEB2
:10B2400012F80A3C0C2B7FF4A7AE12F80B3C0C2B27
:10B250007FF4A2AE12F80C3C0C2B7FF49DAEA5F14E
:10B260000C0099E60D2B3ED112F8023C0D2B7FF419
:10B2700093AE12F8033C0D2B7FF48EAE12F8043C13
:10B280000D2B7FF489AE12F8053C0D2B7FF484AEB4
:10B2900012F8063C0D2B7FF47FAE12F8073C0D2B05
:10B2A0007FF47AAE12F8083C0D2B7FF475AE12F8DD
:10B2B000093C0D2B7FF470AE12F80A3C0D2B7FF485
:10B2C0006BAE12F80B3C0D2B7FF466AE12F80C3C03
:10B2D0000D2B7FF461AE12F80D3C0D2B7FF45CAEAC
:10B2E000A5F10D0058E60E2B43D112F8023C0E2BAF
:10B2F0007FF452AE12F8033C0E2B7FF44DAE12F8E1
:10B30000043C0E2B7FF448AE12F8053C0E2B7FF464
:10B3100043AE12F8063C0E2B7FF43EAE12F8073C0B
:10B320000E2B7FF439AE12F8083C0E2B7FF434AEAE
:10B3300012F8093C0E2B7FF42FAE12F80A3C0E2BAC
:10B340007FF42AAE12F80B3C0E2B7FF425AE12F8D8
:10B350000C3C0E2B7FF420AE12F80D3C0E2B7FF42C
:10B360001BAE12F80E3C0E2B7FF416AEA5F10E00AC
:10B3700012E60F2B48D112F8023C0F2B7FF40CAED3
:10B3800012F8033C0F2B7FF407AE12F8043C0F2B8E
:10B390007FF402AE12F8053C0F2B7FF4FDAD12F8DE
:10B3A000063C0F2B7FF4F8AD12F8073C0F2B7FF40F
:10B3B000F3AD12F8083C0F2B7FF4EEAD12F8093C08
:10B3C0000F2B7FF4E9AD12F80A3C0F2B7FF4E4ADAC
:10B3D00012F80B3C0F2B7FF4DFAD12F80C3C0F2B57
:10B3E0007FF4DAAD12F80D3C0F2B7FF4D5AD12F8D7
:10B3F0000E3C0F2B7FF4D0AD12F80F3C0F2B7FF4D7
:10B40000CBADA5F10F00C7E5102B08BFA5F11000CB
:10B41000C2E500002DE9F04F324E4FF00009C1B0F7
:10B4200005460C4690461F4686F8019086F8029025
:10B4300017F0DCF800283FD04FF480724946684688
:10B4400009F060FD23071EBF24F00F041034A4B2DE
:10B4500021466A462846FFF77EFDC4B22246694669
:10B46000214809F027FD16F0D7FDC0B23A46414603
:10B4700028BB1E48DFF870A0DFF874B005F056FC5A
:10B480002546D146EDB91B4805F050FC1A4B1B4828
:10B490001B68A0F8068007720471C0F8009045721E
:10B4A0000BB107C89847F3780BB933798BB10123F7
:10B4B000737041B0BDE8F08F22462946D0E71048AE
:10B4C000D8E71AF8011B5846013D05F02FFCADB234
:10B4D000D8E70C4B1B6B984741B0BDE8F04F05F027
:10B4E0004DBB00BF9F850020A08400205689010825
:10B4F0007A890108B6860108B4850020A885002055
:10B5000068890108D0B9030817F0EAB817F0EEB857
:10B5100017F016B9F82801D817F018B96FF0020023
:10B52000704717F0FBB817F0FFB817F01BB917F00A
:10B530001FB917F029B9000070B5074B5D6C0446C0
:10B54000010A4FF4E860A847E1B22B4640F241708F
:10B55000BDE87040184700BFD0B903082DE9F04F8F
:10B560009BB017F0FFF80B9017F0D8F80C9017F07D
:10B57000E7F80F9017F0BAF8109017F0B1F80D90A7
:10B5800017F002F9119005F057FA002800F0A38097
:10B5900014A805F05DFADDF850B09DF864809DF8C0
:10B5A0005470BDF8625016F037FDC0B2002840F06C
:10B5B0008A80169C9DF86060013616F02DFD10F013
:10B5C000FF0244D1129217F0BBF86FF07F4308934B
:10B5D0000C9BDFF844A107930B9B129A0E90CDE9C8
:10B5E0000253DAF81C30129301205FFA86F9DDF875
:10B5F00048C00490CDE90522CDE9007923464FFAF1
:10B6000088F11392E0470E9B139A0092B3FA83F3EA
:10B610005B0909930C9B08930B9B0393BDF83C308B
:10B62000CDE90153DAF818300B930120CDE904205D
:10B63000CDE906224B463A4621460B9FB8470120EA
:10B64000DAF85430FF2198471198FFF775FF16F08C
:10B65000E3FCC0B20228304F2ED100206FF07F43B0
:10B66000CDE907030D9B0093FB690B934FF0010A93
:10B67000F6B2CDE90500CDE9030ACDE90165109ADE
:10B68000DDF82CC023464FFA88F1E047002005235F
:10B69000CDE90153CDE90700CDE905A0CDE90300CF
:10B6A000009033462146BD690D9ACDF824A0A847E5
:10B6B0007B6DFF21504698475846FB68984700200D
:10B6C0001BB0BDE8F08F16F0A7FCC0B2022804BF83
:10B6D000179C64086EE716F013FF834616F074FF9C
:10B6E000804616F01FFF074616F05CFF054616F071
:10B6F00093FCC0B230B9FFF790FB044616F040FF50
:10B70000461C5AE716F088FCC0B20228F6D1FFF7B3
:10B7100084FB4408F2E700BFD0B903080A4808B523
:10B720000A4B03600A4B83600A4B43600A4BC360B9
:10B730000A4B03610A4B83610A4B1B689847FFF76A
:10B740000DFF002008BD00BF7C840020ADAC0008C8
:10B7500015B400081DAD000845AD00084DAC00084B
:10B7600029AC0008D0B90308F8B5254D6B7806461A
:10B770000C46174623B12B7913B96FF00500F8BDBD
:10B78000FFF7ECFE16F032FF10B321461D4A30469B
:10B79000FFF7A2FBC4B21C4E05F0E8F9336B9847E3
:10B7A00001236B70D7B9B36A164821469847FCF756
:10B7B000ACFD0028E3D021461448124D144E05F08C
:10B7C000B5FAA4B2A4B9134805F0B0FA2046D6E7FA
:10B7D000224631460B4809F06DFBDCE76B71B36B19
:10B7E00098476B79002BFCD16B78002BDBD1C4E739
:10B7F00015F8011B3046013C05F098FAA4B2E1E7C8
:10B800009F850020A0840020D0B903087F8901080B
:10B810007A890108B6860108B0F5803F70B5044604
:10B8200041D2431E0D2B214898BF0F240C2200212A
:10B8300009F068FB1E4B5CB19A781AB9DA780AB93C
:10B840001A792AB11B4805F071FA6FF0050070BD36
:10B850000122194D5A704CB99C705C70DC701C71DF
:10B8600005F08CF92B6B98470020F0E74FF6FF713D
:10B870008C426E6B09D19A70FFF770FE2B6B984764
:10B880000020B04705F072F9EEE74FF6FE718C42EA
:10B8900001D1DA70F0E74FF6FD718C4201D11A71D7
:10B8A000EAE72046EDE76FF00200D0E7A885002028
:10B8B0009F85002099890108D0B903080C4B0D4AD7
:10B8C0000344934210B5044602D96FF0020010BD44
:10B8D00013F036FB084B40B19C42F6D9204616F0D7
:10B8E00015FEFFF73BFE0020F1E79C42F6D9ECE79E
:10B8F000802E0FF7809E47300046C32308B5431FB4
:10B90000072B05D816F014FEFFF728FE002008BD0F
:10B910006FF00200FBE7000010B5044616F07CFB58
:10B9200010F0FF000CD17D2C14D0FA2C1CD0B4F5F3
:10B93000FA7F1BD0092C0ED96FF00204204610BDEF
:10B9400016F06AFBC0B2022805D1094BA4F5965245
:10B950009A42F0E70446204616F000FE044600280E
:10B96000ECD1FFF7FBFDE9E70124F4E70224F2E75D
:10B97000780D0700032808B505D816F007FEFFF775
:10B98000EDFD002008BD6FF00200FBE7042808B5BC
:10B9900005D916F00DFEFFF7E1FD002008BD6FF0A0
:10B9A0000200FBE708B5431F112B05D816F012FE65
:10B9B000FFF7D4FD002008BD6FF00200FBE7000098
:10B9C000084BA0F516729A4210B5044606D8FFF748
:10B9D000C5FD2046BDE8104016F06ABE6FF00200BB
:10B9E00010BD00BFE80A0300084BA0F516729A428A
:10B9F00010B5044606D8FFF7B1FD2046BDE810405B
:10BA000016F062BE6FF0020010BD00BF8891040006
:10BA100010B516F0BFFE044613F07FFAFFF79EFD47
:10BA2000204610BD014B1878704700BFC485002028
:10BA3000014B5878704700BFC4850020024820227F
:10BA4000002120F0FEBF00BFD885002038B50B4D87
:10BA50000B4C78B171B1012323700A4BE160627223
:10BA60002860836000252582FFF7E8FF6570A574D4
:10BA7000A58638BD00232B602370F3E7C085002026
:10BA8000C48500200DC0000810B50E4C94F8353068
:10BA90006BB194F83600002184F8351018B90146CE
:10BAA000FDF7AAFC03E00128FAD00228F8D094F8A8
:10BAB000343033B1002384F83430BDE8104013F043
:10BAC0002DBA10BDC485002070B54E4B6422196A92
:10BAD000B1FBF2F2D9680120412498720C70997A76
:10BAE000DC681D7D0E189E726554997ADC68DD8ACB
:10BAF0000E189E7265549C7AD98ADD68090A261848
:10BB00009E722955997ADC680D189D726254997A53
:10BB1000DC680D189D72150A6554997ADC680D1859
:10BB2000120C9D726254D9689A7A14189C7293F818
:10BB300024408C549A7AD968B3F9264015189D721E
:10BB40008C549A7AD96893F9274015189D728C54B1
:10BB50009A7AD96893F9284015189D728C549A7A6C
:10BB6000D96814189C7293F829408C549A7AD96831
:10BB70009C6915189D728C54DC689A69997A120A2E
:10BB80000D189D7262549A7AD9685C8B15189D7253
:10BB90008C549A7AD968DC7E15189D728C549A7AE6
:10BBA000D96814189C7293F82A408C549A7AD968F0
:10BBB00014189C7293F82B408C549A7AD9681418F4
:10BBC0009C7293F82C408C549A7AD96814189C7201
:10BBD00093F82D408C549A7AD96814189C7293F873
:10BBE0002E408C549A7AD96814189C7293F82F407E
:10BBF0008C549A7AD96814189C7293F830408C54FB
:10BC0000587070BDC48500202DE9F047B04C2378F2
:10BC10008CB0002B52D0C3780BB9837C13B1238A2C
:10BC200001332382437B002B48D0C378E02B45D1DE
:10BC30000025A572876897F80080B8F1220F27D8F1
:10BC4000B8F1220F35D8DFE818F0C700D800DC00C3
:10BC5000FB00020113011A0135014B01630176015A
:10BC60003400340034003400340034003400340034
:10BC70003400340034003400340034003400340024
:10BC800034003400340034003400780187018B0123
:10BC9000B8F17D0F00F07F8113D8B8F1420F00F0AA
:10BCA0006B81B8F1430F00F07481B8F1400F00F0E0
:10BCB0005D81A37A003B18BF012363700CB0BDE81F
:10BCC000F087B8F17E0F00F08781B8F17F0FF0D1D7
:10BCD000362301A88DF8043023F0F4F894F80A9084
:10BCE000E6689DF808009DF809509DF80A709DF8D7
:10BCF0000BC09DF80D309DF80E209DF80F109DF89B
:10BD00000CE009F1010A84F80AA006F80980714ED6
:10BD100094F80A903668D4F80C8009F1010A84F886
:10BD20000AA096F803A008F809A094F80A90D4F89D
:10BD30000C8009F1010A84F80AA096F802A008F81C
:10BD400009A094F80A90D4F80C8009F1010A84F84B
:10BD50000AA096F801A008F809A094F80A9009F141
:10BD6000010A84F80AA096F80080E66806F80980BF
:10BD700094F80A80E66808F1010984F80A9006F848
:10BD800008C094F80AC0E6680CF1010884F80A803B
:10BD900006F80C70A77AE66807F1010C84F80AC06F
:10BDA000F555A57AE6686F1CA7727055A07AE5680C
:10BDB000461CA6722954A17AE0684D1CA572425413
:10BDC000A27AE168501CA0728B54A37AE268591CD5
:10BDD000A17202F803E06CE7E36801220021A2727D
:10BDE0001970A37AE1689818A0720620C854A37A43
:10BDF000E1689818A072CA545BE7012384F83430D4
:10BE000057E713F0AEFA00F0FD03082B014604D10A
:10BE1000FF23ADF80430012105E001280BD140F2E9
:10BE2000FF13ADF8043001A8FCF7F9FB2A4BDB6ADD
:10BE3000012098473DE70228F8D140F6FF73E8E774
:10BE40007B7884F83630012384F8353031E70523D8
:10BE50008DF804307B78003B18BF012301A88DF8D2
:10BE6000083023F07DF99DF8080016F0FFF820E770
:10BE70007878003818BF012024F004FE19E7174E27
:10BE80000FCE01AD0FC50FCE0FC596E8070085E8B0
:10BE900007007B780A2B3FF60CAF0E4A12685268F7
:10BEA000002A3FF406AF0CA901EB830353F82C0CD6
:10BEB0009047FEE67878431E012B3FF6FAAE054B1D
:10BEC00001381B6818BF012020729B68B1E700BFD2
:10BED000C4850020C085002058610020E87F01084B
:10BEE000E26801230821A3721170627A057BA17AAE
:10BEF000AA4228BF2A469342BFF4DBAE85685A1C8B
:10BF0000EB5CE56801334E1CA6726B54D3B2ECE7D0
:10BF1000E3680122A27209221A70A37AE268218AD8
:10BF2000581CA072D154238AA27AE1681B0A501CC3
:10BF3000A0728B54BDE62582BBE6052301A88DF8CF
:10BF4000043023F007FE2F4B9B6A002B3FF4B1AE69
:10BF5000059A01A99847ACE62A4B1B6B9847A8E6BF
:10BF6000294B78781B686075DB6862E77B78003B5B
:10BF700018BF0123A3749CE6E3680122A27283F830
:10BF80000080A37AE268E18A581CA072D154E38A47
:10BF9000CAE7E5828DE6037B072B7FF48AAE062392
:10BFA0008DF80430B7F80130ADF808307B793A7974
:10BFB0001B0443EA0223FA78134364225343039396
:10BFC000BB798DF810300F4B01A89D6A23F0C2FD9C
:10BFD000059A01A9A8476CE6462301A88DF804300C
:10BFE0008DF8085023F0BCF884F8345013F00BF8A7
:10BFF000012802D1034BDB6A9847002013F0ABF90C
:10C0000057E600BF58610020C085002008B913F032
:10C0100073B80128FBD0704703780B2B10B506D1FD
:10C020004378044C23B9FFF709FD0123237510BDA4
:10C030000023FBE7C485002070B5124E3378FBB1B6
:10C0400003780A2B09D00E2B1AD1FFF7F7FCB37C2B
:10C05000B3B1BDE87040FFF737BD43780D2B06D173
:10C06000337D0BB901233375F38A0133F382041D49
:10C070000FCC054D0FC594E8070085E80700E6E7FB
:10C0800070BD00BFC4850020DC85002000487047DB
:10C09000586100201B2937B5434B05460C460FD08D
:10C0A0000CD80A2934D00D2932D008290BD01A789F
:10C0B000012A5FD15B2C65D1022202E07F29F5E7DE
:10C0C00001221A7054E0394900221A700B68002BC3
:10C0D0004ED0013B0B6036490824CA542846012241
:10C0E0000DF107018DF8074004F0C4FD2023012263
:10C0F0000DF1070128468DF8073004F0BBFD012241
:10C100000DF1070128468DF8074004F0B3FD2FE03C
:10C11000002227481A70FAF73DF800B315F0ECFD3D
:10C1200088B10A2301220DF1070128468DF8073056
:10C1300004F0A0FD0D2301220DF1070128468DF822
:10C14000073004F097FD1A48FAF724F81849024618
:10C15000284600F08BF81749174804F0E7FD40F631
:10C1600001021348002108F0CDFE104B00221A6096
:10C1700003B030BD022A05D1A4F14102012A01D841
:10C1800000229EE70949002018700B6840F2FE72F9
:10C190009342EDD85A1C0A600549CC54885415F0D6
:10C1A000ABFD0028E4D0AAE7FC850020548E0020D7
:10C1B00050860020B8860108C289010808B50B49DD
:10C1C0000B4804F0B3FD142200210A4808F09AFE3F
:10C1D00040F601020848002108F094FE074B0022B7
:10C1E0001A60BDE8084000F03BBB00BFB8860108FC
:10C1F000C28901080086002050860020548E00204D
:10C20000F8B505460C461646F9F7C4FF074628461A
:10C21000F9F7C0FF38B30123002E63664FF0000327
:10C2200008BF192625601846626EB24219DAEA186C
:10C2300014E01146013291F800C0BCF13A0F0CD164
:10C2400008705A1CA918AA5C5AB1626E02F1010C5E
:10C25000C4F864C044F82210E6E70133BB42E8DBCF
:10C26000EFD10020F8BD0220FCE700002DE9F04FDF
:10C270000024ADF6AC0D93468146884668222146DF
:10C280000FA8CDE9034408F03DFEBBF1010F0AD130
:10C2900098F800300D2B01D00A2B0ED120460DF658
:10C2A000AC0DBDE8F08FBBF1000F06D18C4B8D4873
:10C2B000996804F03BFD0224F0E7434600241D4644
:10C2C00013F8012B12F0DF0F02D03D2A40F0AA80B4
:10C2D0002246414607A808F0EDFD07AB00271F5591
:10C2E000013C95F800A01B5D3F2B00F0A1807E4E25
:10C2F0000025142303FB05F207A9905909F042FB1E
:10C3000014230446002840F04F81BAF13D0F40F05D
:10C31000938007A8F9F73EFF0130584500F04081AF
:10C3200014236B4306EB030AF058F9F733FF01308F
:10C330009AF808200FA94044FFF762FF002F00F091
:10C34000ED80002D40F097806848674C684E694F3B
:10C35000DFF8A48104F0EAFC6848CDE9055504F053
:10C36000E5FC7225E068F9F715FFE0B1082200212D
:10C3700005A808F0C7FD237CD80662D5604905A84A
:10C3800009F01AFB237CDB0707D505A8F9F702FFA4
:10C3900005AB3946184409F00FFBE368216805AA8C
:10C3A000304604F0C3FC013D04F11404DAD1554DCC
:10C3B000554E564FDFF8588140242B683BB3324628
:10C3C000394629A809F0BEFA2869F9F7E3FEF0B169
:10C3D0000822002105A808F095FD2B7DD8063DD543
:10C3E000474905A809F0E8FA2B7DDB0707D505A822
:10C3F000F9F7D0FE05AB3F49184409F0DDFA2B6987
:10C4000000936B6805AA29A9404604F08FFC013C03
:10C4100005F11805D1D1324B53F824103D4804F0F2
:10C4200085FC3BE70134202C7FF449AF0124F2E77F
:10C4300007AB1F5501275AE7BAF1000F3FF47EAF53
:10C440006EE7590701D5344999E79A079AD505A8A7
:10C45000F9F7A0FE05AB4146184491E7590701D50D
:10C460002D49BEE79A07BFD505A8F9F793FE05AB9E
:10C4700021491844B6E70822002103A808F042FD2C
:10C48000142303FB05631B7CDF061BD51C4903A893
:10C4900009F092FA142303FB05631B7CDA0707D526
:10C4A00003A8F9F777FE03AB1249184409F084FAA0
:10C4B00014235D4373197159DB6803AA0C4804F017
:10C4C00035FCA8E7580701D51349E0E79907E1D5FE
:10C4D00003A8F9F75FFE03AB07491844D8E700BF8C
:10C4E00090610020C7890108BC610020CE89010845
:10C4F000478A0108D49D01083EA10108B6860108BB
:10C500003C8A0108588E0020538A0108588A010885
:10C510005D8A0108C4890108448A0108142404FBC7
:10C520000564237CDB0681D47A490F98F9F728FE4D
:10C5300018B9237C13F0060F32D076490F98F9F71B
:10C540001FFE074660B1289B002B2BDD142303FB45
:10C5500005631B7C5F0721D51C073FF567AF0127EB
:10C5600014235D4306EB05087159D8F804300FAA6F
:10C57000484698470446002840F0C68098F8103096
:10C5800059077FF548AF1A073FF545AF002F3FF435
:10C5900042AF43F0080388F810303CE7D807DED4F8
:10C5A000022438E70027DBE70135722D7FF4A2AEC5
:10C5B000DFF864B100265D46DBF80020002A00F0B9
:10C5C0009B805648042207A909F0FEF9002840F094
:10C5D0009380DBF8000008A909F0D4F9044600288C
:10C5E00040F08A80BAF1000F0DD01823734305EB99
:10C5F000030AE858F9F7CEFD05309AF80C200FA988
:10C600004044FFF7FDFD1823734305EB0308434A3D
:10C61000EB58434929A809F095F967B3082200218E
:10C6200003A808F06FFC95F8C43ADF0616D53D491B
:10C6300003A809F0C1F995F8C43ADA0707D503A8A9
:10C64000F9F7A8FD03AB3849184409F0B5F91823E8
:10C6500003FB065503AA2B6929A92FE7580701D523
:10C660003249E5E79907E6D503A8F9F793FD03AB4F
:10C670002F491844DDE798F81430DB063FF5D6AEB5
:10C6800024490F98F9F77CFD28B998F8143013F075
:10C69000060F3FF4CBAE1F490F98F9F771FD07461F
:10C6A00060B1289B002B25DD182303FB06531B7D5F
:10C6B0005F071BD51C073FF5B9AE0127182303FB05
:10C6C00006550FAAAB6829A9484698470446D8B929
:10C6D0002B7D59077FF59FAE1A073FF59CAE002FC3
:10C6E0003FF499AE43F008032B7594E6D8077FF525
:10C6F00057AFE2E70027E1E70136402E0BF1180BB8
:10C700007FF45AAF092486E60A2C7FF684AE094BE3
:10C71000596883E63CA70108588E0020538A010817
:10C72000588A01083C8A0108D49D0108448A0108FE
:10C730003EA101089061002002EBD2722DE9F8437E
:10C74000064654104D1C0027BC4201DCBDE8F883AE
:10C7500015F8010C95F8009009F06AFAC0B2A0F142
:10C7600030035FFA83F8B8F1090F84BF37385FFAF6
:10C7700080F8484609F05CFAC2B2A2F13003DBB29D
:10C78000092B84BF373AD3B203EB0813F3550235B4
:10C790000137D9E7F8B50F4606461446F9F7FAFC13
:10C7A000B842054601D00120F8BD10F00107FAD1CA
:10C7B000BBB29D4207D86CB120462A463146FFF7EE
:10C7C000BBFF0020F0E7F05C08F04CFB01370028CD
:10C7D000EED1E8E72046E7E713B50C4601AA0421AD
:10C7E000FFF7D8FF28B9BDF804305BBA238002B048
:10C7F00010BD0120FBE713B50C4601AA0821FFF785
:10C80000C9FF20B9019B1BBA236002B010BD0120F3
:10C81000FBE70000F8B505460C46F9F7BBFC0A2813
:10C82000064601D90120F8BD0C49284609F0EEF86A
:10C8300007462846F9F7AEFC8742F3D1284608F0B0
:10C84000D2FA20B9012EEDD11CB12060EBE714B172
:10C8500020600020E7E72046E5E700BF6D8A010879
:10C860002DE9F34100F03AF8064600F041F804469D
:10C8700028B302B0BDE8F0812146684600F044F8D4
:10C88000104D72270099286809F07CF820B9019AA8
:10C89000D00609D585F81080013F05F11405F1D1C6
:10C8A0000134B442E8DBE4E751072B7C03D59B0756
:10C8B000F2D02A74F0E7134018BF2B74ECE74FF066
:10C8C0001008EEE7BC6100201130C0B211289ABFF9
:10C8D000014B185C0120704713A50108024B034867
:10C8E000C01AC008704700BFC8AD0108C8AD010834
:10C8F000034B1868034B1B68C31A584258417047D2
:10C90000C8AD0108C8AD010838B50546FFF7F0FF0E
:10C91000044640B9054B082203EBC101284608F044
:10C92000C9FA204638BD0120FCE700BFC8AD0108A8
:10C9300070B5074E0446451814F8011B304604F044
:10C94000F5F9AC42F8D1BDE87040024804F0EEB908
:10C950007A890108B6860108F0B58BB00E461546F7
:10C9600012F042FB012859D16C6E012C01D0022437
:10C9700015E02B492868F9F703FC98B908210DEB5D
:10C98000010012F02BFB054648B93146254804F05A
:10C99000CDF908210DEB0100FFF7CAFF2C46204618
:10C9A0000BB0F0BD6B6E012BE1D11F4B28681B88CB
:10C9B000ADF8043000248DF80640F9F7EBFB1028A1
:10C9C000D5D12B68185D08F04DFA0028CFD001347E
:10C9D000102CF6D102AE00243746296802222144E9
:10C9E00001A808F067FA1022002101A809F016F941
:10C9F0000234102C06F8010BEFD10821384612F052
:10CA0000D3FC04460028CAD0831D05D010F1110FB5
:10CA10000CBF0A240124C2E70324C0E70824BEE7B0
:10CA20003CA7010825A5010814800108F0B58BB0CA
:10CA30000E46154612F0D8FA012857D16C6E012C1B
:10CA400001D0022413E02A492868F9F799FB88B934
:10CA5000102102A812F0C4FA054640B93146254813
:10CA600004F064F9102102A8FFF762FF2C4620466B
:10CA70000BB0F0BD6B6E012BE3D11F4B28681B88F8
:10CA8000ADF8043000248DF80640F9F783FB202828
:10CA9000D7D12B68185D08F0E5F90028D1D0013412
:10CAA000202CF6D102AE0024374629680222214408
:10CAB00001A808F0FFF91022002101A809F0AEF842
:10CAC0000234202C06F8010BEFD11021384612F069
:10CAD0008CFC04460028CAD0831D05D010F1110F2C
:10CAE0000CBF0A240124C2E70324C0E70824BEE7E0
:10CAF0003CA7010825A5010814800108F0B58BB0FA
:10CB00000E46154612F070FA012857D16C6E012CB2
:10CB100001D0022413E02A492868F9F731FB88B9CB
:10CB2000102102A812F084FA054640B93146254882
:10CB300004F0FCF8102102A8FFF7FAFE2C4620466C
:10CB40000BB0F0BD6B6E012BE3D11F4B28681B8827
:10CB5000ADF8043000248DF80640F9F71BFB2028BF
:10CB6000D7D12B68185D08F07DF90028D1D00134A9
:10CB7000202CF6D102AE0024374629680222214437
:10CB800001A808F097F91022002101A809F046F841
:10CB90000234202C06F8010BEFD11021384612F098
:10CBA00017FE04460028CAD0831D05D010F1110FCE
:10CBB0000CBF0A240124C2E70324C0E70824BEE70F
:10CBC0003CA7010825A5010814800108F7B50E4609
:10CBD000154612F009FA012862D16C6E012C01D0C1
:10CBE00002241EE02F492868F9F7CAFAE0B90421A7
:10CBF0000DEB010012F04AFA054690B931462A4879
:10CC000004F094F82C46294D01AE16F8011B284675
:10CC1000013404F08BF8042CF7D1254804F086F891
:10CC20000024204603B0F0BD6B6E012BD8D1214B00
:10CC300028681B88ADF8003000248DF80240F9F711
:10CC4000A9FA0828CCD12B68185D08F00BF9002848
:10CC5000C6D00134082CF6D101AE0024374629682D
:10CC600002222144684608F025F910220021684676
:10CC700008F0D4FF0234082C06F8010BEFD1042190
:10CC8000384612F0CCFD04460028CAD0831D05D0DA
:10CC900010F1110F0CBF0A240124C2E70324C0E7DE
:10CCA0000824BEE73CA7010825A501087A890108E8
:10CCB000B686010814800108F0B58BB00E46154603
:10CCC00012F092F9012859D16C6E012C01D0022486
:10CCD00015E02B492868F9F753FA98B908210DEBAC
:10CCE000010012F07FF9054648B93146254804F0A5
:10CCF0001DF808210DEB0100FFF71AFE2C46204617
:10CD00000BB0F0BD6B6E012BE1D11F4B28681B8867
:10CD1000ADF8043000248DF80640F9F73BFA1028EE
:10CD2000D5D12B68185D08F09DF80028CFD00134CC
:10CD3000102CF6D102AE0024374629680222214485
:10CD400001A808F0B7F81022002101A808F066FF3A
:10CD50000234102C06F8010BEFD10821384612F0EE
:10CD60006EFB04460028CAD0831D05D010F1110FB8
:10CD70000CBF0A240124C2E70324C0E70824BEE74D
:10CD80003CA7010825A501081480010873B50E46CB
:10CD9000154612F029F901282CD16C6E012C03D014
:10CDA0000224204602B070BD13492868F9F7E8F95B
:10CDB0000028F5D104210DEB010012F0CDF9054654
:10CDC0000028EED131460D4803F0B0FF9DF8061063
:10CDD0000B4803F0ABFF9DF80510094803F0A6FFD0
:10CDE0009DF80410064803F0A1FF064803F09EFFDB
:10CDF0002C46D6E70824D4E73CA7010825A501085E
:10CE00007A890108B6860108F0B58BB00E46154642
:10CE100012F0EAF8012857D16C6E012C01D00224DF
:10CE200013E02A492868F9F7ABF988B9102102A85C
:10CE300012F064F9054640B93146254803F076FF03
:10CE4000102102A8FFF774FD2C4620460BB0F0BD60
:10CE50006B6E012BE3D11F4B28681B88ADF80430A3
:10CE600000248DF80640F9F795F92028D7D12B68D2
:10CE7000185D07F0F7FF0028D1D00134202CF6D13F
:10CE800002AE0024374629680222214401A808F096
:10CE900011F81022002101A808F0C0FE0234202C55
:10CEA00006F8010BEFD11021384612F0E1FC0446E0
:10CEB0000028CAD0831D05D010F1110F0CBF0A2421
:10CEC0000124C2E70324C0E70824BEE73CA7010809
:10CED00025A5010814800108F0B5556E012D85B017
:10CEE0000F4614461ED110491068F9F749F9064655
:10CEF00080B9684612F05FF9012808D139460B481D
:10CF000003F014FF10216846FFF712FD354628464E
:10CF100005B0F0BD636E012B04D12068F9F73AF932
:10CF20002028F4D00225F2E73CA7010825A5010836
:10CF300073B50E46154612F057F8012826D16B6ED0
:10CF4000012B01D002240CE011492868F9F718F9E7
:10CF5000044648B912F0C5F8314602460D4803F0C0
:10CF6000E5FE204602B070BD6B6E012BEAD1286849
:10CF70000DF10701FFF74EFC0028E3D19DF80700F3
:10CF80000728DFD812F0AFF80446EAE70824E8E7FC
:10CF90003CA7010829A5010870B50E46154612F0F8
:10CFA00023F8012832D16B6E012B02D002242046D7
:10CFB00070BD17492868F9F7E3F8044638B912F04C
:10CFC00099F831460246134803F0B0FEEFE76B6E66
:10CFD000012BEBD1002406E02B68185D07F03AFF27
:10CFE0000028E3D001342868F9F7D4F8A042F3D838
:10CFF00028680A22002108F011FE0128D6D8C0B204
:10D0000012F07AF8041E18BF0124D0E70824CEE7F6
:10D010003CA7010829A5010838B50D46144611F0B2
:10D02000E3FF012814D1636E012B02D002242046B5
:10D0300038BD20680749F9F7A3F804460028F5D160
:10D04000FCF73CF829460246034803F06FFEEEE782
:10D050000824ECE73CA7010829A501082DE9F041C7
:10D0600086B00F46154611F0BFFF012877D13E4B21
:10D070000FCB02AE86E80F006B6E012B1CD13B4933
:10D080002868F9F77DF80446B0B912F044F905466E
:10D0900012F045F9064612F046F9804612F047F9BB
:10D0A0003346CDE900802A463148394603F03EFE3A
:10D0B000204606B0BDE8F0816B6E042B2EDD022405
:10D0C000F6E755F82430D85D07F0C4FE0028F6D006
:10D0D000013755F82400F9F75DF8B842F1D801346A
:10D0E0006B6EA34218DC00246B6EA34218DC002B8D
:10D0F00020D101230293DDE90423DDE90201FBF7DE
:10D100002BFB04460028D3D0831D2AD010F1110F29
:10D110000CBF0A240124CBE70027DAE70024DFE76D
:10D1200055F824000A22002108F078FD013446F861
:10D13000040BD9E7029ADEDD012AC0D8012B039A3D
:10D14000D9D0012ABBD8022B049AD4D0073AF82AA6
:10D15000B5D8042B059ACED1FF2ACCD9AFE7082445
:10D16000A6E70324A4E700BF188001083CA7010834
:10D1700031A5010870B50E46154611F035FF01289E
:10D1800038D16B6E012B02D00224204670BD1A49A3
:10D190002868F8F7F5FF044638B911F034FF314636
:10D1A0000246164803F0C2FDEFE76B6E012BEBD190
:10D1B000002406E02B68185D07F04CFE0028E3D041
:10D1C00001342868F8F7E6FFA042F3D828680A225D
:10D1D000002108F023FD0128D6D80121C0B2FCF7B8
:10D1E00091F904460028D0D010F1110F0CBF0A2489
:10D1F0000124CAE70824C8E73CA7010829A50108BB
:10D2000038B50D46144611F0EFFE012814D1636EB7
:10D21000012B02D00224204638BD20680749F8F7C8
:10D22000AFFF04460028F5D111F0EFFE2946024673
:10D23000034803F07BFDEEE70824ECE73CA7010878
:10D2400029A501082DE9F041C2B00E46144611F09F
:10D25000CBFE01282FD1636E012B04D0022420467F
:10D2600042B0BDE8F08120681449F8F789FF044610
:10D270000028F3D14FF4807202A90DF10700FBF7EB
:10D2800003FF314605469DF807200D48DFF834803E
:10D2900003F04CFDEDB202AE2746FBB29D4203D82F
:10D2A000094803F043FDDAE716F8011B404603F096
:10D2B0003DFD0137F1E70824D1E700BF3CA7010895
:10D2C00042A501087A890108B6860108F0B587B041
:10D2D000154611F089FE01286ED16B6E022B4BD1E1
:10D2E000364B28681B8AADF80C3000248DF80E40B0
:10D2F000F8F750FF0646B442286839D107F073FDAD
:10D30000C0B2431EDBB2DE2B36D88DF810000823E6
:10D3100068688DF81230F8F73DFF10F001040646FA
:10D320002AD1431EB3F5FA7F26D2B44228D1244F26
:10D3300064080026A6422BD100238DF813308DF807
:10D340001130009306AB13E90C001D483146FBF782
:10D3500047FB58B110F10C0F2AD0821D2AD0C31CF4
:10D360000AD010F1110F0CBF0A20012007B0F0BD48
:10D37000005D07F06FFD08B90220F7E70134BAE756
:10D380006B68185D07F06EFD0028F5D00134CCE71E
:10D390006968022201EB460103A807F08BFD102209
:10D3A000002103A808F03AFC013607F8010BC1E799
:10D3B0000620DBE70320D9E70820D7E7188001081B
:10D3C00058940020F0B5ADF2044D144611F00CFE57
:10D3D00001287AD1636E012B55D0636E032B58D18F
:10D3E00000252068F8F7D6FEA84256D800256068C8
:10D3F000F8F7D0FEA84258D80025A068F8F7CAFE72
:10D40000A8425AD82068F8F7C5FE032841D86068BA
:10D41000F8F7C0FE01283CD80A220021206808F055
:10D42000FDFB00210A220546606808F0F7FB06466E
:10D43000A068F8F7AFFEC10787B22AD4B7F5006F2E
:10D4400027D8B3B2012B24D86A1E92B2DE2A20D884
:10D45000A0686A463946FFF79DF9D0B97B086A464D
:10D4600006F00101E8B2FDF723FB98B110F10C0FB3
:10D470002DD0821D2DD0C31C0BD010F1110F0CBF6D
:10D480000A20012006E014492068F8F779FE0028F8
:10D49000A3D102200DF2044DF0BD2368585D07F0C2
:10D4A000D9FC0028F5D001359BE76368585D07F08B
:10D4B000D1FC0028EDD0013599E7A368585D07F04D
:10D4C000D1FC0028E5D0013597E70820E2E70620E7
:10D4D000E0E70320DEE700BF3CA7010870B50E4679
:10D4E000154611F081FD01283CD16B6E012B02D055
:10D4F0000224204670BD1D492868F8F741FE044605
:10D5000038B911F059FE31460246194803F00EFCB5
:10D51000EFE76B6E012BEBD1002406E02B68185D62
:10D5200007F098FC0028E3D001342868F8F732FEB1
:10D53000A042F3D828680A22002108F06FFB0128D6
:10D54000D6D80121084011F0A2FF04460028D0D00F
:10D55000821D09D0C31CCBD010F1110F0CBF0A24BF
:10D560000124C6E70824C4E70324C2E73CA7010856
:10D5700049A501082DE9F0410E46904611F034FD11
:10D5800001285ED1D8F86470012F58D13049D8F8FD
:10D590000000F8F7F5FD054620BB11F00FFE01284D
:10D5A0000AD002281BD000284DD12A48314603F06A
:10D5B000BDFB2846BDE8F081FCF772F83146032830
:10D5C0000BD8DFE800F0020406082348EFE7234801
:10D5D000EDE72348EBE72348E9E72348E7E723485B
:10D5E0003146E4E7D8F86450012D28D12049D8F815
:10D5F000000008F0C7F930B92946FBF7FDFE0446E4
:10D6000008B90025D5E71B49D8F8000008F0BAF999
:10D6100030B901210846FBF7EFFE04460028F0D0A0
:10D620001549D8F8000008F0ADF930B90121022001
:10D63000FBF7E2FE04460028E3D0113405D00225B2
:10D64000B7E70825B5E73D46B3E70A25B1E700BFD0
:10D650003CA7010851A5010858A5010862A50108C9
:10D660006CA5010876A5010880A5010887A5010819
:10D670008EA5010828840108469A010870B50E4657
:10D68000144611F0B1FC01282ED1636E012B12D08B
:10D6900000252068F8F77EFD85421CD320680A2209
:10D6A000002108F0BBFAC0B2012819D8BDE87040CB
:10D6B000012111F08CBD0D492068F8F761FD054688
:10D6C0000028E5D111F07CFD31460246084803F000
:10D6D0002DFB284670BD2368585D07F0BBFB08B9D9
:10D6E0000225F6E70135D4E70825F2E73CA7010853
:10D6F00049A5010870B50E46154611F075FC0128C4
:10D7000038D16B6E012B02D00224204670BD1A491D
:10D710002868F8F735FD044638B911F065FD314643
:10D720000246164803F002FBEFE76B6E012BEBD1CC
:10D73000002406E02B68185D07F08CFB0028E3D07E
:10D7400001342868F8F726FDA042F3D80A22002108
:10D75000286808F063FA0121C0B2FBF7B5FC044663
:10D760000028D2D0C31CCFD010F1110F0CBF0A2457
:10D770000124CAE70824C8E73CA7010829A5010835
:10D7800070B50E46154611F02FFC012846D16B6E80
:10D79000012B02D00224204670BD21492868F8F7E9
:10D7A000EFFC044650B911F02CFD4FF47A7231466B
:10D7B000B0FBF2F21B4803F0B9FAECE76B6E012BF9
:10D7C000E8D1002406E02B68185D07F043FB002831
:10D7D000E0D001342868F8F7DDFCA042F3D82868CF
:10D7E0000A22002108F01AFA431E0D2B0446D1D854
:10D7F00011F009FD4FF47A72B0FBF2F3A342C9D9DC
:10D8000002FB04F0012111F068FE04460028C2D09A
:10D8100010F1110F0CBF0A240124BCE70824BAE759
:10D820003CA7010829A5010870B50E46154611F060
:10D83000DBFB012846D16B6E012B02D0022420466F
:10D8400070BD21492868F8F79BFC044650B911F0D7
:10D85000DAFC4FF47A723146B0FBF2F21B4803F067
:10D8600065FAECE76B6E012BE8D1002406E02B682B
:10D87000185D07F0EFFA0028E0D001342868F8F7C7
:10D8800089FCA042F3D828680A22002108F0C6F9D2
:10D89000831E0D2B0446D1D811F0B3FC4FF47A72DD
:10D8A000B0FBF2F3A342C9D202FB04F0012111F054
:10D8B00033FE04460028C2D010F1110F0CBF0A2419
:10D8C0000124BCE70824BAE73CA7010829A5010800
:10D8D00070B50E46154611F087FB012838D16B6EE6
:10D8E000012B02D00224204670BD1A492868F8F79F
:10D8F00047FC044638B911F088FC31460246164808
:10D9000003F014FAEFE76B6E012BEBD1002406E075
:10D910002B68185D07F09EFA0028E3D001342868D0
:10D92000F8F738FCA042F3D828680A22002108F052
:10D9300075F90128D6D80121084011F00CFE0446E3
:10D940000028D0D010F1110F0CBF0A240124CAE71F
:10D950000824C8E73CA7010849A5010870B50E4690
:10D96000154611F041FB01283ED16B6E012B02D010
:10D970000224204670BD1D492868F8F701FC0446C2
:10D9800050B911F044FC4FF47A723146B0FBF2F218
:10D99000174803F0CBF9ECE76B6E012BE8D10024BC
:10D9A00006E02B68185D07F055FA0028E0D0013436
:10D9B0002868F8F7EFFBA042F3D828680A22002174
:10D9C00008F02CF9431E0E2BD2D84FF47A730121A4
:10D9D000584311F0E0FD04460028CAD010F1110FA1
:10D9E0000CBF0A240124C4E70824C2E73CA70108AD
:10D9F00029A5010870B50E46154611F0F5FA012863
:10DA00003ED16B6E012B02D00224204670BD1D4911
:10DA10002868F8F7B5FB044650B911F011FC4FF433
:10DA20007A723146B0FBF2F2174803F07FF9ECE767
:10DA30006B6E012BE8D1002406E02B68185D07F01F
:10DA400009FA0028E0D001342868F8F7A3FBA042C7
:10DA5000F3D828680A22002108F0E0F8831E0E2B74
:10DA6000D2D84FF47A730121584311F0C3FD044614
:10DA70000028CAD010F1110F0CBF0A240124C4E7FA
:10DA80000824C2E73CA7010829A5010870B50E4685
:10DA9000154611F0A9FA012838D16B6E012B02D07E
:10DAA0000224204670BD1A492868F8F769FB04462D
:10DAB00038B911F017FC31460246164803F036F922
:10DAC000EFE76B6E012BEBD1002406E02B68185DAD
:10DAD00007F0C0F90028E3D001342868F8F75AFBB2
:10DAE000A042F3D80A220021286808F097F8012103
:10DAF000C0B211F0D4FD04460028D2D0C31CCFD050
:10DB000010F1110F0CBF0A240124CAE70824C8E74A
:10DB10003CA7010829A5010870B50E46154611F06D
:10DB200063FA012837D16B6E012B02D00224204604
:10DB300070BD1A492868F8F723FB044638B911F07C
:10DB4000C1FB31460246164803F0F0F8EFE76B6E72
:10DB5000012BEBD1002406E02B68185D07F07AF961
:10DB60000028E3D001342868F8F714FBA042F3D86A
:10DB70000A220021286808F051F8012111F069FDFE
:10DB800004460028D3D0C31CD0D010F1110F0CBF15
:10DB90000A240124CBE70824C9E700BF3CA70108F9
:10DBA00029A5010870B50E46154611F01DFA012889
:10DBB0003AD16B6E012B02D00224204670BD1B4966
:10DBC0002868F8F7DDFA044638B911F03BFB314616
:10DBD0000246174803F0AAF8EFE76B6E012BEBD172
:10DBE000002406E02B68185D07F034F90028E3D024
:10DBF00001342868F8F7CEFAA042F3D828680A2240
:10DC0000002108F00BF8C0B20F28D5D80121FBF78E
:10DC1000C9FB04460028D0D0C31CCDD010F1110F91
:10DC20000CBF0A240124C8E70824C6E73CA7010862
:10DC300029A5010873B50E46154611F0D5F901283E
:10DC400022D16B6E012B0FD110492868F8F798FA92
:10DC5000044648B911F056FB314602460C4803F021
:10DC600065F8204602B070BD28680DF10701FEF787
:10DC7000D1FD38B99DF80700022803D811F044FB04
:10DC80000446EEE70224ECE70824EAE73CA7010893
:10DC900049A5010873B50E46154611F0A5F90128EE
:10DCA00025D16B6E012B0FD112492868F8F768FA5D
:10DCB000044648B9FBF7FAFC314602460E4803F029
:10DCC00035F8204602B070BD28680DF10701FEF757
:10DCD000A1FD50B99DF80700012806D8FBF7ECFC20
:10DCE00040B2FEF7F1FD0446EBE70224E9E7082421
:10DCF000E7E700BF3CA7010849A5010873B50E4638
:10DD0000154611F071F9012825D16B6E012B0FD149
:10DD100012492868F8F734FA044648B911F00BFBA9
:10DD2000314602460E4803F001F8204602B070BDAD
:10DD300028680DF10701FEF76DFD50B99DF8070049
:10DD4000012806D811F0F9FA40B2FEF7BDFD0446ED
:10DD5000EBE70224E9E70824E7E700BF3CA7010856
:10DD600049A5010870B50E46154611F03DF9012888
:10DD70001CD16B6E012B0ED10D492868F8F700FA03
:10DD8000044640B911F0DBFA31460246094802F078
:10DD9000CDFF204670BD286807F025F800B211F0CD
:10DDA000D0FA40B2FEF790FD0446F2E70824F0E70F
:10DDB0003CA7010849A5010873B50E46154611F0A8
:10DDC00013F9012821D16B6E012B0FD1104928685E
:10DDD000F8F7D6F9044648B911F0B5FA31460246CB
:10DDE0000C4802F0A3FF204602B070BD286801A9CC
:10DDF000FEF710FD08B10224F5E7019811F0A5FA2D
:10DE000040B2FEF761FD0446EDE70824EBE700BFF2
:10DE10003CA7010849A5010870B50E46144611F04B
:10DE2000E3F8012830D1636E012B02D00225284689
:10DE300070BD16492068F8F7A3F9054638B911F006
:10DE400003FA31460246124802F070FFEFE7636EB4
:10DE5000012BEBD1002506E02368585D06F0FAFFA0
:10DE60000028E3D001352068F8F794F9A842F3D8E8
:10DE700020680A22002107F0D1FEC0B20728D5D8B9
:10DE800011F0E4F90025D2E70825D0E73CA7010806
:10DE900029A50108F7B50E46154611F0A5F8012889
:10DEA00027D1164B1B78042B25D111F0DDF907463D
:10DEB00011F0CEF96B6E012B044603D002252846E3
:10DEC00003B0F0BD28680E49F8F75AF90546002856
:10DED000F4D10C48B4FBF0F3FAB200FB1344314622
:10DEE0004FF47A70B4FBF0F40748009402F01EFF80
:10DEF000E5E70825E3E70525E1E700BF44780020D2
:10DF00003CA7010840420F0090A5010838B50D4616
:10DF1000144611F069F8012818D10E4B1B78042B18
:10DF200016D1636E012B02D00224204638BD206832
:10DF30000949F8F725F904460028F5D1FBF792F8CE
:10DF400029460246054802F0F1FEEEE70824ECE718
:10DF50000524EAE7447800203CA7010829A5010828
:10DF600030B58BB00D46144611F03EF8012822D191
:10DF7000134B1B78042B20D1636E012B03D002249A
:10DF800020460BB030BD20680E49F8F7F9F804467A
:10DF90000028F4D105A8FBF777FB079B0293069BAB
:10DFA0000193099B0093BDF81420089B064829465D
:10DFB00002F0BCFEE4E70824E2E70524E0E700BF46
:10DFC000447800203CA701089EA5010830B589B01F
:10DFD0000D46144611F008F801281CD1636E012B80
:10DFE00003D00224204609B030BD20680B49F8F761
:10DFF000C7F804460028F4D1014600901A2201A86F
:10E0000006F080FF684611F03BF96A46294604484D
:10E0100002F08CFEE6E70824E4E700BF3CA7010815
:10E02000B2A5010838B50D46144610F0DDFFA0B1C9
:10E03000636E012B02D00224204638BD20680849B7
:10E04000F8F79EF804460028F5D1FBF711F82946A9
:10E050000246044802F06AFEEEE70824ECE700BF3F
:10E060003CA7010849A50108F7B50D46144610F074
:10E07000BBFF01282DD1636E012B03D00224204663
:10E0800003B0F0BD20681449F8F77AF80446002878
:10E09000F4D129461148124E124F02F047FE254690
:10E0A0006846FCF759FD0E3003D00F4802F03EFEE3
:10E0B000E5E7BDF80430002BF2D015B1304602F090
:10E0C00035FE9DF906200099384602F02FFE0135F5
:10E0D000E6E70824D3E700BF3CA7010825A501080F
:10E0E000BAA5010806820108B686010838B50D46B2
:10E0F000144610F079FFA0B1636E012B02D0022408
:10E10000204638BD20680849F8F73AF80446002848
:10E11000F5D1FAF7B3FF29460246044802F006FE9D
:10E12000EEE70824ECE700BF3CA7010849A5010879
:10E1300030B599B0144610F057FF012840F08580A3
:10E14000636E043B032B02D9022019B030BD404955
:10E150002068F8F715F8002854D1012360688DF87D
:10E160002C300CA9FEF747FB0028EDD1A06811AABE
:10E170002021FEF70FFB0028E6D1E0680DAA202140
:10E18000FEF708FB0028DFD1636E1590052B8DF894
:10E190005800ADF85A00D7D012DD206915A9FEF756
:10E1A00039FB0028D0D160690378302B46D129494A
:10E1B000F7F7E6FF002839D10A900A9B8DF858300E
:10E1C000636E072B0ED1A0690AA9FEF723FB002876
:10E1D000BAD10A9B072BB7D89DF82C20012A2FD142
:10E1E000ADF85A300FAD0FCD6C460FC40FCD0FC434
:10E1F0002B6823600BAB0FCB11F0F2FC40B2FEF7A3
:10E2000063FBA2E714492068F7F7BAFF0028A4D0FF
:10E2100012492068F7F7B4FF08B902239EE71049B6
:10E220002068F7F7ADFF0028F7D08DE760690AA9ED
:10E230000130FEF7EFFA0028BFD085E70AA9F8E71A
:10E24000022ACFD1002BCDD07EE708207DE700BF8A
:10E25000BCA5010832A7010828840108E6A6010828
:10E26000469A010813B5144610F0BEFE01280ED1DF
:10E27000636E012B08D1206801A9FEF7BCFA18B91A
:10E28000019811F0A5FD00B1022002B010BD0820D8
:10E29000FBE700002DE9F04F8FB0154610F0A4FE0B
:10E2A0000128044662D16B6E012B04D0022528465A
:10E2B0000FB0BDE8F08F28682D49F7F761FF0546DC
:10E2C0000028F3D1DFF8AC80DFF8AC90DFF8ACA029
:10E2D00001A811F0A1FD0E3003D0294802F026FD5F
:10E2E000E5E7012C02D9404602F020FD029B002BFD
:10E2F00035D12448DFF890B002F018FD0299234888
:10E3000002F014FD07AF002617F8011B584601362E
:10E3100002F00CFD102EF7D11D48DFF86CB002F0B2
:10E3200005FD03AF002617F8011B5846013602F021
:10E33000FDFC102EF7D1164802F0F8FC0B99154899
:10E3400002F0F4FC9DF93010134802F0EFFC0134A8
:10E35000BDF83210114802F0E9FCE4B2B8E79DF8CC
:10E360000430012B0CBF50464846C3E708259EE702
:10E370003CA70108BAA50108C4A50108C1A5010868
:10E38000B6860108BEA501087A890108C7A501085B
:10E39000BFA50108CDA50108D3A501080982010880
:10E3A000F7B50F46164610F01FFE012849D110F0B0
:10E3B000D8FF746E012C054601D002241AE02249D0
:10E3C0003068F7F7DDFEC0B90DF10600FAF7F9F88D
:10E3D00080B93946BDF806201C4802F0A7FC10F0B1
:10E3E000C2FF011E02DD1A4802F0A0FC194802F02B
:10E3F0009DFC0024204603B0F0BD736E012BDCD1E0
:10E4000030680DF10601FEF7E7F90028D5D1082D97
:10E4100001D0012D0ED1BDF80630B3F5807FCCD8E8
:10E4200001210DF10600FAF7FAF840B2FEF74CFAB6
:10E430000446DFE7022DF3D1BDF80630B3F5006FD7
:10E44000EDE70824D6E700BF3CA70108D9A50108DD
:10E45000E1A50108B68601082DE9F3410F461546EE
:10E4600010F0C2FD012840F0BA806E6E012E38D146
:10E470005C492868F7F784FE98BB0DF10600FAF7AF
:10E48000A0F80446002840F0AA8039465648574F65
:10E49000DFF85C8102F04AFC3546BDF80630DB0748
:10E4A00009D5012D02D0404602F040FC31463846E5
:10E4B00002F03CFC0135BDF806305B080136ADF8D2
:10E4C0000630002BE9D110F04EFF011E02DD494855
:10E4D00002F02CFC484802F029FC204602B0BDE8BE
:10E4E000F0816B6E013B0B2B0AD80024ADF806407F
:10E4F000002608E055F82430985D06F0ABFC08B91A
:10E500000224EAE7013655F82400F7F743FEB0424B
:10E51000F0D855F824000A22002107F07FFB0C28D0
:10E520000646EDD810F01DFF082801D0012801D1C2
:10E53000082EE5D8013E0B2E0DD8DFE806F00619AF
:10E540001E23282D32373C41464BBDF8063043F0A0
:10E550000103ADF806306B6E0134A342C8DC012123
:10E560000DF10600FAF75BF8041E18BF0324B4E7A8
:10E57000BDF8063043F00203EBE7BDF8063043F088
:10E580000403E6E7BDF8063043F00803E1E7BDF811
:10E59000063043F01003DCE7BDF8063043F02003FB
:10E5A000D7E7BDF8063043F04003D2E7BDF80630A8
:10E5B00043F08003CDE7BDF8063043F48073C8E72D
:10E5C000BDF8063043F40073C3E7BDF8063043F4EA
:10E5D0008063BEE7BDF8063043F40063B9E7082462
:10E5E0007BE700BF3CA7010825A50108FBA50108A2
:10E5F000BFA50108E1A50108B686010870B50E4661
:10E60000154610F0F1FC012840F08C806B6E012B58
:10E6100002D00224204670BD44492868F7F7B0FDB7
:10E620000446002831D13146414802F07FFB10F00A
:10E6300098FE162878D8DFE800F01E1A10770C161E
:10E640001C141812267777777777777777772022D9
:10E650002400384802F06AFBDCE73748FAE737481D
:10E66000F8E73748F6E73748F4E73748F2E737483E
:10E67000F0E73748EEE73748ECE73748EAE737484E
:10E68000E8E73748E6E73748E4E76C6E012CC0D18D
:10E6900000262CE02B68985D06F0DCFB30BB32498D
:10E6A0002868F7F76DFD80B130492868F7F768FDF5
:10E6B00080B12F492868F7F763FD68B12D492868B4
:10E6C000F7F75EFD0028A4D11620FBF7E3F928B97F
:10E6D00000249FE71420F8E71520F6E7821D01D1FA
:10E6E000032497E7113095D10A2493E7013628686F
:10E6F000F7F750FDB042CDD828680A22002107F074
:10E700008DFA0C2885D81C4B185CFBF7C3F9002840
:10E71000DED0831DE4D010F1110FE5D003307FF47B
:10E7200079AF76E7082475E7012473E73CA7010871
:10E7300025A5010817A601081CA6010821A60108A5
:10E740007CA50108FEA5010802A6010806A601088D
:10E750000AA601080EA6010812A6010816A60108BD
:10E760001BA6010820A6010825A6010829A6010864
:10E770002DA6010831A6010835A6010870B50E4680
:10E78000154610F031FC012802D00824204670BD47
:10E790006B6E012B01D00224F8E717492868F7F7C0
:10E7A000EFFC044658B910F0DEFD0028EDDB10F058
:10E7B000DAFD31460246114802F0B8FAE6E76B6E20
:10E7C000012BE8D1002406E02B68185D06F042FB1F
:10E7D0000028E0D001342868F7F7DCFCA042F3D829
:10E7E0000A220021286807F019FAFAF78BFB40B2D9
:10E7F000FEF76AF80446C9E73CA7010849A50108E5
:10E8000037B5536E0D461BB10224204603B030BD10
:10E810000DF10600FBF746FC044630B9BDF90620B1
:10E820000548294602F082FAEFE7C21CECD0831DAE
:10E830000CBF03240124E8E749A5010810B5536E75
:10E8400013B10224204610BDFBF7E0FB044618B9C3
:10E85000054802F06BFAF5E7C21CF2D0831D0CBF2D
:10E8600003240124EEE700BF42A6010807B5536E5A
:10E87000012B03D0022003B05DF804FB106801A94E
:10E88000FDF7C8FF0028F5D10198FBF7A5FC00288B
:10E89000F1D0C21CEED0831D0CBF03200120EAE79B
:10E8A00007B5536E012B03D0022003B05DF804FBC3
:10E8B000106801A9FDF7AEFF0028F5D10198FBF71C
:10E8C0000FFD0028F1D0C21CEED0831D0CBF032029
:10E8D0000120EAE770B5536E012BA0B00E46144636
:10E8E00028D142491068F7F74BFC054610BB0BA82E
:10E8F000FBF768FC1B9B09931A9B0893159B0793D6
:10E900009DF8433006930B9B0593199B0493189B2A
:10E9100003939DF8383002930D9B01930C9B009359
:10E92000179A9DF950303248314602F0FFF92846D7
:10E9300020B070BD636E0C2B01D00225F7E7206874
:10E9400017A9FDF767FF0028F7D1606814A9FDF744
:10E9500061FF0028F1D1A0680CA9FDF75BFF00283A
:10E96000EBD1E0680DA9FDF755FF0028E5D120693E
:10E970000EA9FDF74FFF0028DFD1606918A9FDF748
:10E9800049FF0028D9D1A06919A9FDF743FF002844
:10E99000D3D1E0690BA9FDF73DFF0028CDD1206A56
:10E9A0000DF14301FDF736FF0028C6D1606A15A9B5
:10E9B000FDF730FF0028C0D1A06A1AA9FDF72AFF91
:10E9C0000028BAD1E06A1BA9FDF724FF0028B4D1C2
:10E9D0000BA8FBF7C1FB05460028A8D0C21CACD091
:10E9E000831D0CBF03250125A1E700BF3CA701083B
:10E9F0004AA6010870B5536E012B98B00E46144616
:10EA000015D11E491068F7F7BBFB054678B903A876
:10EA1000FBF7D8FB179B0193169B00931848DDE981
:10EA20001423314602F082F9284618B070BD636E97
:10EA3000042B01D00225F7E7206814A9FDF7EAFEB0
:10EA40000028F7D1606815A9FDF7E4FE0028F1D190
:10EA5000A06816A9FDF7DEFE0028EBD1E06817A933
:10EA6000FDF7D8FE0028E5D1DDE914239A42E1D86C
:10EA700003A8FBF7A7FC0546D6E700BF3CA70108A3
:10EA800031A5010870B5536E012B98B00E4614469F
:10EA900015D11E491068F7F773FB054678B903A82E
:10EAA000FBF790FB179B0193169B00931848DDE939
:10EAB0001423314602F03AF9284618B070BD636E4F
:10EAC000042B01D00225F7E7206814A9FDF7A2FE68
:10EAD0000028F7D1606815A9FDF79CFE0028F1D148
:10EAE000A06816A9FDF796FE0028EBD1E06817A9EB
:10EAF000FDF790FE0028E5D1DDE914239A42E1D824
:10EB000003A8FBF7EBFC0546D6E700BF3CA70108CE
:10EB100031A5010810B5546E1CB9FBF799FA2046CF
:10EB200010BD0224FBE7000070B5536E012B0E46AA
:10EB3000154602D00224204670BD12491068F7F72E
:10EB40001FFB044638B913F043FE314602460E4817
:10EB500002F0ECF8EFE76C6E012CEBD128680A228A
:10EB6000002107F05BF801280546E3D8FBF756FEC5
:10EB70000028E0D1284613F031FE041E18BF0124FE
:10EB8000D9E700BF3CA7010829A5010870B5536E5D
:10EB9000012B86B00E46154613D126491068F7F7AB
:10EBA000EFFA044668B903A8FBF70CFE059B009337
:10EBB0002148DDE90323314602F0B8F8204606B0CB
:10EBC00070BD6C6E032C01D00224F7E7286803A9FE
:10EBD000FDF720FE0028F7D1686804A9FDF71AFEAA
:10EBE0000028F1D1A86805A9FDF714FE0028EBD193
:10EBF00010F0A6F9039AB0B1104B1344104A934297
:10EC0000E2D8049B053B112BDED8059BB3F5803F72
:10EC1000DAD203A8FBF7E0FD48B1C31CD4D006301C
:10EC200018BF0124CAE7074B1344074AE7E7044625
:10EC3000C4E700BF3CA7010873A6010800BA3CDC8A
:10EC4000002A7515802E0FF78074D21A70B5084E01
:10EC5000451E00F10F0415F8011F304602F066F85A
:10EC6000A542F8D1BDE87040024802F05FB800BF8D
:10EC70007A890108B686010870B5536E012B0E46DD
:10EC8000154602D00224204670BD19491068F7F7D6
:10EC900077FA044638B910F0A7F93146024615480C
:10ECA00002F044F8EFE76C6E012CEBD12868F7F71F
:10ECB00071FA0128E6D1FCF77DF820B10E4802F088
:10ECC00035F80324DFE728680378303B022BD9D8D6
:10ECD00006F089F8C0B210F08CF905460028D2D1B0
:10ECE000064802F023F82C4602F018FACBE700BFE2
:10ECF0003CA7010829A5010881A601082A8401086A
:10ED000073B50E461546FCF74FF8012833D06B6EED
:10ED1000012B01D002240CE018492868F7F730FADB
:10ED2000044648B9FCF752F831460246144801F04F
:10ED3000FDFF204602B070BD6B6E012BEAD1286842
:10ED400001A9FDF767FD0028E4D1019A0D4B13449A
:10ED50000D4A9342DED8FCF72DF820B10B4801F0A4
:10ED6000E5FF0324E5E70198FCF7A8FD40B2FDF7B5
:10ED7000ABFD0446DDE70824DBE700BF3CA7010844
:10ED800029A50108802E0FF7809E473081A6010833
:10ED900073B50E461546FCF707F8012831D06B6EA7
:10EDA000012B01D002240CE017492868F7F7E8F995
:10EDB000044648B9FCF728F831460246134801F0EA
:10EDC000B5FF204602B070BD6B6E012BEAD12868FA
:10EDD00001A9FDF71FFD0028E4D1019B053B072B8E
:10EDE000E0D8FBF7E7FF20B1094801F09FFF0324BB
:10EDF000E7E79DF80400FCF781FD041E18BF01241D
:10EE0000DFE70824DDE700BF3CA7010829A50108CA
:10EE100081A6010873B50E461546FBF7C5FF01280C
:10EE20002DD06B6E012B01D002240CE0154928680F
:10EE3000F7F7A6F9044648B9FBF7EFFF314602465B
:10EE4000114801F073FF204602B070BD6B6E012BBC
:10EE5000EAD1286801A9FDF7DDFC0028E4D1FBF721
:10EE6000A9FF20B1094801F061FF0324EBE70198F5
:10EE7000FCF752FD40B2FDF727FD0446E3E7082406
:10EE8000E1E700BF3CA7010829A5010881A6010808
:10EE900073B50E461546FBF787FF01282ED06B6E23
:10EEA000012B01D002240CE015492868F7F768F916
:10EEB000044648B9FBF7E2FF31460246114801F02B
:10EEC00035FF204602B070BD6B6E012BEAD1286879
:10EED00001A9FDF79FFC0028E4D1FBF76BFF20B1EF
:10EEE000094801F023FF0324EBE79DF80400FCF739
:10EEF00041FD40B2FDF7E8FC0446E2E70824E0E704
:10EF00003CA7010829A5010881A6010873B50E4692
:10EF10001546FBF749FF012833D06B6E012B01D05A
:10EF200002240CE018492868F7F72AF9044648B982
:10EF3000FBF7ACFF31460246144801F0F7FE2046CD
:10EF400002B070BD6B6E012BEAD1286801A9FDF7F4
:10EF500061FC0028E4D1019B4FF6FA72053B934215
:10EF6000DED8FBF727FF20B1094801F0DFFE0324BC
:10EF7000E5E7BDF80400FCF709FD041E18BF0124F5
:10EF8000DDE70824DBE700BF3CA7010829A501084D
:10EF900081A6010873B50E461546FBF705FF01284B
:10EFA00031D06B6E012B01D002240CE01749286888
:10EFB000F7F7E6F8044648B9FBF770FF314602461A
:10EFC000134801F0B3FE204602B070BD6B6E012BFA
:10EFD000EAD1286801A9FDF71DFC0028E4D1019BB6
:10EFE000053B112BE0D8FBF7E5FE20B1094801F005
:10EFF0009DFE0324E7E79DF80400FCF7D3FC041E04
:10F0000018BF0124DFE70824DDE700BF3CA70108A3
:10F0100029A5010881A6010830B5C1B01446FBF747
:10F02000C3FE01282BD0636E012B02D0022041B019
:10F0300030BD14492068F7F7A3F80028F6D0636EB6
:10F04000012BF3D12068F7F7A5F8C2070546EDD4E8
:10F05000B0F5EF7FEAD801466A462068FDF79AFBD3
:10F060000028E3D1FBF72FFFC5F3470102466846AE
:10F07000FCF77AFB831D0CBF03200020D7E7082094
:10F08000D5E700BF3CA7010837B51546FBF78CFE56
:10F09000012829D06B6E012B01D002240BE013490B
:10F0A0002868F7F76DF8044650B9FBF783FE28B1DE
:10F0B0000F4801F03BFE204603B030BD0D48F8E795
:10F0C0006B6E012BE9D1286801A9FDF7A3FB00288D
:10F0D000E3D10198B0F5803FDFD2FCF79DFB40B251
:10F0E000FDF7F2FB0446E6E70824E4E73CA7010845
:10F0F000BCA60108C8A6010873B50E461546FBF765
:10F1000053FE012832D06B6E012B01D002240CE09B
:10F1100017492868F7F734F8044648B9FBF7C7FEE3
:10F1200031460246134801F001FE204602B070BD90
:10F130006B6E012BEAD1286801A9FDF76BFB002853
:10F14000E4D1019B012BE1D8FBF734FE20B10A4842
:10F1500001F0ECFD0324E8E70198003818BF012016
:10F16000FBF7A7FE041E18BF0124DEE70824DCE736
:10F170003CA7010829A5010881A6010873B50E4620
:10F180001546FBF711FE012828D06B6E012B01D02C
:10F1900002240CE012492868F6F7F2FF044648B949
:10F1A000FBF791FE314602460E4801F0BFFD2046B6
:10F1B00002B070BD6B6E012BEAD1286801A9FDF782
:10F1C00029FB0028E4D101980128E1D800F00100D2
:10F1D000FBF780FE041E18BF0124E8E70824E6E7D9
:10F1E0003CA7010829A5010870B586B00E46154652
:10F1F000FBF7DAFD01283ED06C6E012C01D0022411
:10F2000017E01E492868F6F7BBFF0146A0B9112296
:10F2100001A805F077FE102101A8FBF74CFE05467A
:10F2200038B93146164801F081FD01A8FFF70EFDFF
:10F230002C46204606B070BD6B6E012BDFD12868CE
:10F24000F6F7A8FF20280146D9D1286801AAFDF7C2
:10F25000A1FA0028D3D1FBF7ADFD20B1094801F098
:10F2600065FD0324E5E7102101A8FBF726FE041E37
:10F2700018BF0124DDE70824DBE700BF3CA7010835
:10F2800025A5010881A6010870B586B00E46154671
:10F29000FBF78AFD01283ED06C6E012C01D00224C0
:10F2A00017E01E492868F6F76BFF0146A0B9112246
:10F2B00001A805F027FE102101A8FBF700FE054676
:10F2C00038B93146164801F031FD01A8FFF7BEFC00
:10F2D0002C46204606B070BD6B6E012BDFD128682E
:10F2E000F6F758FF20280146D9D1286801AAFDF772
:10F2F00051FA0028D3D1FBF75DFD20B1094801F098
:10F3000015FD0324E5E7102101A8FBF7DAFD041E33
:10F3100018BF0124DDE70824DBE700BF3CA7010894
:10F3200025A5010881A601082DE9F04F8FB00F46F1
:10F330001546FBF739FD012800F0F3816B6E012BB8
:10F3400056D1AB492868F6F71BFF044600284FD179
:10F3500001F072FB30B308A801F07AFB3946A548EA
:10F3600001F0E4FC0899A44801F0E0FC9DF82410A9
:10F37000A14801F0DBFC0A999F4801F0D7FC9DF8F9
:10F3800030109D4801F0D2FCBDF832109A4801F0CF
:10F39000CDFC9DF83410994801F0C8FC20460FB010
:10F3A000BDE8F08F3946934801F0C0FCFBF70EFD35
:10F3B0000146914801F0BAFCFBF726FD01468E4854
:10F3C00001F0B4FCFBF729FD01468B4801F0AEFCCF
:10F3D000FBF754FD0146884801F0A8FCFBF756FDF9
:10F3E0000146854801F0A2FCFBF758FD0146D2E733
:10F3F0006B6E062B53D1FBF7E9FC8346FBF704FD4C
:10F400008246FBF70AFD8146FBF738FD8046FBF795
:10F410003DFD0746FBF742FD03A906462868FDF7B8
:10F42000F9F900283DD1686804A9FDF7F3F900282F
:10F4300037D1A86805A9FDF7EDF9002831D1E868B2
:10F4400006A9FDF7E7F960BB286907A9FDF7E2F90E
:10F4500038BB686908A9FDF7DDF910BB039A684B52
:10F460001344684A93421CD8049B053B072B18D8C9
:10F47000069B032B15D8079B4FF6FA72053B934268
:10F480000FD8089B053B112B0BD8FBF793FC0028EA
:10F4900000F0C0805C4801F049FC03247EE7072BA4
:10F4A00001D002247AE75949A869F6F769FE0028D5
:10F4B000A1D06B6E072BF4D15549A869F6F760FE11
:10F4C00004460028EDD101F0B7FA0190002800F0C1
:10F4D000EA8008A801F0BCFADDF820B09DF824A06D
:10F4E000FBF762FC002840F0D8800A9E9DF830901F
:10F4F000BDF832809DF83470286802A9FDF78AF9BA
:10F500000028CED1686803A9FDF784F90028C8D186
:10F51000A86804A9FDF77EF90028C2D1E86805A90A
:10F52000FDF778F90028BCD1286906A9FDF772F922
:10F530000028B6D1686907A9FDF76CF90028B0D199
:10F54000FBF738FC0028A5D1FBF72EFC20B9049B63
:10F550007D2B40F0BB8004900298FBF739FC10F043
:10F56000FF0540F0C5809DF80C00FBF74FFC10F044
:10F57000FF0540F0BD800498FBF760FC10F0FF052C
:10F5800040F0B6809DF81400FBF77AFC10F0FF0500
:10F5900040F0AE80BDF81800FBF77AFC10F0FF05D4
:10F5A00040F0A6809DF81C00FBF77AFC10F0FF05E8
:10F5B00040F09E80029B0893039B8DF82430FBF75C
:10F5C000F3FB002840F08D80049B0A93059B8DF887
:10F5D0003030069BADF8323008A8079B8DF83430E8
:10F5E00001F040FA012001F02DFAFBF7B7FFD5E654
:10F5F0003CA7010825A5010845A50108DB820108F3
:10F60000802E0FF7809E473081A6010832A701089F
:10F6100027A601080398FCF751F910F0FF0425D143
:10F620009DF81000FCF76AF910F0FF041ED1059850
:10F63000FCF772F910F0FF0418D19DF81800FCF7E0
:10F6400099F910F0FF0411D1BDF81C00FCF79EF9E8
:10F6500010F0FF040AD19DF82000FCF7A3F910F088
:10F66000FF0403D1204601F0EDF997E65846FCF778
:10F6700025F95046FCF742F94846FCF74DF940465B
:10F68000FCF778F93846FCF781F93046FCF78AF93F
:10F6900060B2FDF719F9044680E6FBF785FB022806
:10F6A00008BF0B9E22E7FBF791FB8346FBF7ACFB01
:10F6B0008246FBF7B2FB0646FBF7E0FB8146FBF711
:10F6C000E5FB8046FBF7EAFB074615E7FA2B02D17C
:10F6D0000123049340E7B3F5FA7F7FF43DAF0223A3
:10F6E000F7E7FBF761FB022804BF049B0B936DE770
:10F6F000019BA3B95846FCF7E1F85FFA8AF0FCF7E2
:10F70000FDF83046FCF708F95FFA89F0FCF732F9AA
:10F710001FFA88F0FCF73AF9F8B2FCF743F968B23F
:10F72000B7E708243AE600BFF7B50F461546FBF7E2
:10F730003BFB022832D16B6E012B03D00224204602
:10F7400003B0F0BD16492868F6F71AFD044638B92B
:10F75000FBF7DAFE39460246124801F0E7FAEEE717
:10F760006B6E012BEAD1286801A9FDF753F8002838
:10F77000E4D1019B0C4AA3F516739342DED8FBF744
:10F7800019FB20B1094801F0D1FA0324D7E7019809
:10F79000FCF72AF9041E18BF0124D0E70824CEE79D
:10F7A0003CA7010829A501088891040081A6010849
:10F7B000F7B50F461546FBF7F7FA022832D16B6E04
:10F7C000012B03D00224204603B0F0BD164928685F
:10F7D000F6F7D6FC044638B9FBF798FE39460246E0
:10F7E000124801F0A3FAEEE76B6E012BEAD128680C
:10F7F00001A9FDF70FF80028E4D1019B0C4AA3F5FD
:10F8000016739342DED8FBF7D5FA20B1094801F010
:10F810008DFA0324D7E70198FCF7D2F8041E18BF2D
:10F820000124D0E70824CEE73CA7010829A5010858
:10F83000E80A030081A6010873B50E461546FBF7DA
:10F84000B3FA012831D06B6E012B01D002240CE0F9
:10F8500017492868F6F794FC044648B9FBF761FE9F
:10F8600031460246134801F061FA204602B070BDED
:10F870006B6E012BEAD1286801A9FCF7CBFF0028A9
:10F88000E4D1019C0CB1012CE0D1FBF793FA20B13B
:10F89000094801F04BFA0324E7E72046FBF743FE53
:10F8A00040B2FDF711F80446DFE70824DDE700BFAA
:10F8B0003CA7010829A5010881A6010873B50E46D9
:10F8C0001546FBF771FA01282FD06B6E012B01D082
:10F8D00002240CE016492868F6F752FC044648B9A1
:10F8E000FBF727FE31460246124801F01FFA204678
:10F8F00002B070BD6B6E012BEAD128680DF10601D4
:10F90000FCF76AFF0028E3D1FBF754FA20B10A485C
:10F9100001F00CFA0324EAE7BDF80600FCF778F8DA
:10F9200040B2FCF7D1FF0446E1E70824DFE700BF5F
:10F930003CA70108D5A6010881A6010873B50E46AB
:10F940001546FBF731FA01282DD06B6E012B01D043
:10F9500002240CE015492868F6F712FC044648B961
:10F96000FBF734FA31460246114801F0DFF9204630
:10F9700002B070BD6B6E012BEAD1286801A9FCF7BB
:10F9800049FF0028E4D1FBF715FA20B1094801F03E
:10F99000CDF90324EBE70198FBF790FF40B2FCF7A9
:10F9A00093FF0446E3E70824E1E700BF3CA7010812
:10F9B00029A5010881A6010873B50E461546FBF777
:10F9C000F3F9012832D06B6E012B01D002240CE038
:10F9D00017492868F6F7D4FB044648B9FBF75EFAE6
:10F9E00031460246134801F0A1F9204602B070BD2D
:10F9F0006B6E012BEAD1286801A9FCF70BFF0028E8
:10FA0000E4D1019B053B112BE0D8FBF7D3F920B1E2
:10FA1000094801F08BF90324E7E79DF80400FBF7A0
:10FA2000C1FF40B2FCF750FF0446DEE70824DCE7E4
:10FA30003CA7010829A5010881A60108FFF7EAB93A
:10FA400073B50E461546FBF7AFF9012832D06B6E41
:10FA5000012B01D002240CE017492868F6F790FB2F
:10FA6000044648B9FBF7D0F931460246134801F085
:10FA70005DF9204602B070BD6B6E012BEAD128689B
:10FA800001A9FCF7C7FE0028E4D1019B053B072B29
:10FA9000E0D8FBF78FF920B1094801F047F90324BA
:10FAA000E7E79DF80400FBF729FF40B2FCF70CFFE5
:10FAB0000446DEE70824DCE73CA7010829A5010885
:10FAC00081A6010873B50E461546FBF76DF90128AE
:10FAD00031D06B6E012B01D002240CE0174928684D
:10FAE000F6F74EFB044648B9FBF7C8F93146024623
:10FAF000134801F01BF9204602B070BD6B6E012B5C
:10FB0000EAD1286801A9FCF785FE0028E4D1019B11
:10FB1000032BE1D8FBF74EF920B10A4801F006F9B2
:10FB20000324E8E79DF80400FBF724FF40B2FCF74C
:10FB3000CBFE0446DFE70824DDE700BF3CA7010851
:10FB400029A5010881A6010873B50E461546FBF7E5
:10FB50002BF9012834D06B6E012B01D002240CE06C
:10FB600018492868F6F70CFB044648B9FBF78EF9EC
:10FB700031460246144801F0D9F8204602B070BD63
:10FB80006B6E012BEAD1286801A9FCF743FE00281F
:10FB9000E4D1019B4FF6FA72053B9342DED8FBF7A6
:10FBA00009F920B1094801F0C1F80324E5E7BDF8DF
:10FBB0000400FBF7EBFE40B2FCF786FE0446DCE7F0
:10FBC0000824DAE73CA7010829A5010881A6010855
:10FBD00073B50E461546FBF7E7F8012831D06B6E7A
:10FBE000012B01D002240CE017492868F6F7C8FA67
:10FBF000044648B9FBF78CFC31460246134801F035
:10FC000095F8204602B070BD6B6E012BEAD12868D2
:10FC100001A9FCF7FFFD0028E4D1019BF82BE1D8F6
:10FC2000FBF7C8F820B10A4801F080F80324E8E7A0
:10FC3000BDF80400FBF76EFC40B2FCF745FE04463D
:10FC4000DFE70824DDE700BF3CA7010829A501087C
:10FC500081A6010873B50E461546FBF7A5F80128E5
:10FC600031D06B6E012B01D002240CE017492868BB
:10FC7000F6F786FA044648B9FBF757FC31460246C8
:10FC8000134801F053F8204602B070BD6B6E012B93
:10FC9000EAD1286801A9FCF7BDFD0028E4D1019C48
:10FCA0000CB1012CE0D1FBF785F820B1094801F037
:10FCB0003DF80324E7E72046FBF739FC40B2FCF7A8
:10FCC00003FE0446DFE70824DDE700BF3CA7010888
:10FCD00029A5010881A6010810B5546E1CB900F0D1
:10FCE000CDFE204610BD0224FBE7506E002818BF51
:10FCF0000220704730B514468BB00D4621220021FA
:10FD000001A805F0FFF8636E012B03D00224204602
:10FD10000BB030BD20680849F6F732FA04460028D7
:10FD2000F4D10649202201A805F0C4F801AA294609
:10FD3000034800F0FBFFEAE73CA701080050000879
:10FD4000B2A5010873B5536E012B0E46154603D0BC
:10FD50000124204602B070BD11491068F6F710FA70
:10FD6000044650B9F8F7D1FA314602460D4800F082
:10FD7000DDFF0D4800F0DAFFEBE76B6E012BE7D1FA
:10FD800028680DF10701FCF745FD044630B99DF8E0
:10FD90000700012802D8F8F7B6FADAE70224D8E714
:10FDA0003CA70108DFA60108B686010810B5546E0D
:10FDB0001CB901F0B3F9204610BD0224FBE710B5D1
:10FDC000536E8BB9F9F724FF60B911F087FD044633
:10FDD00011F08EFD044303D101F0A0F9204610BDBF
:10FDE000063403D00124F9E70224F7E70324F5E7FA
:10FDF00010B5546E4CB911F07FFF20B9012011F0FD
:10FE000081FF204610BD2046F9E70224F9E70000F3
:10FE100070B5566E012E86B00D46144603D00226EC
:10FE2000304606B070BD2C491068F6F7A9F9C8B97C
:10FE3000122101A811F030FF04460028F0D1294614
:10FE40002648274E00F072FF01AD15F8011B304621
:10FE5000013400F06BFF122CF7D1224800F066FF4E
:10FE60000026DDE7636E012BD9D12068F6F792F901
:10FE70000028D4D02068F6F78DF91228CFD81221A7
:10FE800001A811F009FF05460028C9D101AB0246BF
:10FE900013F8011B0029C3D10132122AF8D12068BE
:10FEA000F6F778F9A84226680AD83046F6F772F9CC
:10FEB0000146304611F0FEFE061E18BF0126AFE7D0
:10FEC000735DA3F13002092A04D923F02003413BDA
:10FED000192BA4D80135E2E73CA7010825A50108A4
:10FEE000E5A60108B686010870B5556E012D86B0ED
:10FEF0000E4603D00225284606B070BD0F49106893
:10FF0000F6F73EF90028F5D1122101A811F0C4FE40
:10FF100004460028EFD1314609480A4E00F006FF9A
:10FF200001AD15F8011B3046013400F0FFFE122C24
:10FF3000F7D1054800F0FAFE0025DCE73CA70108F0
:10FF400025A50108E5A60108B686010837B5536E58
:10FF5000012B0D4603D00224204603B030BD0A49D0
:10FF60001068F6F70DF904460028F4D101A803F053
:10FF70006DFC01980EF0B0F902460B460348294685
:10FF800000F0D4FEE8E700BF3CA70108E8A601089E
:10FF900037B5536E012B0D4603D00224204603B023
:10FFA00030BD0A491068F6F7EBF804460028F4D192
:10FFB00001A803F06BFC01980EF08EF902460B4687
:10FFC0000348294600F0B2FEE8E700BF3CA701085D
:10FFD000E8A6010838B5536E012B0D4602D0022465
:10FFE000204638BD07491068F6F7CAF804460028CD
:10FFF000F5D1054B054A1B6812680548294600F0F3
:020000040801F1
:1000000095FEEDE73CA70108C0020020BC020020DD
:10001000F0A6010838B5536E012B0D4602D002241C
:10002000204638BD06491068F6F7AAF804460028AD
:10003000F5D1044B04481A68294600F077FEEFE733
:100040003CA70108C4020020B2A5010838B5536ED0
:10005000012B0D4602D00224204638BD0649106807
:10006000F6F78EF804460028F5D1044B04481A68C8
:10007000294600F05BFEEFE73CA70108B002002034
:10008000B2A5010830B5536E012B8BB00D4603D0DD
:10009000022420460BB030BD09491068F6F770F80D
:1000A00004460028F4D18DF82400202101A811F085
:1000B000A1FC01AA2946034800F038FEE9E700BF89
:1000C0003CA70108B2A5010830B5536E012B8BB0D7
:1000D0000D4603D0022420460BB030BD09491068FC
:1000E000F6F74EF804460028F4D18DF824002021BC
:1000F00001A811F0EFFC01AA2946034800F016FE02
:10010000E9E700BF3CA70108B2A5010838B5536E66
:10011000012B0D4602D00224204638BD0649106846
:10012000F6F72EF804460028F5D1044B04481A6867
:10013000294600F0FBFDEFE73CA70108CC020020B8
:10014000B2A5010830B5536E012B8BB00D4603D01C
:10015000022420460BB030BD09491068F6F710F8AC
:1001600004460028F4D18DF82400202101A811F0C4
:1001700079FC01AA2946034800F0D8FDE9E700BF51
:100180003CA70108B2A5010838B5536E012B0D46F6
:1001900002D00224204638BD06491068F5F7F0FF6A
:1001A00004460028F5D1044B04481A68294600F09B
:1001B000BDFDEFE73CA70108B8020020B2A5010889
:1001C0007FB5556E012D0E46144603D002252846F4
:1001D00004B070BD24491068F5F7D2FFC8B91021EA
:1001E000684611F021FD04460028F0D131461F4831
:1001F0001F4E00F09BFD6D4615F8011B3046013483
:1002000000F094FD102CF7D11A4800F08FFD002566
:10021000DDE7636E012BD9D12068F5F7BBFF00281D
:10022000D4D02068F5F7B6FF1028CFD81021684643
:1002300011F0FAFC06460028C9D12068F5F7AAFF9C
:10024000B04225680AD82846F5F7A4FF014628469B
:1002500011F0F8FC051E18BF0125B8E7AB5D203B87
:100260005E2BB3D80136E8E73CA7010825A50108B5
:10027000E5A60108B686010830B5536E012B87B09C
:100280000D4603D00224204607B030BD0A4910684D
:10029000F5F776FF04460028F4D105AA04A903A8BF
:1002A00012F01BFB039B00932946DDE9043203484F
:1002B00000F03CFDE7E700BF3CA70108FBA60108F2
:1002C00038B5556E144625B9284600F05FFC28461F
:1002D00038BD012D20D00225F9E72368585D04F0D0
:1002E000B9FD0028F7D001352068F5F753FFA84283
:1002F000F3D820680A22002105F090FC431C054633
:100300000CD108492068F5F73BFF0028E3D12846C7
:1003100000F03CFC0025DAE70025E5E70028DAD00C
:10032000F5E700BF0DA7010870B5536E012B0E460F
:10033000154602D00224204670BD16491068F5F714
:100340001FFF044638B911F02DFB31460246124812
:1003500000F0ECFCEFE76B6E012BEBD1002406E024
:100360002B68185D04F076FD0028E3D0013428687E
:10037000F5F710FFA042F3D828680A22002105F003
:100380004DFC0128D6D811F013FB041E18BF012420
:10039000D1E700BF3CA7010829A5010870B5536E3D
:1003A000012B0E46154602D00224204670BD164988
:1003B0001068F5F7E5FE044638B911F005FB314643
:1003C0000246124800F0B2FCEFE76B6E012BEBD156
:1003D000002406E02B68185D04F03CFD0028E3D003
:1003E00001342868F5F7D6FEA042F3D828680A221F
:1003F000002105F013FC431E012BD5D811F0EAFAB9
:10040000041E18BF0124D0E73CA7010829A5010854
:1004100038B5536E012B15460AD109491068F5F716
:10042000AFFE044620B9074800F080FC204638BDE6
:100430006C6E14B900F0EEFCF8E70224F6E700BF9A
:100440003CA7010818A70108F0B5546E012C85B02F
:100450000F46154603D00224204605B0F0BD2049C2
:100460001068F5F78DFE0646E8B9092101A800F0ED
:1004700093FD051EF0DD1B48394600F057FC34465D
:10048000194EE3B2AB4204F1010404DB174800F05B
:100490004DFC0024E0E704AA1344304613F80C1C7A
:1004A00000F044FCEDE76E6E012ED4D12868F5F71C
:1004B00071FE0028CFD02868F5F76CFE0828CAD84E
:1004C0002C682046F5F766FE0146204600F06BFDDD
:1004D00004460028C0D00334BDD03446BCE700BF7A
:1004E0003CA7010825A50108E5A60108B686010874
:1004F000F7B5536E012B06460F46154603D002246E
:10050000204603B0F0BD1B491068F5F739FE0446DC
:1005100038B911F077FB39460246174800F006FC5F
:10052000EEE76B6E012BEAD1002406E02B68185D24
:1005300004F090FC0028E2D001342868F5F72AFE88
:10054000A042F3D828680A22002105F067FBB0F525
:10055000E13F0446D3D800230146CDE9003303220E
:10056000304600F049FB204611F052FB041E18BF34
:100570000124C5E73CA7010829A5010838B5546E38
:1005800005468CB911F0C6F9C0B258B1084800F060
:10059000CDFB2146284611F0C5F9044630B928465E
:1005A000FBF70CFE204638BD0224FBE70124F9E7E7
:1005B0004EA70108B0B5546E00AFBCB96D46ADF59D
:1005C000006D6A464FF40061094810F007FF4FF4D0
:1005D0000061084811F02EF86A4606484FF40061A1
:1005E00010F0A6FFAD462046BD46B0BD0224FAE796
:1005F00000F0030800E00308F0B50C46ADF5497DB6
:100600006A464FF4487110F0E9FE5B4E2368B3422E
:100610000CBF656800254FF425720021204604F0C8
:1006200071FC042D40F0A4804FF4257269462046E9
:1006300004F040FC94F8FA31FF2B04BF002384F847
:10064000FA3194F8FB31FF2B10D104F2FB15202274
:100650000021284604F056FC484B1F683846F5F741
:1006600099FD39460246284604F024FC94F81B32D2
:10067000FF2B10D104F21B2520220021284604F074
:1006800041FC3F4B1F683846F5F784FD394602466A
:10069000284604F00FFC94F83B32FF2B10D104F2F3
:1006A0003B2520220021284604F02CFC354B1F68F6
:1006B0003846F5F76FFD39460246284604F0FAFB46
:1006C00094F87032FF2B04BF012384F8703294F841
:1006D0005C32FF2B04BF002384F85C32D4F8603214
:1006E000F82B84BF0023C4F8603294F86632FF2BE5
:1006F00001BF41F22443A4F86432002384F8663237
:1007000094F86732FF2B04BF002384F8673294F813
:100710006832FF2B04BF002384F8683294F86A32F1
:10072000FF2B04BF4FF6B073A4F86A3294F86C3212
:10073000FF2B04BF0523C4F86C3294F89332FF2BCF
:1007400004BF012384F8933294F88132FF2B05D142
:100750001022002104F2812004F0D4FB94F891329D
:100760002660FF2B04BF002384F8913204236360CA
:100770000DF5497DF0BD00BFDDCCBBAAB002002065
:10078000B4020020C8020020F0B58B4A8B4E1068DE
:100790005168ADF5297D01AB03C389481A464FF472
:1007A000257110F01BFE039BB34202D1049B042B66
:1007B0001CD0834803A9FFF71FFF039BB34217D147
:1007C000049D281F454245417E4C4FF4257200216F
:1007D000204604F097FB6DB14FF4257203A9204623
:1007E00004F068FB00200DF5297DF0BD0125EBE745
:1007F0000025E9E70423636040F20113A4F8BC314B
:1008000008224FF4E13301A984F8BE5104F2C91063
:10081000C4F8C431266004F04DFB0123C4F8D45160
:1008200084F8C85184F8FA5123720EF089FBC0B2E3
:10083000002800F0AD80052384F8303041F288377D
:1008400041F27072C4E92E724FF47A714FF4FA6279
:10085000C4E930124FF6B07200250123A4F86A22D1
:100860000522A4F8AE30A4F8B4300826C4F86C22EF
:10087000A4F8B05040F2FC722946534884F8B630D0
:1008800084F8CC3084F8703284F89332C4E935654A
:1008900084F8B25084F8CF5084F8D05084F868526D
:1008A00004F030FBD0222946484804F02BFB0EF020
:1008B00047FB474A474B6582C0B2A84208BF134670
:1008C000E360072323740E23237641F23333C4E914
:1008D000093744F62063E362324641F22443294655
:1008E0003D48A4F864322575E682A57684F85C520A
:1008F000C4F8605284F8675204F004FB10222946C1
:10090000364804F0FFFA10222946354804F0FAFA76
:1009100084F89152334C2068F5F73CFC1F284FF0C7
:10092000200243D82946304804F0ECFA24682046D7
:10093000F5F730FC214602462C4C2B4804F0BAFA5D
:100940002068F5F727FC1F284FF0200230D800213F
:10095000274804F0D7FA24682046F5F71BFC214607
:100960000246244C224804F0A5FA2068F5F712FC50
:100970001F284FF020021DD800211F4804F0C2FAA2
:1009800024682046F5F706FC214602461A4827E768
:10099000022384F830304FF6FF73A4F8A2304FF0F2
:1009A000FF33C4E92933A4F8AC3047E72168C3E733
:1009B0002168D6E72168E9E72BA70108DDCCBBAAAF
:1009C00000E0030820420020243A0020FC420020DE
:1009D00080A1031C00A1BC333B42002091440020B5
:1009E000A1440020B00200201B440020B4020020DB
:1009F0003B440020C80200205B44002010B50B4C93
:100A00000B4822464FF4257110F0E8FC08482146B7
:100A1000FFF7F2FD2268074B9A4202D16368042B6C
:100A200003D0BDE81040FFF7AFBE10BD204200204C
:100A300000F00308DDCCBBAA014B1878704700BF5B
:100A4000709C0020014B1870704700BF709C002004
:100A500008B50349182204F02DFA012008BD00BF93
:100A6000589C002008B501461822024804F022FADA
:100A7000012008BD589C002001F0ACBF01F0ACBFC4
:100A8000F6F76EBDF6F794BDF6F7BEBC2DE9F04162
:100A90002D4D022000F0AAF8D5E90032C01A2B4BE8
:100AA0001B6861EB0201984271F1000303D26FF001
:100AB0000500BDE8F08102F09DFC8028F7D110F020
:100AC00083FF234E0746002456F8043B03B19847A2
:100AD0000134102CF8D11F4EDFF87C8000F00AFBA7
:100AE00002F008FF00F07EF800F0A4FA00F02CFB02
:100AF000FFF7C6FF00F07CF8F368984798F80040CD
:100B0000F4B9B368154E984700F074F8FFF7BAFFD0
:100B100000F0F2FA00F01EFB00F08EFA00F064F82C
:100B200002F0EAFE56F8043B03B198470134102C5A
:100B3000F8D1022000F05AF8C5E900010020B8E71A
:100B4000336838469847D9E7789C0020B46A00207B
:100B5000809C0020A46A0020739C0020C09C002080
:100B6000014B00221A707047739C0020024A1368E0
:100B700001331360704700BF009D0020024A1368D4
:100B80000BB1013B13607047009D002038B5114B3D
:100B90001D680446D5B9F9F799F80F4B18700F4B3B
:100BA00001221A704CB129460D4801F033FF01F0C3
:100BB00055FF2946204601F041FFF9F771F8FFF78C
:100BC00065FF0446F9F77CF8204638BD6FF007044E
:100BD000FAE700BF009D0020729C0020739C00205B
:100BE000610B010802F054B802F0ACB811F038BF44
:100BF00011F06EBF11F06DBF2DE9F04702289DF88E
:100C000020909DF824A004460D4616461F4615D890
:100C1000DFF82C8058F820300BB15B689847CDE99D
:100C2000089A084B48F82430D3F800E032463B4697
:100C300029462046F446BDE8F0476047BDE8F08706
:100C4000049D0020C06A0020022838B504460ED852
:100C5000074D55F8203053B15B696421984755F82A
:100C6000243020465B689847002345F8243038BD7F
:100C7000049D002002282DE9F04104460D46164649
:100C800010D810F0A9FF88B90B4B53F8243083B16A
:100C90009F680A4B324629462046BC461B68BDE881
:100CA000F04160476FF00200BDE8F0816FF007008F
:100CB000FAE74FF0FF30F7E7049D0020E06A0020DC
:100CC0000EB430B50446ADF5027D10F023FE022CC3
:100CD0001FD8204610F080FFF0B9124D55F824308F
:100CE000EBB186AA8599019202A804F0FBFF55F8A2
:100CF000243002A89D68F5F74DFA0B4B02461B689D
:100D000002A92046A8470DF5027DBDE8304003B09A
:100D100070476FF00200F6E76FF00700F3E74FF05F
:100D2000FF30F0E7049D0020E06A00200FB42DE9B9
:100D3000F047ADF5027D8AAF002457F8049B174EAB
:100D4000DFF85CA025465FFA84F8404610F0E2FD2B
:100D5000B8B9404610F040FF98B933688BB13A46B5
:100D6000494602A8019704F0BDFF336802A89D68B8
:100D7000F5F710FADAF80030024602A94046A84713
:100D800005460134032C06F10406DCD128460DF596
:100D9000027DBDE8F04704B0704700BF049D00200D
:100DA000E06A0020022810B409D8084C54F820301A
:100DB0004BB1DC68064BA4461B6810BC60476FF063
:100DC000020010BC70474FF0FF30FAE7049D00208E
:100DD000E06A0020022805D8054A52F8203023B1E5
:100DE0001B6918476FF0020070474FF0FF307047E3
:100DF000049D0020022807D8044A52F820301BB175
:100E0000034A5B6911681847704700BF049D0020C2
:100E1000E06A00202DE9F8430E4FDFF83C80DFF850
:100E20003C900025EEB2304610F0D6FE044658B98C
:100E30000121304610F0D8FE0922214648463C6088
:100E4000C8F8004004F05EF80135032DEAD1BDE892
:100E5000F88300BF189D0020149D00201C9D0020D9
:100E600038B50024E5B2284610F0B6FE012803D1BB
:100E70000021284610F0B8FE0134032CF2D138BD11
:100E80002DE9F04786B004468DF8071003A8092124
:100E900010F056FD9DF80730364D0D2B074629D032
:100EA00019D8082B19D00A2B24D02A68082A0ED862
:100EB000511C296030498B54304B53F824309D68C5
:100EC0002F4B01221B680DF107012046A8472D4A30
:100ED000136801330CE07F2BE7D12B68002B3ED049
:100EE000013B254A2B600021D154264A1368013B5F
:100EF000136034E0234E336853B3DFF88090DFF89B
:100F0000808059F824302049D3F808A0D8F8003060
:100F100002222046D0473268092A0ED11B491648C2
:100F200004F052FD48B959F8243019499F68D8F89F
:100F3000003015222046B8470AE03368BB4211D181
:100F40000D483A4603A903F0A5FF58B9FFF788FFFB
:100F50000021094829600922316003F0D3FF06B05F
:100F6000BDE8F08759F824300A499F68D8F8003066
:100F70001122DFE7189D00201C9D0020049D002009
:100F8000E06A0020149D0020B686010834A70108FD
:100F90003EA7010853A70108082901D910F0D0BCC9
:100FA0006FF002007047082910B40BD803460C18E4
:100FB000A34202D110BC10F0D5BC13F8012B203A8B
:100FC0005E2AF5D96FF0020010BC7047022801D8E4
:100FD00010F002BE00207047022810B5044612D857
:100FE00010F0FAFD012803D00021204610F0FCFD8E
:100FF000054B064800211960054B1960BDE81040FB
:10100000092203F07FBF10BD189D00201C9D002009
:10101000149D0020022805D8054A52F8203023B13B
:101020009B6918476FF0020070474FF0FF30704720
:10103000049D0020F6F7A2BDF6F7F0BDF8B52A4EE4
:101040000546375C0C4610F065FC00284AD04F2C52
:10105000715D3BD020D82B2C2ED014D80A2C2DD04B
:101060000D2C14BF07230623204A02EBC102D35CD8
:1010700073550B2B36D1072F2AD100237355BDE8AA
:10108000F840FFF7FBBC422C1ED04D2C18D0412C51
:1010900014BF07230023E7E76D2C11D008D8612C7B
:1010A00010D0622C10D0542C14BF07230123DBE78F
:1010B0006F2C0BD0742CF7E70223D5E70623D3E778
:1010C0000523D1E70023CFE70323CDE70423CBE7B4
:1010D0000A2F07D10648002345607355BDE8F84044
:1010E00000F014B8F8BD00BF109D002064A70108EF
:1010F000B86A0020F6F7AEBAF6F7AEBA024A802117
:10110000082002F0BFB800BF289D0020014A082136
:1011100002F00CB9D969000802F0DAB811F0ECBBA2
:1011200011F0FCBB11F0FFBB11F003BC014B1B68BD
:10113000184700BFE46A002001F0BEBE01F0E2BE25
:1011400001F002BF01F04ABE014B5B69184700BFC6
:10115000F46A0020014B9B69184700BFF46A002025
:101160008068C0F380007047F7B500230193044600
:10117000002800F01181856D25B9F5F7F1FFE565CF
:1011800084F8545022689368D90040F1B4802068F4
:101190008368DA0000F1C680A36D43F01003A365F5
:1011A000E36D43F00103E3650122FFF7D9FFA36D6F
:1011B00003F010031843A36D40F0F08023F4817313
:1011C00043F002032168A3658B68DB0700F1AC8064
:1011D000CB68A56823F018032B43CB60636803F04A
:1011E0004045E36C45EA030194F83C30012B08D1FB
:1011F000D4E9103633430B43A16C0B432B4343F02C
:1012000001012568674B2E6933400B432B616568EC
:1012100025F00043B3F1804F0CD0B5F1004F09D059
:10122000614ED6F8083705F4701523F470132B437C
:10123000C6F80837637E257E266BA77E94F82CC0FF
:10124000DB0343EA8533E5682B432569002E43EA37
:10125000473318BF4FF4805643EA4C03002DB4BF08
:1012600025F000454FF4001533432B4394F82050EC
:10127000012D03D1002F59D143F48033656A25B184
:10128000A66A05F4E07535432B432668F56825F416
:10129000FE3525F4F3751D43F5602668434D376927
:1012A0003D40294331612568666B696921F007017A
:1012B000314369612568A66B696921F0700141EAD3
:1012C000061169612169002939D12068816A61F0BC
:1012D0000F0181622168C86835490140994251D1A6
:1012E0000023E365A36D23F0030343F00103A3652B
:1012F000104603B0F0BD936823F0104323F01703AA
:1013000043F0805393602B4B2B4A1B68B3FBF2F3E3
:1013100001335B000193019B002B3FF438AF019B2D
:10132000013BF7E7002240E7014683E7A56D45F062
:101330002005A565E56D45F00105E5659EE7B1F57C
:10134000001FC7D1266E850026FA05F505F00F05AA
:101350000F2D0FD001300828F5D12568A96AE16961
:101360000139890001F01C016FF00F0000FA01F152
:10137000314305E001282568EFD1A96A61F00F012A
:10138000A962A7E7A36D23F0120343F01003A3653E
:10139000E36D43F00103E3650122A9E743F0100385
:1013A000A365F9E702FCFF1F0020014002FCFFDFFC
:1013B000E7FF3F83C8000020400D0300F8B54569F2
:1013C000082D04460E460AD00368DB68D90705D508
:1013D000836D43F0200383650120F8BD042514F0DC
:1013E00039FA0746206803682B4222D0A36D43F4E4
:1013F0000073A365C36813F4406F14D1A37E93B93F
:1014000003681B070FD5FFF7ABFE38BB2268536894
:1014100023F00C035360A36D23F4807323F00103C6
:1014200043F00103A365207E08BB23680C221A60E9
:10143000D3E7721CD7D014F00DFAC01BB04201D80C
:10144000002ECFD123681B682B40CBD1A26D84F82E
:10145000543042F00402A2650320BEE7A36D43F0BE
:101460002003A365E36D43F00103E365DBE70020A0
:10147000B3E70368186C7047F7B50023019390F841
:101480005430012B024600F0CC80012380F8543008
:101490000068FFF765FE002840F0BD8048681569C8
:1014A0000B68022825F0040500F08780B5F1004F95
:1014B0001468C3F3110715D1A36A3B43A3620D68F7
:1014C00014688B68606903EA052323F07C4320EAF3
:1014D000052023F0FF03034363610868002828DB2D
:1014E000002057E00F2500F01F0005FA00F6156EEA
:1014F00025EA0605C7B9C3F3846383402B4313660B
:101500004868D56983080133AB42D8D80B68A56A0F
:1015100000F01F00C3F383630F26834006FA00F038
:1015200025EA00000343C9E793FAA3F3B3FA83F370
:10153000E3E73D493D4DD1F80837A84203F0E07498
:1015400019D11B02CCD4D1F8083723F0E073234320
:1015500043F40003C1F80837354B36491B68B3FB29
:10156000F1F10C2301FB03330193019B002BB7D056
:10157000019B013BF8E7304DA84210D113F0807079
:10158000AED1D1F8083723F0E073234343F08073E2
:10159000C1F80837002382F8543003B0F0BD274D5E
:1015A000A8429DD113F480009AD1D1F8083723F0D6
:1015B000E073234343F48003EAE7B5F1004F06D11B
:1015C0001468A06AC3F3110320EA0303A362086846
:1015D000002885DA154C1449A042D1F8083709D102
:1015E000D1F8080703F0A07320F0E0700343C1F8BE
:1015F000083775E7104CA04204D1D1F8080703F46E
:101600004003F1E70D4CA0427FF46AAFD1F8080720
:1016100003F0C073E8E7916D41F020019165184631
:10162000B8E70220B9E700BF00200140001000B079
:10163000C8000020400D0300004000B8002000B4A6
:1016400038B504460068FFF78BFD08B9002038BDA7
:1016500022689368990707D4936823F0004323F026
:10166000170343F01003936014F0F4F80546236861
:101670009B685B07EAD514F0EDF8401B0228F6D909
:1016800023689B685A07F2D5A36D43F01003A36546
:10169000E36D43F00103E3650120D8E773B5002350
:1016A000026801939368DD07044602D5002002B06A
:1016B00070BD9168214B194209D0A36D43F010030E
:1016C000A365E36D43F00103E3650120EFE7936851
:1016D00023F0004323F0170343F001039360184BFA
:1016E000D3F8083718021CD4637E012BDED014F027
:1016F000B1F8144E054622681368DB07D6D4936808
:10170000D9075FBF9368334043F00103936014F03F
:10171000A1F8401B0228EED923681B68DA07EAD437
:10172000CBE7094B094A1B68B3FBF2F30133019382
:10173000019B002BD8D0019B013BF8E717000080EC
:1017400000200140E8FFFF7FC8000020400D03009B
:1017500038B504460068FFF703FD054628BB94F83A
:101760005430012B21D0012384F854302046FFF758
:1017700095FFB8B9A36D23F4706323F0010343F41C
:101780008073A3652368E0651C221A60226884F8D0
:101790005400936823F0004323F0170343F004033D
:1017A000936038BD84F85450FBE70220F9E738B560
:1017B0000268936891680446C80701D4002038BDC8
:1017C0009907FBD4936803F00503012B1AD19368A2
:1017D00023F0004323F0170343F0020393602368D0
:1017E00003221A6014F036F8054623689B68DB076D
:1017F000E4D514F02FF8401B0228F6D923689B6823
:10180000DA07F2D5A36D43F01003A365E36D43F04F
:101810000103E3650120D2E770B50446002849D0F2
:10182000836D43F002038365FFF70AFF054668B93D
:101830002046FFF7BCFF054608B90123A3652268CF
:10184000936823F0104323F01703936022685368D2
:1018500023F4677323F003035360236840F29F323D
:101860001A602268144BD1680B40D3602268136958
:1018700023F0404313612268536923F00703536147
:101880002268136A03F0F0231362236800269A6A21
:101890000A4A9E62D2F8083723F0FE73C2F808376E
:1018A0002046F5F729FDE6652666A66584F85460AE
:1018B000284670BD0125FBE700023E830020014061
:1018C00010B590F85430012B044615D0012380F850
:1018D0005430FFF7B5FE58B92046FFF768FF38B916
:1018E000A36D23F4807323F0010343F00103A36588
:1018F000002384F8543010BD0220FCE713B5002308
:10190000019390F85430012B044642D0012380F813
:101910005430FFF74CFF2268936813F0010FA36D5A
:1019200034D123F4817343F00203A365D168D368F3
:1019300023F00303D3602268936843F0004393606D
:10194000236801F003019A68002A12DA019A013231
:101950000192019AB2F52E3FF5D3A36D23F0120345
:1019600043F01003A365002384F85430012002B033
:1019700010BDDA680A43DA60A36D23F0030343F075
:101980000103A365002384F85430F0E743F010030B
:10199000F7E70220EBE7026852E8003F23F0C003BC
:1019A00042E800310029F6D1026802F1080353E849
:1019B000003F23F40003083242E800310029F3D14C
:1019C0002023C0F88430704710B5026852E8003F09
:1019D00023F4907342E800310029F6D10F4C0268DD
:1019E00002F1080353E8003F2340083242E8003187
:1019F0000029F4D1C36E012B08D1026852E8003FE0
:101A000023F0100342E800310029F6D12023C0F86A
:101A100088300023C366036710BD00BFFEFFFFEFE1
:101A200038B50446D8B102682423C0F8843013685E
:101A300023F001031360036800251D6003685D60E7
:101A400003689D60F6F734FBC4F88C5084F880502E
:101A5000C4F884502846C4F88850E56638BD012093
:101A6000FCE738B50268D0F88430D0F88850926826
:101A7000120604461FD5212B1DD1226802F108034E
:101A800053E8003F23F08003083242E80031002988
:101A9000F3D1A06F60B11AF0EDFD48B1A06F1AF05C
:101AA00092FF202804D11023C4F88C30032038BDC5
:101AB0002046FFF770FF2368986810F04000F6D0CA
:101AC000222D18D1226802F1080353E8003F23F0C9
:101AD0004003083242E800310029F3D1E06F38B109
:101AE0001AF0C8FD20B1E06F1AF06DFF2028DAD09F
:101AF0002046FFF769FF0020D9E7704710B5806ADC
:101B00000268D0F88430D0F888409268120606D572
:101B1000212B04D10023A0F85630FFF73CFF0368C7
:101B20009B685B0606D5222C04D10023A0F85E300A
:101B3000FFF74AFFD0F88C3043F01003C0F88C3028
:101B4000F6F7F2FA10BD08B5806A0023A0F85E30FF
:101B5000A0F85630F6F7E8FA08BD00002DE9F0418C
:101B60000568EB692A68A96840F60F063342044607
:101B700010D19E0640F19A8002F0200601F08057B5
:101B80003E4300F09380036F002B00F08880BDE897
:101B9000F0411847A34EA4480E401040304300F0D7
:101BA0008580D80709D5D70507D501202862D4F844
:101BB0008C0040F00100C4F88C0098070AD5CF07CC
:101BC00008D5206802250562D4F88C0040F0040096
:101BD000C4F88C005D070AD5C80708D5206804251D
:101BE0000562D4F88C0040F00200C4F88C001F0796
:101BF0000BD502F02000304307D02068082505628D
:101C0000D4F88C002843C4F88C001D050BD5500176
:101C100009D520684FF400650562D4F88C0040F0C7
:101C20002000C4F88C00D4F88C00002837D09B0624
:101C30000AD502F0200201F0805152EA010303D0DC
:101C4000236F0BB1204698472368D4F88C509B68CB
:101C500005F0280503F040031D43204621D0FFF77F
:101C6000B3FE23689B685F0616D5226802F108035D
:101C700053E8003F23F04003083242E800310029D6
:101C8000F3D1E36F43B1694A9A63E06F1AF028FD1C
:101C900028B1E06F836B7AE72046F6F745FABDE896
:101CA000F081F6F741FAC4F88C50F8E7E06E0128AD
:101CB00040F08980DE0640F18680D00640F18380C6
:101CC00010232B6223689B685B064AD5E26F13687A
:101CD0005B689BB2002BE2D0B4F85C109942DED96D
:101CE000A4F85E3013681B689F0630D4226852E85F
:101CF000003F23F4807342E800310029F6D12268C6
:101D000002F1080353E8003F23F00103083242E8E0
:101D100000310029F3D1216801F1080353E8003FA5
:101D200023F04003083141E80032002AF3D1202398
:101D3000C4F88830E266226852E8003F23F01003BE
:101D400042E800310029F6D1E06F1AF093FCB4F8B4
:101D50005E30B4F85C10C91A89B22046F5F7D4FF9A
:101D60009DE7B4F85E10B4F85E2092B28BB2002A00
:101D700095D0B4F85C10C91A89B200298FD02268B6
:101D800052E8003F23F4907342E800300028F6D177
:101D9000274D206800F1080353E8003F2B4008302E
:101DA00040E80032002AF4D12023C4F888302267AA
:101DB000E266226852E8003F23F0100342E8003058
:101DC0000028F6D1C9E7DE0209D5480207D54FF44D
:101DD00080132B622046BDE8F041F6F70DB81F06D0
:101DE0000BD502F0800001F40001014305D0636FC0
:101DF000002B3FF454AF2046C9E65E061AD55506BF
:101E000018D5216851E8003F23F0400341E8003233
:101E1000002AF6D12023C4F8843062672046FFF7F9
:101E20006CFE3CE70100001020010004471B010884
:101E3000FEFFFFEF180206D5510004D52046BDE88D
:101E4000F04100F026BCDB017FF529AF002ABFF688
:101E500026AF2046BDE8F04100F01ABC08B5806A04
:101E6000C36E012B05D1B0F85C104908F5F74CFFA3
:101E700008BDF5F739FFFBE708B50346806A1B6824
:101E80001B6813F0200331D1A0F85E30026852E8DD
:101E9000003F23F4807342E800310029F6D1026844
:101EA00002F1080353E8003F23F00103083242E83F
:101EB00000310029F3D1026802F1080353E8003F22
:101EC00023F04003083242E800310029F3D12023F7
:101ED000C0F88830C36E012B08D1026852E8003F79
:101EE00023F0100342E800310029F6D1C36E012B24
:101EF00004D1B0F85C10F5F707FF08BDF5F7AAFEAE
:101F0000FBE790F88030012B1ED0012380F8803051
:101F10002423C0F88430026852E8003F23F00C0309
:101F200042E800310029F6D1016851E8002F42F063
:101F3000080241E80023002BF6D12022C0F88420BB
:101F400080F88030184670470220704790F8803043
:101F5000012B1ED0012380F880302423C0F8843068
:101F6000026852E8003F23F00C0342E800310029E8
:101F7000F6D1016851E8002F42F0040241E8002345
:101F8000002BF6D12022C0F8842080F8803018463B
:101F9000704702207047D0F88C00704738B504466F
:101FA00001682269A3680868134362691343E26900
:101FB0001343814A024013430B602268E16853686F
:101FC00023F440530B43536022687C4BA1699A422F
:101FD0001CBF236A1943936823F06E4323F43063D4
:101FE0000B4393602268616AD36A23F00F030B43AB
:101FF000D3622368724A93421CD14FF0B043D3F8A6
:10200000883003F0030343F44033A3F54033013B2E
:10201000022B6BD86B4A9B5CE069B0F5004F40F037
:102020009180082B24D8DFE803F065858B23882373
:1020300023236900644A934209D14FF0B043634AB5
:10204000D3F8883003F00C0343F44023E3E75B4A02
:1020500093424DD14FF0B043D3F8883003F440633E
:10206000B3F5006F1AD005D853B1B3F5806F12D015
:10207000012009E0B3F5406FFAD14FF400400EE0C3
:1020800014F024FA58B900204FF00113A36600237E
:10209000C4E91C3338BD13F009FEF3E74C4865680A
:1020A0004C4B626A05EB450133F81220B0FBF2F3AA
:1020B0009942DDD8B3EB053FDAD8002319460CF07E
:1020C000E7FB090241EA10616B080002C0182A46CA
:1020D0004FF0000341F100010CF0DAFB3E4BA0F59C
:1020E00040729A42C4D82368D860CCE7012393E7B2
:1020F000102391E714F0EAF90028C4D06268616AFD
:10210000344B33F81130B0FBF3F0530803EB4000CD
:10211000B0FBF2F083B2A3F110014FF6EF729142DF
:10212000A6D820F00F00226880B2C3F34203184300
:10213000D060A8E714F0DAF9DEE713F0B7FDDBE7CB
:102140002348DBE7082B93D801A252F823F000BF05
:102150009B210108A7210108B32101087120010872
:10216000AD210108712001087120010871200108CA
:10217000752101084FF400406368616A154A32F81E
:102180001120B0FBF2F000EB5300B0FBF3F080B293
:10219000A0F110024FF6EF73A3E714F097F90028AF
:1021A0003FF471AFE8E714F0A1F9F8E713F07EFD12
:1021B000F5E70748E0E700BFF369FFCF0080004084
:1021C00000380140C4A7010800440040C7A7F50734
:1021D0000024F400D4A70108FFFC0F00836ADA078B
:1021E00006D50268C16A536823F400330B43536079
:1021F000836A9B0706D50268016B536823F480331A
:102200000B435360836A590706D50268416B5368D4
:1022100023F480230B435360836A1A0706D50268B0
:10222000816B536823F400430B435360836ADB06DE
:1022300006D50268C16B936823F480530B43936007
:10224000836A990606D50268016C936823F40053EB
:102250000B439360836A5A0611D50268416C536838
:1022600023F480130B435360436CB3F5801F06D1F6
:102270000268816C536823F4C0030B435360836A84
:102280001B0606D50268C16C536823F400230B4378
:10229000536070472DE9F041DDF8188004460E4682
:1022A00015461F462268D36936EA03030CBF012393
:1022B0000023AB4201D0002028E0B8F1FF3FF2D06C
:1022C00013F0C8FAC01B404503D82368B8F1000FCB
:1022D0001ED1226852E8003F23F4D07342E8003157
:1022E0000029F6D1216801F1080353E8003F23F0EB
:1022F0000103083141E80032002AF3D12023C4F859
:102300008430C4F8883084F880200320BDE8F08150
:102310001A685107C6D5DA691205C3D54FF40062B1
:102320001A62226852E8003F23F4D07342E8003179
:102330000029F6D1216801F1080353E8003F23F09A
:102340000103083141E80032002AF3D12023C4F808
:102350008430C4F88830C4F88C30D4E72DE9F743D2
:102360009846D0F88430202B04460E4617464FD1AD
:1023700000294BD0002A49D090F88030012B47D05B
:10238000012380F8803000252123C0F88C50C0F84C
:10239000843013F05FFAA368A4F85470B3F5805F3B
:1023A0008146A4F8567003D123690BB935461E4601
:1023B000002384F88030B4F85620CDF8008092B223
:1023C0004B4642B940212046FFF764FF48B920231D
:1023D000C4F8843006E0002280212046FFF75AFF2F
:1023E00018B1032003B0BDE8F08322685EB935F868
:1023F000023BC3F308039362B4F85620013A92B249
:10240000A4F85620D7E716F8013BF4E70120E9E7E6
:102410000220E7E773B504460026C0F88C6013F08D
:1024200019FA23681B681A07054618D423681B6825
:102430005B070AD56FF07E43009300222B464FF4D2
:1024400080012046FFF726FFA8B920230020C4F80A
:10245000843084F88000C4F88830E0660CE06FF0C7
:102460007E430093324603464FF400112046FFF7A7
:1024700011FF0028DAD0032002B070BD10B5044669
:1024800060B3D0F884301BB980F88030F5F730FDA8
:1024900022682423C4F88430136823F001031360F6
:1024A0002046FFF77BFD012818D0A36A13B1204610
:1024B000FFF794FE2268536823F490435360226828
:1024C000936823F02A0393602268136843F00103A2
:1024D00013602046BDE81040FFF79CBF012010BDEF
:1024E00010B50446002831D0D0F884301BB980F8EC
:1024F0008030F5F7FDFC22682423C4F8843013688B
:1025000023F0010313602046FFF748FD01281DD08A
:10251000A36A13B12046FFF761FE2268536823F4D3
:10252000904353602268936823F0220393602268EB
:10253000936843F0080393602268136843F0010333
:1025400013602046BDE81040FFF764BF012010BDB6
:1025500038B51346A0F85C2000252222C0F88C5024
:10256000C0F88820C26F81650446D2B11F49D1628C
:10257000C26F1F491163C26F1E495163C26F9563D9
:102580000168826DC06F24311AF02CF848B1102315
:10259000C4F88C30202384F88050C4F8883001209F
:1025A00038BD002384F88030226852E8003F43F4AD
:1025B000807342E800310029F6D1226802F1080355
:1025C00053E8003F43F00103083242E8003100299C
:1025D000F3D1226802F1080353E8003F43F04003BF
:1025E000083242E800300028F3D1D9E7791E01080B
:1025F0005D1E0108FD1A010830B4D0F88830202B88
:1026000020D1E1B1DAB190F88030012B1AD001234A
:1026100080F8803000230C4CC3660368A3420BD0C3
:102620005B681B0208D5046854E8003F43F08063F0
:1026300044E80035002DF6D130BCFFF789BF0120FA
:1026400030BC70470220FBE700800040436E30B58D
:102650001BB94FF00113836630BD03680A4D9A68B9
:1026600099680A4C490FC2F342626B5C615CDB0003
:10267000B3FBF1F3A0F86A30AB5CA25CDB00B3FB08
:10268000F2F3A0F86830E7E7F4A70108ECA7010827
:10269000704770471FB504AB03E9060090F880301F
:1026A000012B04460A463ED0012380F880300168A1
:1026B0002423C0F884300B6823F001030B60016809
:1026C0008B6823F4401313438B6082B92168BDF8F3
:1026D0000C304A689DF80E0022F010021A434A603E
:1026E0002268536823F07F4343EA00635360226803
:1026F000136843F00103136013F0ACF86FF07E42EF
:10270000034600924FF4800100222046FFF7C2FDED
:1027100038B92023C4F88430002384F8803004B012
:1027200010BD0320F8E70220F9E790F88020012A85
:1027300003460ED0012280F88020196851E8002F4E
:1027400042F0020241E800200028F6D183F8800020
:1027500070470220704790F88020012A03460ED06F
:10276000012280F88020196851E8002F22F002022F
:1027700041E800200028F6D183F88000704702204D
:10278000704790F88030012B18D0012380F88030FA
:102790002423C0F8843003681A68196821F0010105
:1027A00019600168002322F0005243660A6020226B
:1027B000C0F8842080F880301846704702207047A7
:1027C00038B590F88030012B04461CD0012380F8E6
:1027D00080302423C0F8843003681D681A6822F012
:1027E00001021A600268936823F060431943916004
:1027F000FFF72CFF03681D602023C0F88430002001
:1028000084F8800038BD0220FCE738B590F88030AD
:10281000012B04461CD0012380F880302423C0F80B
:10282000843003681D681A6822F001021A60026889
:10283000936823F0606319439160FFF707FF036813
:102840001D602023C0F88430002084F8800038BD4B
:102850000220FCE710B50446002800F08580436A9A
:10286000002B54D14268B2F5827F00D0C36194F846
:102870005D3003F0FF0223B984F85C202046F4F7B2
:10288000F9FE2268022384F85D30136823F04003C8
:102890001360E268B2F5E06F4FF0000366D84FF4C2
:1028A000805100D0A362D4E90023A06803F48273AE
:1028B00000F404400343206900F002000343606910
:1028C00000F001000343A06900F400700343E069D5
:1028D00000F038000343206A00F080000343A06A40
:1028E00000F4005003431360A36AB3F5005F14D1F2
:1028F000236B002B35D1E368B3F5E06F0BD90223CE
:1029000023632268136843F40063136005E0002327
:10291000C0E90433ABE701232363636A606B226879
:1029200000F0080003F010030343E06800F4706057
:102930000343608B00F0040003430B435360A36A1E
:10294000B3F5005F02BF2368A28D1A612268D369C4
:1029500023F40063D36100200123206684F85D30F6
:1029600010BD022BD9D1CCE70120F9E71946B2F509
:10297000706F96E700F008B800F000B8014800F06A
:1029800069BE00BF0EA9002010B50D4C204600F016
:102990006EFD022306220146204600F06BFD094928
:1029A000204600F031FF0849204600F02DFF074B7C
:1029B00007491A682046BDE8104000F027BF00BF55
:1029C00054A80020FCA7010812A80108B0020020AA
:1029D00049A8010812F064BF07B5FF230DF10702F3
:1029E000012109488DF807300EF0A2FDBFF34F8F8B
:1029F0000649074BCA6802F4E0621343CB60BFF399
:102A00004F8F00BFFDE700BF0040000800ED00E071
:102A10000400FA0507B50022034600924FF0FF318B
:102A2000054812F013FA002814BF6FF006000020CA
:102A300003B05DF804FB00BF38A5002008B50146CF
:102A4000054812F035FB18B9034812F0DFFA08B157
:102A50006FF0060008BD00BF38A5002008B5044887
:102A600012F084FA002814BF6FF00600002008BDA1
:102A700038A5002038B50446EFF3108572B612F081
:102A800023FF084B0120022CC3F8880006D116F062
:102A900005F812F020FF85F3108838BD15F0E2FF2D
:102AA000F7E700BF000400587047F3F749BF7047CD
:102AB00008B5104B142202FB0033DB680F2B18D82B
:102AC000DFE803F008111717171717171511131759
:102AD000171717080021084801F0EAF948B1BDE8C6
:102AE00008400EF0C5BD0421F5E70821F3E70C21ED
:102AF000F1E708BDA0A5002050A5002008B5104BA7
:102B0000142202FB0033DB680F2B18D8DFE803F038
:102B10000811171717171717151113171717170875
:102B20000021084801F014FA48B1BDE808400EF051
:102B30009FBD0421F5E70821F3E70C21F1E708BD6B
:102B4000A0A5002050A5002030B5012987B003467C
:102B50000C463BD90F29474A08BF4FF080424648F0
:102B60000260464A116801FB03F2454B00251B68D1
:102B7000B3FBF2F30139013BC0E90315C0E9055588
:102B80004360856001F022F808B10EF071FD3D4907
:102B900039488D60C1E9005501F0DCF908B10EF04B
:102BA00067FD394B60221A600022C3E90222C3E9A3
:102BB00004229A610F2C14D8DFE804F00B5613138B
:102BC000131313135A5658131313130B4FF0804259
:102BD000C5E700222C49284801F060F808B10EF042
:102BE00047FD2A49244800234FF40052C1E9052338
:102BF0004FF00072C1E90033C1E90233C1E9073384
:102C0000C1E90923C1E90B330B6101F0D5F908B122
:102C10000EF02EFD0F2C25D848F20371E140C94378
:102C200011F001011ED14FF0B04301A8DA6C42F05F
:102C30000102DA64DB6C03F0010300931422009BB1
:102C4000012502F05FF90223CDE902352046032376
:102C50000493F4F7E6FB01A901904FF0904005952D
:102C600016F07AFD07B030BD0422B3E70822B1E7C1
:102C70000C22AFE7002C014050A50020106B002073
:102C8000C80000202CA6002010A60020DCA50020F3
:102C90007047000038B505460C46FFF72FFF244863
:102CA00000F026FF234B1B78032B3BD8DFE803F013
:102CB0000219242FFF2C38D81F4B4FF480721A6052
:102CC0001B4BFF22DA601D4B5C601D4B142202FB84
:102CD00005335868D968FFF737FF2846FFF7E8FE45
:102CE00038BDB4F5806F20D2134B4FF480621A6068
:102CF0000F4B40F2FF32E5E7B4F5805F15D20E4B83
:102D00004FF480521A600A4B40F6FF72DAE7B4F5CE
:102D1000804F0AD2084B4FF480421A60044B43F6AE
:102D2000FF72CFE76FF00600DAE76FF00200D7E737
:102D300050A500209CA50020106B002010A60020AC
:102D4000A0A5002070B50C4C002523781BB1E168CC
:102D50006068FFF7F9FE63783BB1EEB23046FFF7EB
:102D6000A7FE21693046FFF795FF0135032D04F1D9
:102D70001404EAD170BD00BFA0A50020084B024694
:102D80000021084819700421074B00F8321000EBAD
:102D9000C2000C2101FB02324260FEF7B7B900BF4E
:102DA000739C002060A60020B4A70020084B0246B8
:102DB0000021084819700521074B00F8321000EB7C
:102DC000C2000C2101FB02324260FEF79FB900BF36
:102DD000739C002038A6002000A7002083680BB158
:102DE00040681847704712F021B8000037B5034615
:102DF0000E4C0C2058432518042BA96098BF0C4991
:102E0000235498BF51F82300009388BF0020003A54
:102E100018BF0122074B4FF0FF3112F017F80028BE
:102E200014BF6FF00600002003B030BDB4A700202F
:102E300058A801087D2D0108042898BF0D4B70B5D6
:102E400098BF53F820400C4D4FF00C0300FB03F3E8
:102E500005EB030688BF0024E8547260204612F098
:102E600027F918B9204612F0D1F808B16FF0060022
:102E700070BD00BF58A80108B4A70020042898BF5F
:102E80000B4A08B5034698BF52F82000094A4FF094
:102E90000C0101FB03234FF0000288BF00205A60A1
:102EA00012F064F8002814BF6FF00600002008BD7F
:102EB00058A80108B4A7002037B503460E4C0C20D3
:102EC00058432518042BA96098BF0C49235498BF78
:102ED00051F82300009388BF0020003A18BF012258
:102EE000074B4FF0FF3111F0B1FF002814BF6FF016
:102EF0000600002003B030BD00A700206CA8010828
:102F0000AD2D0108042898BF0D4B70B598BF53F83C
:102F100020400C4D4FF00C0300FB03F305EB0306C0
:102F200088BF0024E8547260204612F0C1F818B936
:102F3000204612F06BF808B16FF0060070BD00BFBC
:102F40006CA8010800A70020042898BF0B4A08B508
:102F5000034698BF52F82000094A4FF00C0101FBCC
:102F600003234FF0000288BF00205A6011F0FEFFDB
:102F7000002814BF6FF00600002008BD6CA80108EF
:102F800000A7002008B5164B164A1A605A680AB9FD
:102F9000154A5A6000220121C3E90221C3E9042233
:102FA000C3E906221A620E48102283F8422001F07B
:102FB000D3F808B10EF05CFB0948002101F0AEFE29
:102FC00008B10EF055FB0648002101F0D3FE08B110
:102FD0000EF04EFBBDE808404FF4001001F0F4BEC7
:102FE000F0A70020005800405C08700010B50446AF
:102FF000FFF7C8FF014B01221A5510BD3CA8002065
:1030000010B50446044801F000F908B10EF030FB99
:10301000024B00221A5510BDF0A700203CA800204A
:1030200008B5164B9942164B20D8164A5A601B68B1
:1030300013B3134801F0E9F8114801F08DF808B115
:103040000EF016FB0E48002101F068FE08B10EF0EC
:103050000FFB0B48002101F08DFE08B10EF008FBBC
:10306000BDE808404FF4001001F0AEBE064A9142A0
:1030700094BF064A064AD9E708BD00BFA0860100F2
:10308000F0A70020DB0A301090D003009F0D7000E5
:103090005C08700013B59DF81000002814BF4FF0B5
:1030A00000700020009049000A4801F0C7F850B9AC
:1030B000084C204601F02DFE2028FAD1054801F0E9
:1030C0002BFE042803D16FF0030002B010BD0020D6
:1030D000FBE700BFF0A7002013B54FF00070009091
:1030E00049000A4801F0FCF850B9084C204601F0AC
:1030F00010FE2028FAD1054801F00EFE042803D165
:103100006FF0030002B010BD0020FBE7F0A7002025
:103110007047000038B5054D002415F8013B0BB190
:10312000FFF730FF0134042CF7D138BD3CA8002054
:10313000014801F027B900BFF0A70020014801F0C5
:10314000ADBD00BFF0A7002010B596B00446142214
:10315000002103A801F0D6FE3822002108A801F0C2
:10316000D1FE2268324B9A424DD18023089308A8A1
:103170004FF440230E9313F001FB08B10EF078FAE0
:103180000C20F4F749F9B0F1904F3ED14FF0B04325
:10319000DA6C42F00102DA64DB6C03F001030093A5
:1031A000009B0C20F4F73DF904460B20F4F739F9A5
:1031B000122204430123CDE90423039404230024B1
:1031C0000C20CDE90643F4F727F903A916F0C4FA59
:1031D0004FF0B04321469A6D42F480029A659B6D90
:1031E00003F48003224602932020029B0FF016FE78
:1031F00020200FF045FE2120224621460FF00EFE32
:1032000021200FF03DFE16B010BD0C20F4F704F99C
:10321000084B9842C5D14FF0B043DA6C42F002023D
:10322000DA64DB6C03F002030193019BB9E700BF92
:10323000005800400004004838B5114B02689A421B
:103240001DD14FF0B0420C20936D23F480039365A1
:10325000F4F7E2F804460C20F4F7E3F805460B20F7
:10326000F4F7DFF845EA0001204616F027FB20209E
:103270000FF014FEBDE8384021200FF00FBE38BD1E
:10328000005800404B1C30B5DB00044612F0030030
:103290009BB20DD1084D2A601A44084B1A60084BA6
:1032A0001870084B1870084B1C80084B198030BDF3
:1032B0006FF00900FBE700BF48A8002044A80020E9
:1032C00040A8002050A800204CA800204EA80020B4
:1032D000F8B5104C104D22782B789A4200D1F8BDE9
:1032E0000E490F4A2378128808680E4F03FB02002C
:1032F0000D4A3F88126852F8336002EBC30122780E
:103300008988D3B2974286BF0133DBB20023237092
:10331000B047E0E750A8002040A8002044A80020C3
:103320004CA800204EA8002048A800202DE9F34713
:10333000DFF8A880B8F800308B4206460D461746E5
:1033400046D301A8FDF7ECFE254B264A26481978FE
:1033500000881478E3B2844238BF0133C9B234BF65
:10336000DBB2002399422DD014781178CBB2884279
:1033700086BF0133DBB20023137001A8FDF7D2FE34
:103380004FF6FF739C4226D0DFF86090D9F80020FA
:103390004FEAC40A42F8347002EBC403AEB1A5B1DF
:1033A000134BB8F800001B682A4604FB0030314676
:1033B00001F080FDD9F80030534400209D8002B018
:1033C000BDE8F0874FF6FF74D7E700209880F6E756
:1033D0006FF00800F3E76FF00600F0E74CA800205C
:1033E00050A8002040A800204EA8002048A8002097
:1033F00044A80020074B084A1B7812881846074B40
:103400001B78984284BF511C5B181B1A9BB2D01AC0
:1034100080B2704750A800204EA8002040A800208D
:1034200007B503688DF807105B6801220DF10701ED
:10343000984703B05DF804FB007CFDF71BBC007CE3
:10344000FDF7E8BD07B50122007C01A9FDF7AAFC44
:1034500020B19DF8040003B05DF804FB4FF0FF308D
:10346000F9E7007CFDF7B6BC007CFDF7C3BC0EF0AD
:10347000C9BB0000F7B50546084616460F461C4670
:103480000EF0C6FB287CFDF7A7FD3E2E22D8194B77
:1034900019499A5D194B895D9B5D287C0026CDE911
:1034A00000163946FDF7A8FB012C02D0022C15D0DE
:1034B000ECB9287C0EF02EFA844218D0287C2146E4
:1034C0000EF030FA98B994B9287C03B0BDE8F0400A
:1034D000F8F774BE00210B460322DEE72B7C012B9C
:1034E00003D9022B03D13446E3E70124E1E703B01B
:1034F000F0BD00BF80A80108FEA80108BFA8010810
:103500000A490B4A0023022010B54B600A60087478
:103510000849C1E900230B7407490124C1E90023CC
:103520000C740649C1E90023087410BD54A800209A
:1035300048A9010868A800207CA8002090A80020C5
:1035400010B509498AB0044600F016F9202101A8F7
:103550000EF050FA002301A920468DF8243000F027
:103560001DF920460AB010BDB886010810B50949FA
:103570008AB0044600F000F9202101A80EF0AAFA52
:10358000002301A920468DF8243000F007F92046D9
:103590000AB010BDB886010810B50549044600F010
:1035A000EBF8044B2046196800F0F8F8204610BDEF
:1035B000B8860108CC02002010B509498AB004463B
:1035C00000F0DAF8202101A80EF04CFA002301A93E
:1035D00020468DF8243000F0E1F820460AB010BDF6
:1035E000B886010810B50549044600F0C5F8044B3B
:1035F0002046196800F0D2F8204610BDB8860108B0
:10360000B802002010B5044600F01AF9A01C00F022
:1036100018F9201DFFF794FF04F11000FFF790FF49
:1036200004F11C00FFF7A2FF04F12800FFF79EFF42
:1036300004F13400FFF7B0FF04F14000FFF7BCFFD6
:1036400004F14C00FFF7B8FF04F15800FFF7CAFF80
:10365000204610BD014B0120187070476C6D002092
:1036600010B50446583000F041F804F14C0000F069
:103670003DF804F1400000F039F804F1340000F0A6
:1036800035F804F1280000F031F804F11C0000F0D6
:103690002DF804F1100000F029F8201D00F026F8A4
:1036A000204610BD10B50446FFF7ACFF04F16C00D6
:1036B00000F0C9F804F1910000F0C4F804F1A8008A
:1036C00000F0C2F8204610BD10B5054C2046FFF7AB
:1036D000E9FF2046034A0449BDE8104001F07EBBE3
:1036E000A4A80020006000206136010810B504463F
:1036F000006808B101F0C6FB204610BD10B50446B5
:10370000006808B101F0BEFB0023C4E90133236067
:1037100010BD38B504460D460068013102F0FAF8D4
:1037200010B1C4E90005012038BD10B50368044696
:1037300023B143688B4201D3012010BD2046FFF71F
:10374000E8FF0028F9D0A368002BF5D12268137098
:10375000F2E770B50E46114604461546FFF7E5FF41
:1037600020B92046FFF7CAFF204670BD2068A5603B
:10377000314602F021F9F7E738B50023C0E90033FC
:10378000044683600D4639B10846F2F703FD294629
:1037900002462046FFF7DDFF204638BD38B5054616
:1037A0000C4649B10846F2F7F5FC21460246284688
:1037B000FFF7CFFF284638BDFFF7A0FFFAE7036801
:1037C0008A685B68096818471FB5044601A8FFF7B7
:1037D000D3FF01A92046FFF7F2FF044601A8FFF737
:1037E00085FF204604B010BD0149FFF7EDBF00BFC3
:1037F000B686010838B50546FFF7E6FF04462846B9
:10380000FFF7F2FF204438BDFFF7F4BF0EB430B528
:10381000C2B045AB054653F8042B01934FF48071B9
:1038200002A802F03BFA2B68044602465B6802A934
:1038300028469847204642B0BDE8304003B0704764
:1038400070477047704770477047000073B5064671
:1038500000F04AF800F04AF80DF10601132000F0DC
:1038600047F8094D002401F0B7FAA04201D802B090
:1038700070BD55F8083B3360BDF8062055F8043C90
:103880009A42F4D30134EEE7146B002073B504467A
:1038900000F02AF8042896BF104B4FF0894553F8E2
:1038A000205000F023F8431EDBB2042B96BF0C4AD5
:1038B0000C4E52F823600DF10601FF2000F018F8BD
:1038C000BDF806000AF0C6FE3146F2F7E9FE2946C9
:1038D000F2F79AFF206002B070BD00BF64A9010832
:1038E00078A9010866666640F3F72EBCF3F732BC90
:1038F000F3F770BBF3F726BCF3F725BC036A23F09C
:1039000001030362036A70B5446882690D6822F49A
:10391000803222F073022A438D6823F002032B4386
:10392000124DA84206D0124EB04203D0A6F58066D2
:10393000B04214D1CE6823F008033343A84223F0E9
:10394000040306D00B4DA84203D005F58065A842BC
:1039500005D124F44075D1E9054634432C43446035
:1039600082614A684263036270BD00BF002C01405F
:103970000048014000440140036A23F4807303625D
:10398000036A426870B5C4690D6824F4803424F079
:1039900073042C438D6823F4007343EA05230F4D11
:1039A000A8420ED1CD6823F4006343EA052323F433
:1039B0008063D1E9055622F44052354342EA0512AC
:1039C00005E0074DA842F4D0064DA842F1D0426070
:1039D000C4614A68C263036270BD00BF002C01402D
:1039E0000044014000480140036A23F4805303620D
:1039F000026A30B54468C3690D6823F0807323F40C
:103A0000E64343EA05238D6822F4005242EA053278
:103A10000A4DA84207D005F5C055A84203D005F5C8
:103A20008065A84204D14D6924F4804444EA851499
:103A30004460C3614B680364026230BD002C0140E6
:103A4000036A23F480330362026A30B54468436D2D
:103A50000D6823F4803323F070032B438D6822F428
:103A6000003242EA05420B4DA84207D005F5C05589
:103A7000A84203D005F58065A84204D14D6924F41D
:103A8000803444EA0524446043654B6883650262E0
:103A900030BD00BF002C0140036A23F48013036291
:103AA000026A30B54468436D0D6823F0807323F4D7
:103AB000E04343EA05238D6822F4001242EA0552EE
:103AC0000A4DA84207D005F5C055A84203D005F518
:103AD0008065A84204D14D6924F4802444EA8524F9
:103AE000446043654B68C365026230BD002C0140F1
:103AF00010B5022380F83D300368196A41F21112B3
:103B00001142044608D1196A40F24442114202BFF0
:103B10001A6822F001021A6020460DF097FE00207C
:103B200084F8480084F83C0084F83E0084F83F00A4
:103B300084F8400084F8410084F8420084F843008F
:103B400084F8440084F8450084F8460084F847006F
:103B500084F83D0010BD00001A4A0368904210B579
:103B600002D0B0F1804F09D14C6823F0700390422D
:103B700043EA040309D0B0F1804F06D0124A9042C4
:103B800003D002F58062904203D1CA6823F44073E7
:103B900013434A6923F08003134303608B68C362B5
:103BA0000B688362074B984207D003F5C0539842D5
:103BB00003D003F58063984201D10B6903630123AD
:103BC000436110BD002C01400044014010B5044683
:103BD00050B390F83D3003F0FF021BB980F83C2051
:103BE0000DF010FE0223206884F83D30211DFFF700
:103BF000B3FF012384F84830002084F83E3084F875
:103C00003F3084F8403084F8413084F8423084F802
:103C1000433084F8443084F8453084F8463084F8E2
:103C2000473084F83D3010BD0120FCE7036A23F0E3
:103C300010030362036A426870B584690D6824F05A
:103C4000807424F4E64444EA05248D6823F02003BC
:103C500043EA05130E4DA8420ED1CD6823F0800330
:103C600043EA051323F04003D1E9055622F44062EC
:103C7000354342EA850205E0064DA842F4D0064DE0
:103C8000A842F1D0426084614A688263036270BDD9
:103C9000002C0140004401400048014038B590F834
:103CA0003C30012B044600F0858001230C2A80F86B
:103CB0003C3059D008D8042A30D0082A41D0D2B19B
:103CC000002084F83C0038BD102A60D0142AF7D1B7
:103CD0000068FFF7E1FE2268536D43F4006353650B
:103CE0002268536D23F48063536522680969536D1C
:103CF00043EA01235CE00068FFF700FE2268936955
:103D000043F0080393612268936923F004039361ED
:103D10002268096993690B439361D1E70068FFF753
:103D200085FF2268936943F4006393612268936975
:103D300023F48063936122680969936943EA01234C
:103D4000EAE70068FFF718FE2268D36943F008032A
:103D5000D3612268D36923F00403D361226809691F
:103D6000D3690B43D361ABE70068FFF73DFE2268E0
:103D7000D36943F40063D3612268D36923F4806379
:103D8000D36122680969D36943EA0123EAE700683D
:103D9000FFF756FE2268536D43F00803536522680F
:103DA000536D23F00403536522680969536D0B4377
:103DB000536585E7022086E7036A01F01F0110B50D
:103DC00001248C4023EA04030362036A8A401A43F5
:103DD000026210BD10B5044629B990F83E30012B9F
:103DE00035D001205CE0042907D190F83F30012B49
:103DF000F7D1022380F83F302CE0082907D190F852
:103E00004030012BEDD1022380F8403022E00C2914
:103E100007D190F84130012BE3D1022384F84130DF
:103E200018E010290CBF90F8423090F84330013B65
:103E300018BF0123002BD4D10C29EED010294FF04C
:103E400002030CBF84F8423084F8433002E00223BE
:103E500080F83E3020680122FFF7AEFF2368114949
:103E60008B4206D0104A934203D002F580629342FF
:103E700003D15A6C42F400425A6423688B4202D048
:103E8000B3F1804F07D19968084A0A40062A06D044
:103E9000B2F5803F03D01A6842F001021A60002098
:103EA00010BD00BF002C014000440140070001008C
:103EB000FFF790BF38B50446002200680D46FFF7B3
:103EC0007BFF2368214A934207D002F5C0529342F8
:103ED00003D002F5806293420DD1196A41F21112AA
:103EE000114208D1196A40F24442114202BF5A6C91
:103EF00022F400425A642368196A41F211121142F5
:103F000008D1196A40F24442114202BF1A6822F0F5
:103F100001021A6001231DB984F83E30002038BD2B
:103F2000042D02D184F83F30F8E7082D02D184F83F
:103F30004030F3E70C2D02D184F84130EEE7102D2C
:103F40000CBF84F8423084F84330E7E7002C01408E
:103F5000FFF7B0BF30B590F83C30012B4FF00203B3
:103F600025D00468134D80F83D30012280F83C20B4
:103F70006368A268AC4202BF4D6823F470032B4310
:103F80000D6823F070032B4363600468094B9C4267
:103F900002D0B4F1804F04D122F080038A68134329
:103FA000A360012380F83D30002380F83C301846A0
:103FB00030BD00BF002C014010B590F83C30012B03
:103FC0003FD0012380F83C30CB688A681E4C23F434
:103FD000407313434A6823F4806313430A6823F44D
:103FE000006313430A6923F4805313434A6923F49B
:103FF000005313430A6B23F4804313438A6923F469
:10400000702343EA02430268A24214D1CC6923F030
:10401000805323438C6A23F4700343EA04530C6AED
:1040200023F0807323434C6AC96A23F0007323434F
:1040300023F000530B435364002380F83C301846B0
:1040400010BD0220FCE700BF002C014003689A6904
:10405000910744BF00229A6203689A69D2075EBF43
:104060009A6942F001029A617047000030B5039DE1
:10407000046845EA02421A43054B6068C1F309012E
:1040800043EA55530A4320EA03000243626030BD0D
:10409000FF63FF0310B5426B164CA2420BB202D075
:1040A000154CA24211D1002B0DDB10291ED0202966
:1040B0001ED00023402901D143F0400301680A6863
:1040C00013430B6010BDB823F4E7002BACBF0023F3
:1040D000B823CC0748BF43F0F2038A0748BF43F038
:1040E000F4032029EAD143F02003E7E79023E5E732
:1040F0006023E3E7974B0108A74A010811F0010389
:1041000007D090F8413003F02803282B0CBF42233E
:10411000F2238A0709D590F8412002F02802282AC4
:104120000CBF43F0440343F0F4030A0401680A6837
:1041300048BF43F0B80322EA03030B607047C36A29
:10414000AA2B02D10023C3627047C36AB3F52A4F7A
:10415000FAD14FF00073F6E710B50446002852D0AC
:1041600090F8413003F0FF021BB980F84020FEF7C1
:10417000EBFF2268242384F84130136823F0010305
:104180001360D4E9002323F07063136122689368FD
:1041900023F400439360E3682268012BA3680CBFFB
:1041A00043F4004343F404439360E368022B02BFEB
:1041B00023684FF400625A602268536843F000732A
:1041C00043F4004353602268D36823F40043D36070
:1041D000D4E904310B43A169226843EA0123D36087
:1041E000D4E9073122680B4313602268136843F057
:1041F0000103136000202023606484F841302063B1
:1042000084F8420010BD0120FCE710B5044698B1C7
:104210000268242380F84130136823F001031360FF
:10422000FFF70AF80020606484F8400084F8410039
:10423000206384F8420010BD0120FCE737B5044636
:10424000069894F84150202D44D194F84050012D07
:1042500040D0012584F84050212584F84150102594
:1042600084F84250002565646385E0621A4B6363FD
:10427000638D62629BB2FF2B9BBF638D2385FF23FF
:10428000E26A88BF2385236B88BF4FF08072112BB1
:1042900004D1AA2802D0B0F52A4F09D12046FFF751
:1042A0004EFF638D9BB2FF2B00D8E26A0B4B00E000
:1042B0000023009320461346002594F82820FFF79A
:1042C000D5FE204684F840500121FFF7E3FE284642
:1042D00003B030BD0220FBE78749010800200080C1
:1042E00037B50446069894F84150202D44D194F8EF
:1042F0004050012D40D0012584F84050222584F8FB
:104300004150102584F84250002565646385E062C1
:104310001A4B6363638D62629BB2FF2B9BBF638DFD
:104320002385FF23E26A88BF2385236B88BF4FF074
:104330008072122B04D1AA2802D0B0F52A4F09D1DD
:104340002046FFF7FCFE638D9BB2FF2B00D8E26A8C
:104350000B4B00E00023009320461346002594F801
:104360002820FFF783FE204684F840500221FFF703
:1043700091FE284603B030BD0220FBE787490108C3
:10438000002400800268436B9169126803B11847EA
:1043900070477047704738B5002580F8425090F854
:1043A0004130212B4FF0200380F841300AD11123F6
:1043B000036345630121FFF7A1FE80F84050FFF73A
:1043C000E8FF38BD1223036345630221FFF796FE21
:1043D00080F84050FFF7DEFFF3E77047704708B5FD
:1043E00003681A68002180F84210510415D51A6834
:1043F00022F480421A6090F84130292B13D12823EF
:1044000080F84130212303630121FFF777FE002369
:1044100080F84030FFF7E1FF08BD1204EBD51A68C1
:1044200022F40042E6E790F841302A2BF4D1282309
:1044300080F84130222303630221FFF75FFE00234F
:1044400080F84030FFF7CAFFE6E7704790F8412058
:1044500002F02802282AF8B5036834D19E69C268A0
:104460009D699968DF682D0C022AC6F3004605F0A5
:10447000FE051FD185EAD11515F00605C1F3090225
:104480000ED1816C01318164816C022907D1082130
:104490008564D96180F840503146FFF7D6FFF8BDFA
:1044A0004FF40041FFF72AFE002380F8403007F068
:1044B000FE02F1E74FF40041FFF720FE002380F8F1
:1044C00040302A46E8E70822DA61002380F84030CD
:1044D000E5E7704708B5164BC3622022002303634B
:1044E000436380F8412080F842304B0712D50368BF
:1044F0005A6A436A1A70436A01334362038D4BB1AF
:10450000013B0385438D013B9BB24385436C43F0E4
:104510000403436448F20301FFF7F0FD036810222F
:10452000DA61002380F84030FFF7D3FF08BD00BFF9
:104530000000FFFF704770477047704790F84120B8
:10454000602A08B54FF0000208D1202180F8411000
:1045500080F840200263FFF7F0FF08BD026380F897
:104560004020FFF7E9FFF8E770B5374A90F841308F
:10457000002580F84250C2624585426C283B0A43C0
:10458000022B044642642CD80321FFF7B7FD2823F1
:1045900080F841302D4BA26B6363236B002A32D02D
:1045A000112B01D0212B2ED123681A68510442BF50
:1045B0001A6822F480421A60A06B18F001FA0128F0
:1045C0001CD0A36B224A9A630023A06B84F840306E
:1045D00018F086F8002836D0A06B836BBDE87040D9
:1045E000184748F20301FFF789FD90F84130602B2E
:1045F0001CBF202380F841300023CCE72046BDE8D3
:104600007040FFF79BBFE26B002AF7D0122B01D05E
:10461000222BF3D123681A68120442BF1A6822F4CD
:1046200000421A60E06B18F0CBF90128E6D0E36B8A
:10463000074A9A630023E06B84F8403018F050F882
:1046400008B1E06BC9E770BD0000FFFF81470108BA
:10465000FD4C0108F8B503681F6890F8415005F05B
:10466000F7052022212D04460E46DA6152D148F288
:104670000101FFF743FD25632268536843F40043BB
:1046800053602268536823F0FF7323F48B3323F4C1
:10469000FF7323F0010353602046FFF7D7FC790432
:1046A0003DD52268136823F480431360A36B1BB1CC
:1046B0001B685B689BB26385730710D523685A6AD1
:1046C000636A1A70636A01336362238D26F00406FD
:1046D0002BB1013B2385638D013B9BB26385638DC9
:1046E0009BB21BB1636C43F004036364002384F842
:1046F0004230656C6363DDB1616C2046FFF734FFC7
:1047000094F84130282B25D131462046BDE8F840A9
:10471000FFF7E0BE222DAFD148F20201A9E73A042B
:10472000CAD52268136823F400431360E36BBEE725
:10473000E36A13F5803F0ED02046FFF750FE0F4B83
:10474000E362202384F8413084F8405025632046FA
:10475000FFF7BFFEF8BD94F8413084F84050222B9B
:104760004FF0200384F841302046256302D1FFF743
:1047700035FEEFE7FFF731FEECE700BF0000FFFF7B
:10478000F8B590F84030C76A012B04460D4616462E
:104790007ED001238A0680F8403003D5B30601D5C8
:1047A000FFF758FFE80633D5F10631D5638D9BB28C
:1047B000FBB994F84130282B0AD1B7F1007F07D11B
:1047C00029462046FFF786FE002084F84000F8BD09
:1047D00094F841202368292A4FF01002DA61F3D1BE
:1047E00017F5803FF0D02046FFF730FCFFF7F7FDCC
:1047F000EAE723681022DA61636C43F00403636420
:1048000037F08073E0D1616C2046FFF7ADFEDBE747
:104810006A071BD5730719D5638D9BB26BB12368EB
:104820005A6A636A1A70636A01336362238D013BBB
:104830002385638D013B9BB26385638D9BB2002B07
:10484000C2D117F5803FBFD02046CFE7280705D556
:10485000310703D52046FFF7F9FDB5E7AA07B3D521
:10486000B307B1D5638D9BB273B1626A23681278C6
:104870009A62636A01336362638D013B9BB2638515
:10488000238D013B23859FE737F08073DCD09BE7C6
:1048900002209CE737B503682022DA6190F84130A6
:1048A000212B04460D4638D10121FFF727FC1123A7
:1048B00023632268536823F0FF7323F48B3323F4BC
:1048C000FF7323F00103536000236363EA06A3F53B
:1048D0008033E36206D523681022DA61636C43F00B
:1048E0000403636494F84130602B06D16B0704D550
:1048F00023685B6ADBB20193019B2046FFF7A6FBAE
:10490000636C94F84120602A00D07BB1616C204632
:1049100003B0BDE83040FFF727BE90F84130222BAE
:10492000C7D10221FFF7EAFB1223C1E794F8412027
:10493000212A12D1202284F84120236394F84220B6
:1049400084F84030402A84F8423003D1FFF7F2FD6A
:1049500003B030BDFFF71DFDFAE794F84120222A8D
:10496000F6D1202284F84120236394F8422084F871
:104970004030402A84F8423002D1FFF7DCFDE7E7FF
:10498000FFF708FDE4E773B590F84030012B0446CB
:104990000D46164600F085800123CA0680F8403097
:1049A00017D5F30615D503681022DA61436C43F07E
:1049B00004034364FFF74AFBAA0605D5B30603D5F3
:1049C00029462046FFF766FF002084F8400002B029
:1049D00070BD680712D5710710D523685A6A636ADB
:1049E00025F004051A70636A01336362238D013B6D
:1049F0002385638D013B9BB26385DDE7AA0706D55E
:104A0000B30704D5626A236812789A62EBE7280636
:104A100032D5710630D5638D22689BB203B3208DE9
:104A2000F0B95168638D9BB2FF2BC1F3090108D91E
:104A3000FF22228500904FF080732046FFF716FB7F
:104A4000BAE7628DE36A92B213F5803F22851CBFFC
:104A5000E36A0090D2B204BF00904FF00073ECE71D
:104A600053689A0103D42046FFF795FCA4E7402140
:104A70002046FFF779FD9FE76B069DD570069BD515
:104A8000638D9BB2002BF2D123685A68910193D4B5
:104A9000E26A12F5803FE6D15A6842F480425A60D9
:104AA0008AE7022093E7F8B590F84030C76A012BF7
:104AB00004460E4615466CD001238A0680F8403025
:104AC00003D5AB0601D5FFF7C5FDF20659D5EB06B8
:104AD00057D5E80BA90B40EA9535ED074DD5E26BAC
:104AE000F2B110F0010304D013685B68B3FA83F3EA
:104AF0005B09A26B22B1C90702D51268526802B1E4
:104B00000BB394F84130282B0CD1B7F1007F09D1B9
:104B100031462046FFF7DEFC002084F84000F8BD57
:104B20001346E6E794F841202368292A4FF0100243
:104B3000DA61F1D117F5803FEED02046FFF786FA13
:104B4000FFF74DFCE8E723681022DA61636C43F05D
:104B50000403636494F8413037F08072DBB2DBD138
:104B600003F0F703212B01D1236301E0222BFBD0BB
:104B7000616C2046FFF7F8FCCEE723681022DA616B
:104B8000CAE73207C8D52B07C6D52046FFF75EFC1B
:104B9000C2E70220C3E713B590F84030012B04466A
:104BA0007AD0012380F84030CB0612D5D30610D539
:104BB00003681022DA61436C43F00403436420214C
:104BC000FFF768FAFFF742FA002084F8400002B0CD
:104BD00010BD0B0643D5500641D52268136823F05B
:104BE00040031360638D22689BB263B35168638D89
:104BF0009BB2FF2BC1F309011BD9FF2323854FF083
:104C0000807300220092204694F82820FFF72EFAA5
:104C1000638D228D9B1A9BB2638594F84130222BC1
:104C200023681A680CBF42F4004242F480421A60C2
:104C3000CAE7638D2385E36A13F5803F14BFE36AF7
:104C40004FF00073DDE753689A0103D42046FFF765
:104C5000A2FBB9E740212046FFF786FCB4E74B06EC
:104C600012D5500610D5638D9BB2002BF2D123686C
:104C70005A689201A8D4E26A12F5803FE6D15A68D8
:104C800042F480425A609FE788069DD593069BD5E3
:104C90002046FFF7FFFD97E7022098E710B4016870
:104CA0008A690B68D40508D51C0606D5446C44F007
:104CB000010444644FF48074CC61540509D519068D
:104CC00007D5416C41F00801416401684FF48064EC
:104CD000CC61920509D51B0607D5436C43F002034E
:104CE000436403684FF40072DA61416C11F00B0FFA
:104CF00002D010BCFFF738BC10BC7047806A836BD1
:104D00000BB100229A63C36B0BB100229A63FFF7C9
:104D100015BC90F841007047406C704710B590F892
:104D20004130202BDCB223D190F84030012B1FD032
:104D3000012380F840300268242380F84130136852
:104D400023F0010313600268136823F48053136097
:104D500002681368194311600268136843F0010385
:104D60001360002380F8414080F84030184610BDA1
:104D70000220FCE710B590F84130202BDCB221D1A5
:104D800090F84030012B1DD0012380F8403002689C
:104D9000242380F84130136823F001031360026874
:104DA000136823F4706343EA0121116002681368F9
:104DB00043F001031360002380F8414080F8403045
:104DC000184610BD0220FCE7024A536803435360B3
:104DD000704700BF000001400D2070470B460146A0
:104DE000184600F005B80A22002100F09BBE000022
:104DF00010B504460448134620B10A460220214655
:104E0000AFF3008010BD00BF0000000070B50D4D75
:104E10000D4C641BA4100026A64209D10B4D0C4C6E
:104E200003F0D6F8641BA4100026A64205D170BD7D
:104E300055F8043B98470136EEE755F8043B984790
:104E40000136F2E7B0AD0108B0AD0108B0AD010820
:104E5000BCAD0108024B0344587800F004007047D1
:104E6000C2A90108024B0344587800F0440070477F
:104E7000C2A90108024B0146186800F095B800BFAE
:104E80007C6B0020024B0146186800F043B800BF5D
:104E90007C6B002010B501390244904201D1002002
:104EA00005E0037811F8014FA34201D0181B10BD93
:104EB0000130F2E70A44914200F1FF3300D170471C
:104EC00010B511F8014B03F8014F9142F9D110BD13
:104ED000884210B501EB020402D98442234607D868
:104EE000431EA14208D011F8012B03F8012FF8E767
:104EF000024401468A4200D110BD13F8014D02F868
:104F0000014DF7E702440346934200D1704703F88E
:104F1000011BF9E738B50546002941D051F8043C9A
:104F20000C1F002BB8BFE41801F078FD1D4A136870
:104F300033B9636014602846BDE8384001F074BDA1
:104F4000A34208D9206821188B4201BF19685B6809
:104F500009182160EDE71A465B680BB1A342FAD944
:104F600011685018A0420BD12068014450188342A8
:104F70001160E0D118685B68536001441160DAE7A2
:104F800002D90C232B60D6E7206821188B4204BF7E
:104F900019685B68636004BF091821605460CAE740
:104FA00038BD00BF50A90020F8B5CD1C25F0030581
:104FB00008350C2D38BF0C25002D064601DBA94213
:104FC00003D90C2333600020F8BD01F027FD2149EF
:104FD0000A6814469CB9204F3B6823B921463046E5
:104FE00000F0A0FC38602946304600F09BFC431CD2
:104FF00023D10C233360304601F016FDE3E723682C
:105000005B1B17D40B2B03D923601C44256004E0E1
:105010006368A2420CBF0B605360304601F004FD90
:1050200004F10B00231D20F00700C21ACCD01B1A7C
:10503000A350C9E722466468CCE7C41C24F00304EB
:10504000A042E3D0211A304600F06CFC0130DDD1E3
:10505000CFE700BF50A9002054A900202DE9F04758
:1050600088B0002B1F461446B8BF03F10043129AC4
:10507000109DDDF84CA0B6BF1F4600232D231370F2
:10508000149B23F02008B8F1460F05D0B8F1450F66
:1050900000D10135022300E0032307AA049206AAE7
:1050A000CDE902A2CDE9003522463B4600F0ACFE38
:1050B000B8F1470F064602D1119BDB0722D5B8F1A4
:1050C000460F06EB050910D13378302B0AD10022A8
:1050D00000232046394609F0ADF918B9C5F101059C
:1050E000CAF80050DAF80030994400220023204624
:1050F000394609F09FF908B1CDF81C903022079B82
:105100004B4507D3079B159A9B1B3046136008B08D
:10511000BDE8F087591C07911A70F0E7F7B5034610
:105120000029B8BF494203F8022BB4BF2D222B221D
:10513000092942702ADD0DF10704A4460A27A64674
:105140000A4691FBF7F607FB16153035632A04F182
:10515000FF340EF8015C3146F1DC3031AEF102056E
:1051600004F8011C441C294661450AD30DF10902CB
:10517000A2EB0E02654588BF00221344181A03B043
:10518000F0BD11F8012B04F8012FEDE73023303189
:105190008370C170031DF1E72DE9F04F91B00C460B
:1051A000DDF8688016461F46054601F021FC0368BD
:1051B00009931846F0F7EEFF00230E93D8F800305D
:1051C0000A90073323F0070303F1080294F81890BC
:1051D000D4F800B0C8F80020D3E90023C4E91223B2
:1051E000D4E9128A2AF000430B930B999C4B4FF0A1
:1051F000FF324046F1F73EFA70BB994B0B994FF0E6
:10520000FF32404609F02AF930BB00220023404615
:10521000514609F019F910B12D2384F84330914B10
:105220009148B9F1470F94BF984680460323236104
:105230002BF0040323604FF0000A009733460FAAB7
:105240002146284600F0D2F9013040F08F804FF01F
:10525000FF3011B0BDE8F08F4246534640465146FC
:10526000F1F708FA40B1BAF1000FBCBF2D2384F862
:1052700043307E487E4BD4E763685A1C09F0DF0157
:1052800042D106236360002206920EAACDE9049261
:105290000DAA4BF4806303920DF13302CDE9013284
:1052A0002360636800934246534628460B91FFF7FC
:1052B000D5FE0B99472980460D9908D1C81C02DB01
:1052C0006368994240DDA9F102095FFA89F9B9F1F1
:1052D000650F1FD801394A4604F150000D91FFF7C0
:1052E0001DFF0E9A1318012A8246236102DC2268F0
:1052F000D20701D5013323619DF83330002B9CD0B8
:105300002D2384F8433098E74729BCD1002BBAD12C
:105310000123B7E7B9F1660F18D1002963680BDDE7
:10532000216113B92268D00702D501330B442361F0
:10533000A1654FF0000ADFE713B92268D20701D553
:105340000233F4E70123F2E74FF067090E9B99421D
:1053500005DB23682161D807EAD54B1CE7E7002964
:10536000D4BFC1F1020201221344E0E723685A05C9
:1053700007D42369424631462846B84701302BD12D
:1053800065E7B9F1650F40F2DC80D4E91201002233
:10539000002309F04FF8002833D0364A0123314664
:1053A0002846B84701303FF452AFDDE90D239A4259
:1053B00002DB2368D8070FD5DDE9092331462846EB
:1053C000B84701303FF443AF4FF0000804F11A0929
:1053D0000E9B013B434509DC23689B0700F10181DB
:1053E000E0680F9B9842B8BF184632E701234A464F
:1053F00031462846B84701303FF429AF08F101088B
:10540000E6E70D9B002B37DC1A4A0123314628467C
:10541000B84701303FF41BAFDDE90D23134302D140
:105420002368D907D8D5DDE9092331462846B8478E
:1054300001303FF40CAF4FF0000904F11A0A0D9B44
:105440005B424B4501DC0E9B94E7012352463146FB
:105450002846B84701303FF4FAAE09F10109EEE7FA
:10546000FFFFEF7F90A9010894A901089CA90108FA
:1054700098A9010832A701080E9AA36D9A42A8BF05
:105480001A46002A914637DC4FF0000B29EAE979E9
:1054900004F11A02D4F858A0AAEB09035B4533DCE7
:1054A000DDE90D239A423BDB2368DA0738D40E9BF3
:1054B0000D99A3EB0A02A3EB01099145A8BF914600
:1054C000B9F1000F34DC4FF0000829EAE97904F162
:1054D0001A0ADDE90D239B1AA3EB090343457FF765
:1054E0007BAF0123524631462846B84701303FF48E
:1054F000AEAE08F10108ECE71346314642462846B5
:10550000B8470130C0D1A2E60123314628460B92AC
:10551000B84701303FF49BAE0B9A0BF1010BB9E792
:10552000DDE9092331462846B8470130BFD18EE670
:105530004B4608EB0A0231462846B8470130C2D133
:1055400085E60E9A012A01DCDB0737D501234246A6
:1055500031462846B84701303FF479AEDDE90923EA
:1055600031462846B84701303FF471AED4E9120104
:105570000022002308F05EFFD8B90E9B08F101025B
:10558000013B31462846B84701300ED15FE6012382
:105590004A4631462846B84701303FF458AE08F134
:1055A00001080E9B013B4345F1DC534604F15002D8
:1055B000E1E64FF0000804F11A09F2E70123424640
:1055C000DFE701234A4631462846B84701303FF419
:1055D0003EAE08F10108E3680F995B1A4345F0DC21
:1055E000FEE64FF0000804F11909F4E72DE9F04751
:1055F000164699468A680B69DDF820809342B8BF49
:105600001346336091F8432007460C460AB1013334
:1056100033602368990642BF3368023333602568DC
:1056200015F0060506D104F1190AE36832689B1AE1
:10563000AB4226DC94F84320131E226818BF0123D6
:1056400092062BD404F1430249463846C047013044
:105650001ED02368E568326803F00603042B08BFF8
:10566000AD1AA36822690CBF25EAE57500259342AF
:10567000C4BF9B1AED1800261A34B5421AD1002077
:1056800008E00123524649463846C047013003D15D
:105690004FF0FF30BDE8F0870135C6E7E1185A1C2E
:1056A000302081F84300224494F8451082F84310DA
:1056B0000233C7E70123224649463846C047013036
:1056C000E6D00136D9E700002DE9FF470F7E0C9D9B
:1056D000782F914680460C469A4601F1430207D83E
:1056E000622F0AD8002F00F0D880582F00F0A38036
:1056F00004F1420584F842703AE0A7F16303152BE8
:10570000F6D801A151F823F0615701087557010837
:10571000F1560108F1560108F1560108F156010849
:1057200075570108F1560108F1560108F1560108B4
:10573000F156010881580108A5570108635801086E
:10574000F1560108F1560108A3580108F156010865
:10575000A5570108F1560108F15601086B580108D8
:105760002B681A1D1B682A6004F1420584F8423038
:105770000123A3E020682968060601F104030AD585
:105780000E682B60002E03DA2D23764284F8433016
:105790005E480A2319E00E682B6010F0400F18BF16
:1057A00036B2EFE72B682068191D2960010601D584
:1057B0001E6802E04606FBD51E8854486F2F0CBFBA
:1057C00008230A23002184F843106568A560002D92
:1057D000A2BF216821F0040121600EB9002D4DD037
:1057E0001546B6FBF3F103FB1167C75D05F8017DB4
:1057F0003746BB420E46F4D9082B0BD12368DE078F
:1058000008D5236961689942DEBF302305F8013C61
:1058100005F1FF35521B2261CDF800A04B4603AACB
:1058200021464046FFF7E2FE01304CD14FF0FF30F9
:1058300004B0BDE8F087354881F8457029682368D1
:1058400051F8046B29601D0614D5DF0744BF43F0EF
:10585000200323601EB9236823F020032360102354
:10586000B0E7236843F0200323607823284884F8B6
:105870004530E3E7590648BFB6B2E6E71546BBE751
:105880002B6826686169181D286035061B6801D5DC
:10589000196002E07006FBD51980002323611546CC
:1058A000BAE72B681A1D2A601D6862680021284625
:1058B000F0F77EFC08B1401B606063682361002341
:1058C00084F84330A8E723692A4649464046D04732
:1058D0000130ABD023689B0713D4E068039B984248
:1058E000B8BF1846A4E70123324649464046D04790
:1058F00001309BD00135E36803995B1AAB42F2DCBF
:10590000EBE7002504F11906F5E700BFA0A901089F
:10591000B1A90108024B0A460146186801F016BCFD
:105920007C6B002038B5064D0023044608462B60EA
:1059300002F036FB431C02D12B6803B1236038BD53
:1059400058A900200EB400B59CB01DAB0290069083
:105950006FF00041094807910491094953F8042B5D
:1059600005910068019302A901F072FC029B0022DC
:105970001A701CB05DF804EB03B070477C6B00201C
:105980000802FFFF30B50B4D044614F8013B5A5D89
:1059900002F00302012A11F8012BA85C00F00300B9
:1059A00008BF2033012808BF2032981A01D1002AED
:1059B000EBD130BDC3A90108034611F8012B03F850
:1059C000012B002AF9D1704770B50F4E04460A44E6
:1059D0008A4201D1002013E014F8013B985D00F0E9
:1059E0000300012811F8010B355C05F0030508BF21
:1059F0002033012D08BF20301B1A02D10028E7D127
:105A000070BD1846FCE700BFC3A9010870B5034686
:105A10001E4613F8014B3CB14A1E01E0A542F7D0E7
:105A200012F8015F002DF9D1301A70BD012B2DE95C
:105A3000F047804601D0242B06D900F0D3FF16236F
:105A400003600020BDE8F087354F0D46284615F865
:105A5000014BE65D16F00806F8D12D2C2FD12C78DD
:105A60000126851C002B57D0102B09D1302C07D1D3
:105A7000287800F0DF00582849D16C7810230235CF
:105A800006F1004E0EF1FF3E0027BEFBF3F938464B
:105A900003FB19EAA4F1300CBCF1090F14D86446D9
:105AA000A34222DD002F1DDB81451BD301D1A2457E
:105AB00018DB00FB0340012715F8014BEAE72B2C0C
:105AC00004BF2C78851CCDE7A4F1410CBCF1190F63
:105AD00001D8373CE4E7A4F1610CBCF1190F04D8FC
:105AE000573CDDE74FF0FF37E6E7002F07DA2223C8
:105AF000C8F800307046002AA4D0691E05E006B13F
:105B00004042002A9ED0002FF7D111609AE730243E
:105B1000002BB5D10823B3E7302CA9D00A23AFE777
:105B2000C3A9010813460A46014602480068FFF768
:105B30007DBF00BF7C6B00202DE9F043364F8646C9
:105B40000D46284615F8014BE65D16F00806F8D11B
:105B50002D2C2FD12C780126851C002B57D0102BF3
:105B600009D1302C07D1287800F0DF00582849D11E
:105B70006C78102302354FF0FF380027B8FBF3F89C
:105B800003FB08F96FEA09093846A4F1300CBCF1AF
:105B9000090F14D86446A34222DD002F1DDB804587
:105BA0001BD301D1A14518DB00FB0340012715F8E9
:105BB000014BEAE72B2C04BF2C78851CCDE7A4F120
:105BC000410CBCF1190F01D8373CE4E7A4F1610C9A
:105BD000BCF1190F04D8573CDDE74FF0FF37E6E77B
:105BE000002F07DA2223CEF800304FF0FF3032B911
:105BF000BDE8F08306B14042002AF9D007B1691E22
:105C00001160F5E73024002BB5D10823B3E7302C21
:105C1000A9D00A23AFE700BFC3A9010813460A466B
:105C2000014602480068FFF787BF00BF7C6B002079
:105C3000034BC35C03F00303022B08BF20387047FB
:105C4000C3A9010830B51446002C9BB005461A467E
:105C500005DA8B2303604FF0FF301BB030BD4FF4EB
:105C60000273ADF80C3014BF04F1FF3323460293E6
:105C700005934FF6FF7300910491ADF80E3069461D
:105C80001E9B01F0E5FA431CBCBF8B232B60002C4C
:105C9000E3D0009B00221A70DFE7000007B50093F5
:105CA00013460A46014603480068FFF7CBFF03B0DE
:105CB0005DF804FB7C6B002000B59BB00091049163
:105CC0006FF000410591029105490391694601F089
:105CD000BFFA009B00221A701BB05DF804FB00BFE6
:105CE0000802FFFF13460A46014602480068FFF714
:105CF000E3BF00BF7C6B00202DE9F74F03690C69FF
:105D0000A34207467DDB013C01F1140800F11405B4
:105D100005EB8403019358F8243055F8242001330F
:105D20009A424FEA840B08EB8409B2FBF3F62ED3B8
:105D30004FF0000E4046AC46F24650F8042B93B2AA
:105D400006FB03E34FEA134E120C9BB206FB02E282
:105D5000AAEB0303DCF800A04FEA124E92B213FA4A
:105D60008AF3C2EB1A4202EB23429BB243EA02439C
:105D700081454CF8043B4FEA224ADED255F80B30FD
:105D80002BB9019B043B9D421A462ED33C613846F9
:105D900001F0CEF8002824DB013628464FF0000C35
:105DA00058F8042BD0F800E093B2ACEB0303120CCC
:105DB00013FA8EF3C2EB1E4202EB23429BB243EA7C
:105DC0000243C14540F8043B4FEA224CE8D255F863
:105DD000242005EB840322B9043B9D421A460AD3D2
:105DE0003C61304603B0BDE8F08F1268043B002AE6
:105DF000CCD1013CC7E71268043B002AF0D1013C3A
:105E0000EBE70020EEE700002DE9F04F446A99B07F
:105E100016461F46CDE90467DDF89480054674B93F
:105E20001020FFF727F80246686220B9A84BEA2144
:105E3000A84801F01BFBC0E901440460C4606B6A20
:105E4000196851B15A684A60012393408B60284613
:105E500000F030FE6B6A00221A603B1EB9BF23F0CF
:105E6000004305930023C8F80030DDF814909A4BE6
:105E7000BCBF0122C8F8002033EA090319D1249AD3
:105E800042F20F731360C9F31303334300F08085AC
:105E9000269B53B9914B22E0914B03930833269AEA
:105EA0001360039819B0BDE8F08F8C4B0393033354
:105EB000F5E7DDE90434CDE90C34DDE90C0100221D
:105EC000002308F0B7FA804658B1249A01231360E2
:105ED000269B002B00F0598582481860431E0393CF
:105EE000DFE716AB019317AB00932846DDE90C23DF
:105EF00001F0C2F8C9F30A548346002C7ED00D9BF2
:105F0000CDF84C80C3F31303DDE90C0143F07F515E
:105F100041F44011A4F2FF34734B002208F07CF8E6
:105F200065A3D3E90023F0F793F965A3D3E9002330
:105F300008F074F8064620460F4608F0BBF962A345
:105F4000D3E90023F0F784F902460B463046394680
:105F500008F064F806460F4608F09EFA00228246D2
:105F600000233046394608F06FFA48B1504608F031
:105F7000A1F932463B4608F05DFA08B90AF1FF3A4A
:105F8000BAF1160F57D8594B03EBCA03D3E90023D4
:105F9000DDE90C0108F058FA00284ED00AF1FF3A6A
:105FA00000230F93169B1C1B631E099345BFC4F16E
:105FB00001030693002300234CBF09930693BAF113
:105FC000000F3CDB099BCDF838A053440993002314
:105FD0000A93229B092B00F28D80052BC4BF043B42
:105FE0002293229BA3F10203CCBF00240124032BA4
:105FF00000F28C80DFE803F02D4F4D5BDDE91643A6
:106000001C4404F23243202BC3BFC3F1400304F20B
:10601000124009FA03F3C3F12003C6BF26FA00F0C9
:10602000184306FA03F008F035F90123A1F1F871DD
:10603000013C139370E70123B3E70F90B2E7069B8F
:10604000A3EB0A030693CAF100030A9300230E93FD
:10605000BFE700230B93239B002B5ADC4FF0010971
:10606000CDF820904B46CDF88C90686A00224260B3
:10607000042202F114069E42416850D9284600F0DD
:10608000D9FC039000284ED1194B02464FF4D5712C
:10609000CEE60123DEE700230B93239B0AEB0309E3
:1060A00009F10103012B0893B8BF0123DDE70123A8
:1060B000F2E700BFAFF3008061436F63A787D23F71
:1060C000B3C8608B288AC63FFB799F501344D33FE7
:1060D000D0AA0108E7AA01080000F07FCCAA0108B5
:1060E000C3AA010833A701080000F83F28AC010843
:1060F00064AB01080124002322930B944FF0FF3975
:106100000022CDF8209012232392AEE701230B93B7
:10611000F4E7DDF88C90CDF820904B46A5E70131EF
:1061200041605200A5E76B6A039A1A60089B0E2B28
:1061300000F2A880002C00F0A580BAF1000F34DD39
:106140009A4A0AF00F0302EBC303D3E900341AF4AE
:10615000807FCDE910344FEA2A1416D0944BDDE944
:106160000C01D3E90823F0F79DF9CDE9040104F00F
:106170000F0403278E4E54B9DDE91023DDE9040135
:10618000F0F790F9CDE9040129E00227F2E7E107F1
:1061900008D5DDE91001D6E90023F0F759F8CDE97B
:1061A0001001013764100836E5E700F0A580CAF158
:1061B00000047E4B7E4E04F00F0203EBC203D3E9D2
:1061C0000023DDE90C01F0F743F8CDE904012411C7
:1061D00000230227002C40F08480002BD2D10F9B9B
:1061E000002B00F08B80DDE90434CDE91034DDE9CB
:1061F0001001704B002208F027F900287ED0089B80
:10620000002B7BD0B9F1000F38DDDDE910016A4BBE
:106210000022F0F71DF8CDE904010AF1FF3801373B
:106220004C46384608F046F8DDE90423F0F710F84C
:10623000624B002207F0F2FEA1F15076CDE9100189
:106240001196002C5DD1DDE904015D4B002207F0C1
:10625000E3FE02460B46CDE90423109A334608F0CC
:1062600011F9002840F09C82DDE90401109A06F142
:10627000004308F0E9F8002840F09082DDE90C3492
:10628000CDE90434179B002BC0F25281BAF10E0FF6
:1062900000F34E81454B03EBCA03D3E90034CDE94B
:1062A0000634239B002B80F2DB80089B002B00F33D
:1062B000D78040F07282424B0022DDE90601EFF701
:1062C000C7FFDDE9042308F0D3F8089C2646002820
:1062D00040F04882039F312307F8013B0AF1010A8D
:1062E00044E2E20705D5D6E90023EFF7B1FF013715
:1062F0000123641008366DE7022770E7089CD0463A
:106300008FE70399294B214412910B9903EBC403A6
:10631000DDE9106753E90223002955D029490020FF
:10632000F0F7C0F83B46324607F076FECDE91001A3
:10633000039FDDE9040108F0AFF8044607F0BAFF57
:1063400002460B46DDE9040107F066FE30340246E2
:106350000B46CDE9042307F8014BDDE9102308F0D3
:1063600073F8002874D1DDE904231249002007F0F6
:1063700053FEDDE9102308F067F8002840F0B780ED
:10638000129B9F423FF47AAFDDE910010A4B0022D5
:10639000EFF75EFF084BCDE910010022DDE90401B3
:1063A000EFF756FFCDE90401C3E700BF28AC0108B1
:1063B00000AC01080000F03F0000244000001C4039
:1063C000000014400000E03F30463946EFF740FF40
:1063D000CDE91001129B039C1493DDE9040108F040
:1063E0005BF8159007F066FF02460B46DDE90401F5
:1063F00007F012FE159B303304F8013B129B9C42C0
:1064000006460F464FF0000224D1A44BDDE91001EF
:1064100007F004FE02460B463046394608F032F8D3
:10642000002863D1DDE910239C49002007F0F4FD2A
:1064300002460B463046394608F006F800283FF47D
:106440001DAF149F7B1E149317F8013C302BF8D01E
:10645000C2463BE0924BEFF7FBFECDE90401BCE7FF
:10646000DDE90489039FDDE9062340464946F0F74C
:1064700019F808F011F8044607F01CFFDDE90623BF
:10648000EFF7E6FE04F1300602460B464046494669
:1064900007F0C2FD07F8016B039EDDF820C0BE1BAC
:1064A000B44502460B4636D107F0B8FDDDE90623B8
:1064B0008046894607F0E6FF58BBDDE906234046E3
:1064C000494607F0B7FF08B1E10722D428465946EC
:1064D00000F0F0FA00233B70249B0AF101001860E1
:1064E000269B002B3FF4DDAC1F60DAE427463B46D9
:1064F0001F4613F8012D392A07D1039A9A42F7D182
:106500000399302208F101080A701A7801321A70D2
:106510009EE7D046EBE7624B0022EFF799FE0022A0
:1065200000238046894607F085FF00289BD0CDE7F1
:106530000B9A002A00F0D080229A012A00F3B28040
:10654000139A002A00F0A68003F233430A9C069FA8
:10655000069A1A440692099A01211A442846099279
:1065600000F05EFB0646002F0CDD099B002B09DDC9
:10657000BB42069AA8BF3B46D21A0692099AFF1A56
:10658000D31A09930A9BF3B10B9B002B00F0A88050
:10659000002C10DD31462246284600F0FFFB5A460B
:1065A00001460646284600F051FB594680462846DB
:1065B00000F080FAC3460A9B1A1B04D059462846AD
:1065C00000F0ECFB83460121284600F029FB0E9BDE
:1065D000002B044640F386801A460146284600F008
:1065E000DDFB229B012B04467FDD4FF00008236971
:1065F00004EB8303186900F0C5FAC0F12000099B81
:10660000184410F01F0000F09280C0F12003042B0A
:1066100040F38A80C0F11C00069B03440693099B4B
:10662000034407440993069B002B05DD59461A468F
:10663000284600F00DFC8346099B002B05DD214612
:106640001A46284600F004FC04460F9B002B70D02D
:106650002146584600F06CFC00286ADA00235946AF
:106660000A22284600F048FA0B9B0AF1FF3A8346BB
:10667000002B00F09481314600230A22284600F0C6
:106680003BFAB9F1000F064600F39380229B022BE0
:1066900057DC8EE0169BC3F1360357E70000E03F5E
:1066A00000002440089B5C1E0A9BA342BFBF0A9BBC
:1066B0000A94E21A0E9BB6BF9B181C1B0E93089BF4
:1066C000B8BF0024002BB9BF069B089A069F089B01
:1066D000BCBF9F1A00233BE70A9C069F0B9E42E724
:1066E0000A9A6BE7229B012B19DC049BBBB9059B23
:1066F000C3F313039BB9059B23F000431B0D1B053C
:1067000083B1069B01330693099B013309934FF034
:1067100001080E9B002B7FF46AAF01206FE74FF05A
:106720000008F6E79846F4E73FF47DAF18461C30C2
:1067300072E7089B002B36DC229B022B33DDDDF851
:106740002090B9F1000F0DD121464B460522284675
:1067500000F0D2F901460446584600F0E9FB002853
:106760003FF7B8AD239B039F6FEA030A4FF0000881
:106770002146284600F09EF9002E3FF4A7AEB8F15E
:10678000000F05D0B04503D04146284600F092F9ED
:106790003146284600F08EF998E600242646E1E7C7
:1067A000C246264696E50B9BDDF82090002B00F0B4
:1067B000FD80002F05DD31463A46284600F048FBB3
:1067C0000646B8F1000F5CD07168284600F032F937
:1067D000074628B9804B024640F2EA21FFF728BB62
:1067E00032690232920006F10C010C30FEF762FBB6
:1067F00001223946284600F02BFB039B0133089306
:10680000039B4B440A93049B03F00103B046099396
:106810000646089B2146013B58460493FFF76CFA55
:10682000034630330690414658460B9300F080FBF8
:10683000324681462146284600F096FBC2680B9BF3
:10684000074602BB0146584600F072FB0B9B02460E
:1068500039462846CDE90B3200F02CF9229B0C9AE0
:10686000089F43EA0201099B0B430B9B0DD1392B77
:1068700029D0B9F1000F01DD069B3133049A137062
:1068800076E73046B9E70122E2E7B9F1000F06DB0F
:10689000229941EA0909099959EA010120D1002AFE
:1068A000ECDD594601222846089300F0D1FA214632
:1068B000834600F03DFB0028089B02DCDED1DA07AE
:1068C000DCD5392BD8D1049A392313703B461F46A7
:1068D000013B17F8012C392A50D001321A7047E7D2
:1068E000002A03DD392BEED00133C7E7089A0A9955
:1068F00002F8013C8A422AD0594600230A2228463F
:1069000000F0FAF8B04583464FF000034FF00A025A
:106910004146284607D100F0EFF880460646089B1E
:106920000133089375E700F0E7F83146804600230D
:106930000A22284600F0E0F80646F0E7B9F1000F19
:10694000039ACCBF4F46012717444FF00008594621
:1069500001222846089300F07BFA2146834600F086
:10696000E7FA0028B2DC02D1089BDB07AED43B4635
:106970001F4613F8012D302AFAD0F9E6039A9A42FD
:10698000A5D10AF1010A312379E7144BFFF7A7BA21
:10699000269B002B7FF480AA114BFFF7A0BAB9F118
:1069A000000F03DC229B022B3FF7CBAE039F214657
:1069B0005846FFF7A1F900F1300307F8013B039AAD
:1069C000BA1A9145BADD594600230A22284600F03A
:1069D00093F88346EBE700BF64AB010832A70108D8
:1069E000C3AA0108014B1868704700BF7C6B0020E8
:1069F00000487047D06C002082B001B901A942B1B3
:106A00004BB113780B601278101E18BF012002B032
:106A100070471046FBE76FF00100F8E7014800F00F
:106A200056BD00BF5CA90020014800F051BD00BF69
:106A30005CA9002070B5466A04460D4676B9102060
:106A4000FEF718FA0246606220B9184B1848662112
:106A500000F00CFDC0E901660660C660666AF36876
:106A600083B1636ADB6853F82500B8B9012101FAE4
:106A700005F6721D9200204600F05AFB60B1C0E995
:106A800001560EE021220421204600F051FB636AEA
:106A9000F060DB68002BE4D1002070BD026843F891
:106AA00025200023C0E90333F7E700BFD0AA01087F
:106AB0007DAB010870B5466A05460C4676B91020D4
:106AC000FEF7D8F90246686220B9094B09488A21C5
:106AD00000F0CCFCC0E901660660C6603CB16B6AA0
:106AE0006268DB6853F82210216043F8224070BDD1
:106AF000D0AA01087DAB01082DE9F0410D690746D8
:106B00000C461E4601F1140C0020DCF8003099B24E
:106B100002FB01611E0C0B0C02FB063389B2013033
:106B200001EB034185424CF8041B4FEA1346ECDCB1
:106B30000EB3A368AB4219DC616838460131FFF738
:106B400079FF804628B902460C4B0D48B52100F06C
:106B50008DFC2269023204F10C0192000C30FEF728
:106B6000A9F921463846FFF7A5FF444604EB850303
:106B700001355E6125612046BDE8F08164AB010806
:106B80007DAB0108020C12040346CAB903041020AD
:106B900013F07F4F04BF1B02083013F0704F04BF87
:106BA0001B01043013F0404F04BF9B000230002B48
:106BB00005DB13F0804F00F1010008BF2020704773
:106BC0000020E5E70368024613F007000BD0D90761
:106BD00021D4980749BF5B089B08012013605CBF64
:106BE00013600220704799B209B91B0C1020D9B26A
:106BF00009B908301B0A190704BF1B09043099079B
:106C000004BF9B080230D90703D45B0800F10100E0
:106C100003D01360704700207047202070470000A9
:106C200010B50C460121FFF705FF024628B9054BB8
:106C300005484FF4A07100F019FC01234461036181
:106C400010BD00BF64AB01087DAB01082DE9F04F1A
:106C500091460A69D9F810309A42B8BF0B460C46E3
:106C6000BCBF4C4699462769D9F810A0A368616853
:106C700007EB0A06B34285B0B8BF0131FFF7DAFE71
:106C800030B90246434B444840F25D1100F0EEFB40
:106C900000F1140505EB86082B460022434521D35D
:106CA00004F1140303EB870709F1140303EB8A02D1
:106CB00002923A1B153A22F00302043204F1150144
:106CC0008F4238BF04220192029A03939A420CD851
:106CD000002E03DD58F8043D002B59D0066105B0A5
:106CE000BDE8F08F43F8042BD8E7B3F800A0BAF161
:106CF000000F23D004F1140EA9464FF0000C5EF8EB
:106D0000042BD9F800101FFA82FB89B20AFB0B1181
:106D10006144D9F800C0120C4FEA1C4C0AFB02C2B5
:106D200002EB114289B241EA0241774549F8041B5E
:106D30004FEA124CE3D8019A45F802C0039AB2F820
:106D400002900433B9F1000F20D0296804F1140C2B
:106D5000AE464FF0000ABCF800B0BEF8022009FBB6
:106D60000B22924489B241EA0A414EF8041B5CF8B6
:106D7000042BBEF80010120C09FB021101EB1A41A2
:106D800067454FEA114AE6D8019AA95004359BE7B6
:106D9000013E9DE764AB01087DAB01082DE9F84396
:106DA000154612F0030206460F4607D0254C013A5D
:106DB000002354F82220FFF79FFE0746AD103DD078
:106DC000746A7CB91020FEF755F80246706228B943
:106DD0001D4B1E484FF4D77100F048FBC0E9014439
:106DE0000460C460D6F82480D8F808404CB940F25A
:106DF00071213046FFF714FF0023C8F8080004464D
:106E000003604FF00009EB070AD5394622463046A9
:106E1000FFF71CFF394680463046FFF74BFE4746DA
:106E20006D100BD0206838B9224621463046FFF756
:106E30000DFF2060C0F800900446E4E73846BDE846
:106E4000F88300BFF0AC0108D0AA01087DAB0108AF
:106E50002DE9F0470C464968236903EB6218A368E3
:106E6000074691464FEA621A08F10106B3420BDB6E
:106E70003846FFF7DFFD054648B902462A4B2B4846
:106E800040F2D91100F0F2FA01315B00EEE7002385
:106E900000F1140100F110021846534537DB206958
:106EA0002AEAEA7A04F1140319F01F0901EB8A01B6
:106EB00003EB80002FD0C9F1200E8A464FF0000C62
:106EC0001A6802FA09F242EA0C024AF8042B53F853
:106ED000042B984222FA0EFCF2D8031B153B23F038
:106EE0000303043304F11502904238BF042341F830
:106EF00003C0BCF1000F01D008F10206013E384684
:106F00002E612146FFF7D6FD2846BDE8F08742F8FE
:106F1000040F0133C1E7043953F8042B41F8042F5F
:106F20009842F9D8EAE700BF64AB01087DAB0108DD
:106F30000A6903460069801A30B50DD11433143143
:106F400003EB820401EB820154F8045D51F8042D37
:106F5000954202D004D3012030BDA342F4D3FBE715
:106F60004FF0FF30F8E700002DE9F84F0D460746D7
:106F7000114628461446FFF7DBFF061E11D13146A5
:106F80003846FFF757FD024628B9394B40F2322107
:106F9000384800F06BFA0123C0E904361046BDE81A
:106FA000F88FA4BF23462C4638466168A6BF1D460D
:106FB00000260126FFF73EFD024618B92C4B4FF480
:106FC0001071E5E72769C6602E6904F1140005F128
:106FD000140902F1140E00EB870C09EB860610343D
:106FE000F246002159F8043B54F804BF1FFA83F815
:106FF00011FA8BF11B0CA1EB0808C3EB1B4303EB4D
:1070000028431FFA88F819144E4548EA03434AF802
:10701000043BE7D8731B153B23F0030304331535FA
:10702000AE4238BF0423184473449E460646664564
:107030000ED30CF10301091A21F003010338844532
:1070400038BF0021194451F8043D7BB11761A5E711
:1070500056F8048B11FA88F4251405EB1845A4B2F0
:1070600044EA05444EF8044B2914E0E7013FEAE7FF
:1070700064AB01087DAB01082DE9F3410121DDE995
:10708000087690461D46FFF7D5FC044630B9024607
:10709000254B264840F20A3100F0E8F9C5F3130306
:1070A000C5F30A552DBB0193B8F1000326D06846FD
:1070B0000093FFF787FD0099F0B1019AC0F120031A
:1070C00002FA03F30B43C24063610192019BA36187
:1070D000002B14BF022101212161C5B1A5F2334566
:1070E0000544C0F135003D603060204602B0BDE887
:1070F000F08143F48013D6E76161E7E701A8FFF769
:1071000061FD019B6361012121612030E5E704EB12
:107110008103A0F2324038601869FFF733FDC0EBFD
:1071200041113160E1E700BF64AB01087DAB0108AC
:1071300038B502FB01F52946FDF736FF044618B1C4
:107140002A460021FDF7DEFE204638BDF8B5074689
:1071500014460E4621B9BDE8F8401146FDF724BF9C
:1071600022B9FDF7D7FE25462846F8BD00F0B1F953
:10717000A0420FD221463846FDF716FF05460028EB
:10718000F2D031462246FDF795FE31463846FDF7EE
:10719000C1FEE9E73546E7E72DE9F0478E689E42F4
:1071A00082460C4690461F4638D88A8912F4906F62
:1071B00032D025680969A5EB0109656905EB45052C
:1071C00005EBD57501334B446D109D4238BF1D460C
:1071D000530531D52946FDF7E7FE064650B90C2385
:1071E000CAF80030A38943F04003A3814FF0FF3079
:1071F000BDE8F08721694A46FDF75CFEA38923F4C8
:10720000906343F08003A381266165614E44A5EB42
:1072100009052660A5603E46BE4200D93E4620686C
:1072200032464146FDF754FEA3689B1BA3602368CA
:10723000334423600020DBE72A46FFF787FF06463A
:107240000028E1D121695046FDF764FEC7E7000040
:107250002DE9F04F98468B891B069DB007460D46D9
:1072600014460ED50B6963B94021FDF79DFE2860D9
:10727000286120B90C233B604FF0FF30D1E0402360
:107280006B610023099320238DF82930CDF80C8001
:107290003023DFF8A8818DF82A304FF0010923460A
:1072A0009A4613F8012B0AB1252AF9D1BAEB040B3F
:1072B0000BD05B46224629463846FFF76DFF01306A
:1072C00000F0AA80099A5A4409929AF80030002BDB
:1072D00000F0A28000234FF0FF32CDE905230AF130
:1072E000010A049307938DF853301A9354460522EC
:1072F00014F8011B5148EEF75BFF049AD8B9D00689
:1073000044BF20238DF85330110744BF2B238DF841
:1073100053309AF800302A2B15D0079A5446002093
:107320004FF00A0C214611F8013B303B092B4ED996
:10733000B0B1079214E0A0EB080309FA03F313437A
:107340000493A246D2E7039B191D1B680391002BEF
:10735000BBBF5B4242F0020207930793B8BF04929F
:1073600023782E2B0CD163782A2B35D1039B1A1D41
:107370001B680392002BB8BF4FF0FF330234059314
:10738000DFF8BCA0217803225046EEF711FF40B190
:107390004023A0EB0A0003FA00F0049B03430134EE
:1073A000049314F8011B27488DF828100622EEF7E5
:1073B000FFFE002838D0244B1BBB039B073323F070
:1073C000070308330393099B3344099367E70CFBD6
:1073D00002320C460120A5E700230134059319462B
:1073E0004FF00A0C204610F8012B303A092A03D935
:1073F000002BC5D00591C3E70CFB012104460123F6
:10740000F0E703AB00932A46104B04A93846FDF77A
:10741000C3FE421C0646D6D1AB895B063FF52CAFB6
:1074200009981DB0BDE8F08F03AB00932A46074BC7
:1074300004A93846FEF748F9EBE700BFFCAC0108A9
:1074400002AD010806AD01089951010899710108C2
:107450000346084641B1FF2A04D98A221A604FF038
:10746000FF3070470A700120704700001FB51446B6
:107470001A46094B1B680546D8684CB1074B00916A
:10748000CDE9013406492B4600F00EF800F040FA31
:10749000044B1C46F3E700BF7C6B00200DAD0108D8
:1074A0001AAD0108B88601080EB403B5014603AB56
:1074B000054853F8042B0068019300F039F802B036
:1074C0005DF804EB03B070477C6B00207047704799
:1074D000704751F8043C181F002BBCBF0B58C01854
:1074E00070479368013B002B10B4936007DA9469EE
:1074F000A34201DB0A2902D110BC00F049B913688C
:10750000581C10601970084610BC7047F8B5064644
:107510000F461446D518AC4201D1002007E014F8FC
:10752000011B3A463046FFF7DCFF431CF3D1F8BDA0
:107530002DE9F04F0D469DB014469846064618B109
:1075400083690BB900F002FB894B9D421BD1756822
:107550006B6ED90705D4AB899A0502D4A86DFFF7E5
:10756000B6FFAB891B0701D52B69EBB9294630461D
:1075700000F060F9C0B16B6EDC070ED54FF0FF3044
:107580001DB0BDE8F08F7B4B9D4201D1B568DFE7B0
:10759000794B9D4208BFF568DAE7AB899805EDD4D1
:1075A000A86DFFF795FFE9E70023099320238DF8E5
:1075B0002930CDF80C803023DFF8C0818DF82A30D7
:1075C0004FF0010923469A4613F8012B0AB1252AE8
:1075D000F9D1BAEB040B0BD05B4622462946304664
:1075E000FFF794FF013000F0AA80099A5A440992EB
:1075F0009AF80030002B00F0A28000234FF0FF32F9
:10760000CDE905230AF1010A049307938DF853305D
:107610001A935446052214F8011B5848EEF7C8FD8A
:10762000049AD8B9D10644BF20238DF853301307EC
:1076300044BF2B238DF853309AF800302A2B15D0F5
:10764000079A544600204FF00A0C214611F8013BDE
:10765000303B092B4ED9B0B1079214E0A0EB0803E0
:1076600009FA03F313430493A246D2E7039B191DBF
:107670001B680391002BBBBF5B4242F002020793E1
:107680000793B8BF049223782E2B0CD163782A2B52
:1076900035D1039B1A1D1B680392002BB8BF4FF016
:1076A000FF3302340593DFF8D8A021780322504637
:1076B000EEF77EFD40B14023A0EB0A0003FA00F094
:1076C000049B03430134049314F8011B2D488DF8E7
:1076D00028100622EEF76CFD00283FD02A4B1BBB7A
:1076E000039B073323F0070308330393099B3B44B1
:1076F000099367E70CFB02320C460120A5E7002343
:107700000134059319464FF00A0C204610F8012B5E
:10771000303A092A03D9002BC5D00591C3E70CFBE9
:10772000012104460123F0E703AB00932A46174BDF
:1077300004A93046FDF730FD0746781CD6D16B6EA4
:10774000D90705D4AB899A0502D4A86DFFF7C0FE0E
:10775000AB895B063FF512AF099811E703AB0093C5
:107760002A460A4B04A93046FDF7AEFFE4E700BF06
:107770006CAD01088CAD01084CAD0108FCAC0108F2
:1077800002AD010806AD0108995101080D75010807
:10779000F8B50E461446054618B183690BB900F0DA
:1077A000D5F9214B9C422BD16C68A369A360A389B6
:1077B0001A072FD523696BB323692068C01A636940
:1077C000F6B28342374604DC2146284600F02AF907
:1077D00030BBA368013BA36023685A1C22601E7063
:1077E00063690130834204D0A389DB0706D50A2EE2
:1077F00004D12146284600F015F988B93846F8BD6D
:107800000A4B9C4201D1AC68CFE7094B9C4208BFB0
:10781000EC68CAE72146284600F00CF80028CBD0D7
:107820004FF0FF37EAE700BF6CAD01088CAD0108EF
:107830004CAD0108324B70B51D6806460C4625B1AB
:10784000AB6913B9284600F081F92E4B9C420FD149
:107850006C68A389B4F90C2019072CD4DD0611D467
:107860000923336042F04003A3814FF0FF303EE034
:10787000254B9C4201D1AC68EBE7244B9C4208BFEE
:10788000EC68E6E7580712D5616B41B104F1440397
:10789000994202D03046FDF73DFB00236363A38984
:1078A00023F02403A3810023636023692360A38959
:1078B00043F00803A38123694BB9A38903F4207320
:1078C000B3F5007F03D02146304600F001FAA089CD
:1078D000B4F90C2010F001030AD00023A3606369FF
:1078E0005B42A361236943B910F08000BAD170BD37
:1078F000810758BF6369A360F4E70020F7E700BF82
:107900007C6B00206CAD01088CAD01084CAD01080A
:1079100008B5062000F044FA012000F057FB0000F3
:107920008A89F8B5054610070C4657D44B68002BDA
:1079300004DC0B6C002B01DC0020F8BDE66A002E95
:10794000FAD0002312F480522F682B6032D0606D81
:10795000A3895A0705D56368C01A636B0BB1236C02
:10796000C01A00230246E66A216A2846B047431C33
:10797000A38906D129681D292CD8294ACA40D607CF
:1079800028D500226260D9042269226004D5421CF5
:1079900001D12B6803B96065616B2F600029CBD0E2
:1079A00004F14403994202D02846FDF7B3FA0020BF
:1079B0006063C2E7216A01232846B047411CC7D152
:1079C0002B68002BC4D01D2B01D0162B01D12F60AA
:1079D000B2E7A38943F04003A381AEE70F69002F0C
:1079E000AAD093070E6808BF4B690F6018BF002329
:1079F000F61B8B60002E9FDD216AD4F828C0334629
:107A00003A462846E047002806DCA38943F04003B5
:107A1000A3814FF0FF3090E70744361AEAE700BF32
:107A20000100402038B50B6905460C4613B9002506
:107A3000284638BD18B183690BB900F087F8144B9C
:107A40009C421BD16C68B4F90C30002BEFD0626EF5
:107A5000D00704D4990502D4A06DFFF738FD28465D
:107A60002146FFF75DFF636EDA070546E0D4A38980
:107A70009B05DDD4A06DFFF72BFDD9E7054B9C429C
:107A800001D1AC68DFE7044B9C4208BFEC68DAE741
:107A90006CAD01088CAD01084CAD0108002310B598
:107AA0000446C0E90033C0E9043383608181436642
:107AB000C2818361194608225C30FDF723FA054B29
:107AC0006362054BA362054BE362054B24622363AB
:107AD00010BD00BFD97D0108FB7D0108337E010880
:107AE000577E0108014900F0AFB800BF257A0108B0
:107AF00070B568224D1E55430E4605F17401FDF721
:107B000053FA044640B10021C0E900160C30A060D1
:107B100005F16802FDF7F6F9204670BD0148FFF750
:107B2000D6BC00BF5DA900200148FFF7D1BC00BF53
:107B30005DA900200148FFF7CABC00BF5EA9002074
:107B40000148FFF7C5BC00BF5EA9002010B5044680
:107B5000FFF7F0FFA3691BB1BDE81040FFF7F0BFCE
:107B6000C4E912332365134B134A1B68A262A34274
:107B700004BF0123A361204600F020F86060204686
:107B800000F01CF8A060204600F018F80022E06029
:107B900004216068FFF782FFA06801220921FFF736
:107BA0007DFFE06802221221FFF778FF0123A36125
:107BB000D2E700BF8CA90108E57A0108F8B50746AD
:107BC000FFF7ACFF1E4B1E68B36913B93046FFF7D1
:107BD000BDFF4836D6E90134013B03D533680BB30A
:107BE0003668F7E7B4F90C50D5B9164BE36004F1E9
:107BF00058006566FFF76AFCFFF796FFC4E9015578
:107C0000C4E904552560A5610822294604F15C00F9
:107C1000FDF778F9C4E90D55C4E912552046F8BDC1
:107C20006834D9E704213846FFF762FF0446306024
:107C30000028D5D1FFF778FF0C233B60EEE700BFAB
:107C40008CA901080100FFFF2DE9F843064688468C
:107C500000F148040027D4E90195B9F1010905D5DF
:107C60002468002CF7D13846BDE8F883AB89012B96
:107C700007D9B5F90E30013303D029463046C04745
:107C800007436835E9E770B50E46B1F90E100029D3
:107C900096B014461D4608DAB6F90C3000222A6068
:107CA0001A0610D44FF480630EE06A4600F0FAF82A
:107CB0000028F1DB019A02F47042A2F500535A4207
:107CC0005A412A60EEE740230020236016B070BDC1
:107CD0008B8973B59D0706460C4607D504F147030B
:107CE000236023610123636102B070BD01AB6A466A
:107CF000FFF7C9FF009905463046FDF755F948B929
:107D0000B4F90C309A05EFD423F0030343F00203D7
:107D1000A381E3E70D4BB362A389206043F08003A6
:107D2000A381009B6361019B20615BB1B4F90E10DC
:107D3000304600F0C9F828B1A38923F0030343F0CB
:107D40000103A381A0890543A581CDE7E57A010858
:107D50001F2938B504460D4604D9162303604FF099
:107D6000FF3038BD426C12B152F821304BB9204679
:107D700000F030F82A4601462046BDE8384000F0C1
:107D800017B8012B0AD0591C03D116230360012018
:107D9000E7E7002442F82540284698470020E0E71E
:107DA000024B01461868FFF7D3BF00BF7C6B002071
:107DB00038B5074D00230446084611462B6000F0F5
:107DC000D7F8431C02D12B6803B1236038BD00BF34
:107DD00058A9002000F0BCB810B50C46B1F90E103F
:107DE00000F094F80028ABBF636DA3891B1823F43F
:107DF0008053ACBF6365A38110BD2DE9F0411F46E0
:107E00008B89DB0505460C46164605D5B1F90E10E3
:107E10000223002200F068F8A389B4F90E1023F4BD
:107E20008053A38132463B462846BDE8F04100F02E
:107E300017B810B50C46B1F90E1000F055F8431CF8
:107E4000A38915BF606523F4805343F48053A38155
:107E500018BFA38110BDB1F90E1000F013B80000D7
:107E600038B5074D04460846114600222A601A46D6
:107E700000F0A4F8431C02D12B6803B1236038BD85
:107E800058A9002038B5064D0023044608462B604B
:107E900000F04EF8431C02D12B6803B1236038BDBB
:107EA00058A9002038B5074D00230446084611465E
:107EB0002B6000F045F8431C02D12B6803B123600E
:107EC00038BD00BF58A9002038B5064D0023044630
:107ED00008462B6000F044F8431C02D12B6803B124
:107EE000236038BD58A9002038B5074D0446084620
:107EF000114600222A601A4600F042F8431C02D1C3
:107F00002B6803B1236038BD58A9002038B5074D50
:107F100004460846114600222A601A4600F038F846
:107F2000431C02D12B6803B1236038BD58A900203F
:107F3000024B58221A604FF0FF30704758A90020BA
:107F4000024B58221A604FF0FF30704758A90020AA
:107F5000024B58221A604FF0FF30704758A900209A
:107F6000024B58221A600020704700BF58A9002019
:107F7000024B58221A604FF0FF30704758A900207A
:107F8000024B58221A604FF0FF30704758A900206A
:107F9000024B58221A604FF0FF30704758A900205A
:107FA000044A05491368002B08BF0B4618441060AB
:107FB0001846704760A9002068A90020024B58228B
:107FC0001A604FF0FF30704758A90020FEE700BF4D
:107FD000F8B500BFF8BC08BC9E467047F8B500BFB6
:107FE000F8BC08BC9E4670470000000088130000E3
:107FF00010270000204E000030750000409C00005B
:1080000050C3000060EA0000C0D4010080A9030052
:108010000053070000000000FFFFFFFFFFFFFFFF0E
:10802000FFFFFFFFFFFFFFFF00000052414B333116
:1080300037322D48200052414B333137322D4C20FE
:108040000056657273696F6E3A25732025730D0AA9
:108050000043757272656E7420576F726B204D6F9E
:1080600064653A20004C6F5261205032502E0D0A48
:10807000004C6F526157414E2E0D0A0046534B2E55
:108080000D0A0000000000100000000000100000B9
:108090004F6E53797354696D655570646174650DE5
:1080A0000A002B4556543A53454E445F434F4E46C3
:1080B00049524D45445F4F4B0D0A002B4556543AEB
:1080C00053454E445F434F4E4649524D45445F46EB
:1080D00041494C4544282564290D0A002B45565436
:1080E0003A54585F444F4E450D0A002B42433A4CD8
:1080F0004F53540D0A002B42433A4C4F434B4544D7
:108100000D0A002B42433A4641494C45445F2564E1
:108110000D0A002B42433A4641494C45440D0A00A2
:108120002B4556543A4A4F494E5F4641494C4544C7
:108130005F25640D0A005265737472696374656427
:108140005F576169745F25645F6D730D0A00527833
:10815000314672657175656E63793A25750D0A0051
:108160005278434672657175656E63793A25750D6F
:108170000A004368616E6E656C734461746172617C
:1081800074653A25640D0A004368616E6E656C7310
:108190005478506F7765723A25640D0A0046436E35
:1081A0007455703A25750D0A0051756572795478C9
:1081B000506F737369626C653A2025732C20557378
:1081C00065724461746153697A6520256420506F3B
:1081D000737369626C654461746153697A652025C3
:1081E00064204164646974696F6E616C464F707499
:1081F0007353697A652025640D0A002B4556543A5D
:1082000052585F25733A25643A2564003A4D554C1F
:10821000544943415354003A554E49434153540045
:1082200025303278002B4556543A4C494E4B434842
:1082300045434B3A303A25643A25643A25643A2559
:10824000640D0A00526563656976696E6720696E20
:108250002052585F534C4F545F57494E5F310D0ABF
:1082600000526563656976696E6720696E205258B1
:108270005F534C4F545F57494E5F320D0A005265B1
:1082800063656976696E6720696E2052585F534C4A
:108290004F545F57494E5F434C4153535F430D0A60
:1082A00000446576416464726573733A25303878AA
:1082B0000D0A00506F72743A25640D0A00527373F0
:1082C000693A25640D0A00536E723A25640D0A005E
:1082D000527844617461726174653A25750D0A00C3
:1082E00046436E74446F776E3A25750D0A004C6FE5
:1082F00052614D61634D6962476574526571756580
:108300007374436F6E6669726D204552524F520D01
:108310000A002B4556543A4A4F494E45440D0A002F
:108320002B4556543A5357495443485F4641494CAC
:1083300045440D0A002B4556543A4A4F494E5F4674
:1083400041494C45445F52585F54494D454F55543F
:108350000D0A002B4556543A4A4F494E5F46414953
:108360004C45445F54585F54494D454F55540D0A90
:1083700000526563656976696E67204D4C4D455FB7
:108380004A4F494E0D0A00446576416464723A25AD
:108390003038780D0A002B4556543A54494D455211
:1083A00045515F4F4B0D0A002B4556543A54494DE9
:1083B000455245515F4641494C45440D0A002B4208
:1083C000433A444F4E450D0A002B4556543A4C490A
:1083D0004E4B434845434B3A313A303A303A303AC3
:1083E000300D0A00617070207377697463682063D0
:1083F0006C61737320610D0A00617070207377697E
:1084000074636820636C61737320630D0A002573C5
:1084100028293A4661696C0D0A004C6F5261574138
:108420004E20312E302E330042004F4B00427573E8
:1084300079005365727669636520756E6B6E6F7730
:108440006E00506172616D6574657220696E76614F
:108450006C6964004672657175656E637920696E3A
:1084600076616C696400446174617261746520694D
:108470006E76616C6964004672657175656E6379CC
:10848000206F7220646174617261746520696E7618
:10849000616C6964004E6F206E6574776F726B203B
:1084A0006A6F696E6564004C656E677468206572FA
:1084B000726F7200526567696F6E206E6F74207301
:1084C0007570706F7274656400536B697070656469
:1084D00020415050206461746100447574792D63AB
:1084E00079636C6520726573747269637465640086
:1084F0004E6F206368616E6E656C20666F756E648A
:10850000004E6F2066726565206368616E6E656CF3
:1085100020666F756E6400427573792062656163D1
:108520006F6E2072657365727665642074696D651F
:1085300000427573792070696E672D736C6F7420BB
:1085400077696E646F772074696D65004275737921
:108550002075706C696E6B20636F6C6C6973696FEA
:108560006E0043727970746F206572726F7200468C
:10857000436E742068616E646C6572206572726F00
:1085800072004D414320636F6D6D616E64206572B2
:10859000726F7200436C61737342206572726F7206
:1085A00000436F6E6669726D207175657565206533
:1085B00072726F72004D756C7469636173742067B9
:1085C000726F757020756E646566696E65640055BE
:1085D0006E6B6E6F776E206572726F7200000000B6
:1085E0002A8401082D84010832840108428401088C
:1085F0005484010866840108778401089584010881
:10860000A7840108B4840108C9840108DA84010838
:10861000F0840108018501081785010831850108EA
:108620004C850108628501086F8501088285010873
:1086300094850108A1850108B5850108CF85010849
:10864000736572766963655F6C6F72615F73657481
:108650005F6C6F72615F64656661756C74000000C9
:1086600027A601082BA60108469A0108469A010888
:1086700028840108288401085278202564206F6628
:1086800020256420203E3E3E205045523D2025645A
:108690002025250D0A005273736956616C75653D7E
:1086A0002025642064426D2C20536E7256616C75D7
:1086B000653D202564200D0A00547820486F702005
:1086C000617420256420487A0D0A0054782054658E
:1086D0007374203A205061636B6574202564206FA9
:1086E000662025640D0A004F6E5478446F6E650D48
:1086F0000A00547820546573740D0A0048E801009C
:1087000048E8010048E8010048E8010048E80100A5
:1087100048E8010090D003000000000048E8010094
:1087200048E8010048E8010048E8010048E8010085
:1087300048E8010020A107000000000020A1070078
:1087400020A1070020A1070020A1070020A1070009
:1087500020A10700000000000000000048E8010020
:1087600048E8010048E8010048E8010048E8010045
:1087700048E8010020A107000000000048E80100CF
:1087800048E8010048E8010048E8010048E8010025
:1087900048E8010090D003000000000048E8010014
:1087A00048E8010048E8010048E8010048E8010005
:1087B00048E8010090D003000000000048E80100F4
:1087C00048E8010048E8010048E8010048E80100E5
:1087D00048E8010090D003000000000048E80100D4
:1087E00048E8010048E8010048E8010048E80100C5
:1087F00048E8010090D003000000000048E80100B4
:1088000048E8010048E8010048E8010048E80100A4
:1088100048E8010048E8010048E8010048E8010094
:1088200048E8010048E8010048E8010020A10700ED
:108830000000000020A1070020A1070020A10700E0
:1088400020A1070020A1070020A1070000000000D0
:108850000000000048E8010048E8010048E8010085
:1088600048E8010020A1070000000000000000000F
:108870000000000020A1070020A1070020A10700A0
:1088800020A1070020A1070020A107000000000090
:10889000000000000C0B0A09080707320C0B0A093C
:1088A000080708000C0B0A09080700000C0B0A094E
:1088B00008070A090807080000000C0B0A09080746
:1088C00000002B4556543A525850325020524543DE
:1088D00045495645204552524F520D0A002B4556E8
:1088E000543A525846534B20524543454956452029
:1088F0004552524F520D0A002B4556543A54585087
:10890000325020444F4E450D0A002B4556543A54E0
:108910005846534B20444F4E450D0A002B455654A4
:108920003A525850325020524543454956452054FA
:10893000494D454F55540D0A002B4556543A52584F
:1089400046534B20524543454956452054494D45D1
:108950004F55540D0A002B4556543A525850325038
:108960003A25643A25643A002B4556543A52584603
:10897000534B3A25643A25643A0025303258004C6E
:108980006F5261205032502073656E6420646174B0
:10899000613A202825642920005032505F52585FE8
:1089A0004F4E20616C72656164790D0A004F6E5400
:1089B00078446F6E65004F6E547854696D656F75BD
:1089C00074000D0A2573000D0A25730D0A000D0AA7
:1089D00041542B3C434D443E3F3A2068656C702027
:1089E0006F6E203C434D443E0D0A41542B3C434D99
:1089F000443E3A2072756E203C434D443E0D0A4180
:108A0000542B3C434D443E3D3C76616C75653E3A8B
:108A100020736574207468652076616C75650D0A35
:108A200041542B3C434D443E3D3F3A206765742002
:108A30007468652076616C75650D0A004469736120
:108A4000626C6500522A0025732C25733A20257329
:108A50000D0A004154432B00257325730025732C08
:108A600025733A2025732C2025730D0A00303132EE
:108A7000333435363738390041542B424F4F540088
:108A8000656E74657220626F6F746C6F616465727D
:108A9000206D6F646520666F72206669726D776104
:108AA000726520757067726164650041542B424F96
:108AB0004F5456455200676574207468652076658A
:108AC0007273696F6E206F662052554920426F6F36
:108AD000746C6F616465720041545A007472696706
:108AE000676572732061207265736574206F6620FC
:108AF000746865204D43550041545200726573748B
:108B00006F72652064656661756C74207061726156
:108B10006D65746572730041542B4445425547009E
:108B2000736574206465627567206C6F6700736895
:108B30006F77206F722068696465207468652041D2
:108B40005420636F6D6D616E6420696E7075740082
:108B500041542B46534E0041542B464143544F52EF
:108B6000590041542B534E0067657420746865208A
:108B700073657269616C206E756D626572206F66D7
:108B8000207468652064657669636520286D617866
:108B90002031382063686172290041542B424154CE
:108BA0000067657420746865206261747465727909
:108BB000206C6576656C2028766F6C7429004154B2
:108BC0002B4255494C4454494D4500676574207407
:108BD0006865206275696C642074696D65206F66D4
:108BE00020746865206669726D7761726500415412
:108BF0002B5245504F494E464F00676574207468AC
:108C00006520636F6D6D6974204944206F66207420
:108C10006865206669726D776172650041542B56F4
:108C200045520067657420746865207665727369C3
:108C30006F6E206F6620746865206669726D77615B
:108C400072650041542B4649524D57415245564595
:108C500052006765742074686520437573746F6D86
:108C6000697A65642076657273696F6E206F66201D
:108C7000746865206669726D776172650041542B76
:108C8000434C4956455200676574207468652076E8
:108C9000657273696F6E206F662074686520415439
:108CA00020636F6D6D616E640041542B41504956D5
:108CB0004552006765742074686520766572736933
:108CC0006F6E206F662074686520525549204150B0
:108CD000490041542B48574D4F44454C006765743B
:108CE0002074686520737472696E67206F662074E3
:108CF0006865206861726477617265206D6F646574
:108D00006C0041542B4857494400676574207468CF
:108D10006520737472696E67206F662074686520C1
:108D200068617264776172652069640041542B4107
:108D30004C4941530061646420616E20616C69613B
:108D400073206E616D6520746F20746865206465A2
:108D5000766963650041542B535953560067657417
:108D6000207468652053797374656D20566F6C7438
:108D70006167650041542B5549440041542B534CC5
:108D800045455000656E74657220736C6565702092
:108D90006D6F646520666F72206120706572696F07
:108DA00064206F662074696D6520286D7329004109
:108DB000542B4C504D00676574206F72207365749E
:108DC00020746865206C6F7720706F776572206DF6
:108DD0006F6465202830203D206F66662C2031208E
:108DE0003D206F6E290041542B4C504D4C564C0089
:108DF000676574206F722073657420746865206CD9
:108E00006F7720706F776572206D6F6465206C6579
:108E100076656C0041542B4C4F434B006C6F636B79
:108E2000207468652073657269616C20706F72745C
:108E30000041542B50574F5244007365742074689E
:108E4000652073657269616C20706F7274206C6F3D
:108E5000636B696E672070617373776F726420282B
:108E60006D617820382063686172290041542B427B
:108E700041554400676574206F72207365742074D7
:108E800068652073657269616C20706F727420620E
:108E9000617564726174650041542B41544D0073D7
:108EA000776974636820746F20415420636F6D6D1F
:108EB000616E64206D6F64650041542B41505045D4
:108EC000554900676574206F72207365742074685B
:108ED00065206170706C69636174696F6E204555BF
:108EE0004920283820627974657320696E2068658E
:108EF00078290041542B4150504B45590067657407
:108F0000206F722073657420746865206170706CC6
:108F100069636174696F6E206B6579202831362032
:108F2000627974657320696E206865782900415400
:108F30002B415050534B455900676574206F722088
:108F400073657420746865206170706C6963617406
:108F5000696F6E2073657373696F6E206B6579201E
:108F600028313620627974657320696E20686578CF
:108F7000290041542B4445564144445200676574CE
:108F8000206F72207365742074686520646576694B
:108F9000636520616464726573732028342062798C
:108FA00074657320696E20686578290041542B44EC
:108FB000455645554900676574206F722073657486
:108FC000207468652064657669636520455549208D
:108FD000283820627974657320696E206865782965
:108FE0000041542B4E455449440067657420746811
:108FF00065206E6574776F726B206964656E746945
:109000006669657220284E657449442920283320FA
:10901000627974657320696E20686578290041540F
:109020002B4E574B534B455900676574206F722088
:1090300073657420746865206E6574776F726B2039
:1090400073657373696F6E206B65792028313620E4
:10905000627974657320696E2068657829004154CF
:109060002B4D43524F4F544B455900676574207444
:109070006865204D6320526F6F74206B65792028DE
:10908000313620627974657320696E2068657829AD
:109090000041542B43464D00676574206F72207366
:1090A00065742074686520636F6E6669726D206DEB
:1090B0006F6465202830203D206F66662C203120AB
:1090C0003D206F6E290041542B4346530067657461
:1090D0002074686520636F6E6669726D6174696F74
:1090E0006E20737461747573206F662074686520D8
:1090F0006C6173742041542B53454E44202830201A
:109100003D206661696C7572652C2031203D2073AD
:10911000756363657373290041542B4A4F494E00B0
:109120006A6F696E206E6574776F726B0041542BA5
:109130004E4A4D00676574206F7220736574207409
:109140006865206E6574776F726B206A6F696E2038
:109150006D6F6465202830203D204142502C203125
:10916000203D204F544141290041542B4E4A530089
:1091700067657420746865206A6F696E2073746116
:10918000747573202830203D206E6F74206A6F69DB
:109190006E65642C2031203D206A6F696E656429FC
:1091A0000041542B52454356007072696E7420740E
:1091B0006865206C617374207265636569766564A7
:1091C000206461746120696E2068657820666F7222
:1091D0006D61740041542B53454E440073656E64B9
:1091E000206461746120616C6F6E672077697468B8
:1091F00020746865206170706C69636174696F6E5A
:1092000020706F72740041542B4C5053454E4400F3
:1092100073656E64206C6F6E67207061636B65743C
:10922000206461746120286D6178203130303020F5
:109230006279746573290041542B52455459006773
:109240006574206F722073657420746865206E7574
:109250006D626572206F662072657472616E736DE7
:10926000697373696F6E206F6620636F6E666972D3
:109270006D207061636B657420646174610041549A
:109280002B41445200676574206F7220736574200F
:1092900074686520616461707469766520646174C6
:1092A0006120726174652073657474696E6720282B
:1092B00030203D206F66662C2031203D206F6E29C6
:1092C0000041542B434C41535300676574206F7227
:1092D0002073657420746865206465766963652011
:1092E000636C617373202841203D20636C6173734C
:1092F00020412C2042203D20636C61737320422C5E
:109300002043203D20636C61737320432900415446
:109310002B4443530067657420746865204554539B
:10932000492064757479206379636C652073657472
:1093300074696E67202830203D2064697361626C17
:1093400065642C2031203D20656E61626C65642966
:109350000041542B445200676574206F722073657E
:1093600074207468652064617461207261746500A2
:1093700041542B4A4E31444C00676574206F722073
:1093800073657420746865206A6F696E2061636319
:109390006570742064656C617920626574776565B9
:1093A0006E2074686520656E64206F6620545820B6
:1093B000616E6420746865206A6F696E205258205F
:1093C00077696E646F77203120696E207365636FF3
:1093D0006E64730041542B4A4E32444C00676574EE
:1093E000206F722073657420746865206A6F696EDF
:1093F000206163636570742064656C6179206265C7
:10940000747765656E2074686520656E64206F668C
:1094100020545820616E6420746865206A6F696EFC
:109420002052582077696E646F77203220696E2051
:109430007365636F6E64730041542B504E4D00672B
:109440006574206F72207365742074686520707570
:10945000626C6963206E6574776F726B206D6F64E8
:1094600065202830203D206F66662C2031203D206D
:109470006F6E290041542B525831444C006765747B
:10948000206F7220736574207468652064656C6158
:1094900079206265747765656E2074686520656EF5
:1094A00064206F6620545820616E642074686520C3
:1094B00052582077696E646F77203120696E20736F
:1094C00065636F6E64732028312D31352900415456
:1094D0002B525832444C00676574206F72207365BC
:1094E00074207468652064656C61792062657477A6
:1094F00065656E2074686520656E64206F66205413
:109500005820616E64207468652052582077696E17
:10951000646F77203220696E207365636F6E6473A9
:109520002028322D3136290041542B5258324452D2
:1095300000676574206F72207365742074686520FD
:109540005258322077696E646F77206461746120AD
:10955000726174650041542B525832465100676560
:109560007420746865205258322077696E646F7772
:10957000206672657175656E63792028487A2900C6
:1095800041542B54585000676574206F72207365E6
:109590007420746865207472616E736D6974746987
:1095A0006E6720706F7765720041542B4C494E4BAB
:1095B000434845434B00676574206F7220736574A0
:1095C00020746865206C696E6B20636865636B202E
:1095D00073657474696E67202830203D2064697358
:1095E00061626C65642C2031203D206F6E63652CB8
:1095F0002032203D20657665727974696D65290099
:1096000041542B54494D4552455100726571756561
:109610007374207468652063757272656E7420645B
:1096200061746520616E642074696D652028302046
:109630003D2064697361626C65642C2031203D209B
:10964000656E61626C6564290041542B4C42540084
:10965000676574206F722073657420746865204C90
:109660006F526157414E204C4254202873757070E0
:109670006F7274204B6F726561204A6170616E2950
:109680000041542B4C425452535349006765742097
:109690006F722073657420746865204C6F52615737
:1096A000414E204C425420727373692028737570A8
:1096B000706F7274204B6F726561204A6170616EC9
:1096C000290041542B4C42545343414E54494D457B
:1096D00000676574206F722073657420746865205C
:1096E0004C6F526157414E204C4254207363616E5F
:1096F00074696D652028737570706F7274204B6F7C
:10970000726561204A6170616E290041542B504797
:10971000534C4F5400676574206F7220736574203A
:1097200074686520756E69636173742070696E6713
:1097300020736C6F7420706572696F6469636974FB
:10974000792028302D37290041542B42465245516B
:1097500000676574207468652064617461207261BB
:10976000746520616E6420626561636F6E2066724D
:10977000657175656E637920284D487A29004154DA
:109780002B4254494D45006765742074686520621A
:109790006561636F6E2074696D6520287365636F02
:1097A0006E64732073696E63652047505320457063
:1097B0006F63682074696D65290041542B424757D7
:1097C00000676574207468652067617465776179E6
:1097D0002047505320636F6F7264696E6174652C0B
:1097E000204E6574494420616E64204777494400E7
:1097F00041542B4C54494D4500676574207468658D
:10980000206C6F63616C2074696D650041542B524C
:109810005353490067657420746865205253534957
:10982000206F6620746865206C61737420726563B4
:109830006569766564207061636B65740041542BC3
:1098400041525353490061636365737320616C6CCB
:10985000206F70656E206368616E6E656C20525378
:1098600053490041542B534E52006765742074686D
:109870006520534E52206F6620746865206C6173BA
:1098800074207265636569766564207061636B65D9
:10989000740041542B4D41534B00676574206F7227
:1098A0002073657420746865206368616E6E656CF2
:1098B000206D61736B20746F20636C6F7365206F14
:1098C00072206F70656E20746865206368616E6ECB
:1098D000656C20286F6E6C7920666F722055533945
:1098E00031352C2041553931352C20434E34373019
:1098F000290041542B43484500676574206F72204E
:10990000736574206569676874206368616E6E654D
:109910006C73206D6F646520286F6E6C7920666FA4
:109920007220555339313520415539313520434E58
:10993000343730290041542B434853006765742065
:109940006F72207365742073696E676C652063683D
:10995000616E6E656C73206D6F646520286F6E6C30
:109960007920666F72205553393135204155393190
:109970003520434E343730290041542B42414E4468
:1099800000676574206F72207365742074686520A9
:1099900061637469766520726567696F6E2028302F
:1099A000203D2045553433332C2031203D20434E7B
:1099B0003437302C2032203D2052553836342C207C
:1099C00033203D20494E3836352C2034203D20456B
:1099D000553836382C2035203D2055533931352C1B
:1099E0002036203D2041553931352C2037203D206F
:1099F0004B523932302C2038203D204153393233FC
:109A00002D31202C2039203D2041533932332D3245
:109A1000202C203130203D2041533932332D33204A
:109A20002C203131203D2041533932332D34202C2C
:109A3000203132203D204C41393135290041542B11
:109A40004144444D554C43006164642061206E657F
:109A500077206D756C7469636173742067726F75BC
:109A6000700041542B524D564D554C430064656C6B
:109A70006574652061206D756C7469636173742011
:109A800067726F75700041542B4C53544D554C43C5
:109A90000076696577206D756C74696361737420F5
:109AA00067726F757020696E666F726D6174696F31
:109AB0006E0041542B5452535349007374617274B5
:109AC000205246205253534920746F6E65207465AE
:109AD00073740041542B54544F4E4500737461729B
:109AE0007420524620746F6E652074657374004153
:109AF000542B54545800736574206E756D626572F2
:109B0000206F66207061636B65747320746F2062D0
:109B1000652073656E7420666F7220504552205226
:109B20004620545820746573740041542B54525885
:109B300000736574206E756D626572206F662070AB
:109B400061636B65747320746F2062652072656356
:109B5000656976656420666F7220504552205246D2
:109B600020525820746573740041542B54434F4E57
:109B70004600636F6E666967757265204C6F52614F
:109B800020524620746573740041542B545448008D
:109B9000737461727420524620545820686F70703C
:109BA000696E6720746573742066726F6D204673EA
:109BB0007461727420746F204673746F702C2077F8
:109BC000697468204664656C746120737465707391
:109BD0000041542B545254480073746172742052E3
:109BE0004620545820686F7070696E6720746573E2
:109BF000742066726F6D2046737461727420746F86
:109C0000204673746F702C207769746820466465F1
:109C10006C746120696E74657276616C20696E2067
:109C200072616E646F6D2073657175656E6365003A
:109C300041542B544F46460073746F70206F6E670B
:109C40006F696E6720524620746573740041542B0F
:109C50004345525449460073657420746865206D0D
:109C60006F64756C6520696E204C6F726157414E50
:109C70002063657274696669636174696F6E206DD3
:109C80006F6465202830203D206E6F726D616C20FE
:109C90006D6F64652C2031203D20636572746966A8
:109CA00069636174696F6E206D6F6465290041544A
:109CB0002B435700737461727420636F6E74696E06
:109CC000756F757320776176650041542B4E574D43
:109CD00000676574206F7220736574207468652056
:109CE0006E6574776F726B20776F726B696E672029
:109CF0006D6F6465202830203D205032505F4C4FFE
:109D000052412C2031203D204C6F526157414E2C46
:109D10002032203D205032505F46534B29004154A1
:109D20002B504652455100636F6E666967757265C8
:109D300020503250204672657175656E6379202817
:109D40004E6F74653A5468697320636F6D6D616E10
:109D5000642077696C6C2062652064656C6574654D
:109D60006420696E20746865206675747572652953
:109D70000041542B50534600636F6E6669677572DD
:109D8000652050325020537072656164696E67209F
:109D9000466163746F722028352D313229284E6F49
:109DA00074653A5468697320636F6D6D616E6420E9
:109DB00077696C6C2062652064656C6574656420ED
:109DC000696E207468652066757475726529004136
:109DD000542B50425700636F6E6669677572652039
:109DE0005032502042616E647769647468284C4F29
:109DF00052413A2030203D203132352C2031203D57
:109E0000203235302C2032203D203530302C20338C
:109E1000203D20372E382C2034203D2031302E3468
:109E20002C2035203D2031352E36332C2036203D58
:109E30002032302E38332C2037203D2033312E3243
:109E4000352C2038203D2034312E36372C20392037
:109E50003D2036322E35202046534B3A34383030B0
:109E60002D34363730303029284E6F74653A5468B7
:109E7000697320636F6D6D616E642077696C6C200F
:109E800062652064656C6574656420696E20746821
:109E90006520667574757265290041542B504352D4
:109EA00000636F6E6669677572652050325020439B
:109EB0006F6465205261746528303D342F352C2045
:109EC000313D342F362C20323D342F372C20333D7A
:109ED000342F3829284E6F74653A546869732063AB
:109EE0006F6D6D616E642077696C6C2062652064B3
:109EF000656C6574656420696E207468652066759C
:109F000074757265290041542B50504C00636F6E7C
:109F10006669677572652050325020507265616DB8
:109F2000626C65204C656E6774682028352D363567
:109F300035333529284E6F74653A54686973206348
:109F40006F6D6D616E642077696C6C206265206452
:109F5000656C6574656420696E207468652066753B
:109F600074757265290041542B50545000636F6E14
:109F70006669677572652050325020545820506FC2
:109F800077657228352D323229284E6F74653A5420
:109F900068697320636F6D6D616E642077696C6CA6
:109FA0002062652064656C6574656420696E207448
:109FB000686520667574757265290041542B50538D
:109FC000454E440073656E64206461746120696E5F
:109FD00020503250206D6F64650041542B50524523
:109FE000435600656E7465722050325020525820DE
:109FF0006D6F646520666F72206120706572696F95
:10A0000064206F662074696D6520286D7329004196
:10A01000542B454E43525900676574206F7220736C
:10A0200065742074686520656E6372797074696FF9
:10A030006E20737461747573206F662050325020E7
:10A040006D6F64650041542B434144006765742083
:10A050006F722073657420746865204368616E6E4A
:10A06000656C204163746976697479204465746510
:10A070006374696F6E20737461747573206F6620EA
:10A08000503250206D6F64650041542B454E434B58
:10A09000455900676574206F722073657420746879
:10A0A0006520656E6372797074696F6E206B657977
:10A0B000206F6620503250206D6F64652028313645
:10A0C00020627974657320696E2068657829004183
:10A0D000542B43525950495600676574206F7220C3
:10A0E0007365742074686520656E63727970746935
:10A0F0006F6E204956206F6620503250206D6F647D
:10A10000652028313620627974657320696E206875
:10A110006578290041542B50325000676574206FD8
:10A12000722073657420616C6C2050325020706115
:10A1300072616D65746572730041542B5042520018
:10A14000676574206F722073657420746865205091
:10A1500032502046534B206D6F64656D20626974E8
:10A160007261746520283630302D33303030303015
:10A1700020622F73290041542B50464445560067F6
:10A180006574206F72207365742074686520503286
:10A19000502046534B206D6F64656D20667265716B
:10A1A00075656E637920646576696174696F6E2088
:10A1B000283630302D32303030303020687A290067
:10A1C00041542B4951494E56455200676574206FE2
:10A1D00072207365742050325020495120696E7688
:10A1E000657273696F6E202831203D206F6E2C20C0
:10A1F00030203D206F6666290041542B53594E4351
:10A20000574F524400676574206F72207365742045
:10A210005032502073796E63776F726420283078E3
:10A2200030303030202D2030786666666629004157
:10A23000542B52464652455155454E435900676589
:10A2400074206F72207365742050325020467265FE
:10A250007175656E63790041542B54584F555450B5
:10A260005554504F57455200676574206F722073E4
:10A2700065742050325020547820506F77657228D2
:10A28000352D3232290041542B42414E4457494426
:10A29000544800676574206F7220736574205032D3
:10A2A000502042616E647769647468284C4F524153
:10A2B0003A2030203D203132352C2031203D2032D3
:10A2C00035302C2032203D203530302C2033203DBD
:10A2D00020372E382C2034203D2031302E342C20B5
:10A2E00035203D2031352E36332C2036203D20328E
:10A2F000302E38332C2037203D2033312E32352C70
:10A300002038203D2034312E36372C2039203D2076
:10A3100036322E35202046534B3A343830302D34E7
:10A320003637303030290041542B53505245414488
:10A33000494E47464143544F5200676574206F723F
:10A3400020736574205032502053707265616469C7
:10A350006E6720466163746F722028352D31322973
:10A360000041542B434F44494E47524154450067E6
:10A370006574206F72207365742050325020436FD3
:10A380006465205261746528303D342F352C2031AE
:10A390003D342F362C20323D342F372C20333D34A2
:10A3A0002F38290041542B505245414D424C454CC9
:10A3B000454E47544800676574206F72207365747A
:10A3C0002050325020507265616D626C65204C6582
:10A3D0006E6774682028352D3635353335290041B0
:10A3E000542B53594D424F4C54494D454F555400F1
:10A3F000676574206F72207365742050325020732B
:10A40000796D626F6C54696D656F75742028302D9D
:10A41000323438290041542B4649584C454E475454
:10A42000485041594C4F414400676574206F722079
:10A430007365742050325020666978206C656E67B1
:10A440007468207061796C6F6164206F6E2F6F6625
:10A450006620282031203D206F6E2C2030203D20AA
:10A460006F6666290041545F4552524F5200415475
:10A470005F504152414D5F4552524F520041545F2F
:10A48000425553595F4552524F520041545F544513
:10A4900053545F504152414D5F4F564552464C4FC9
:10A4A000570041545F4E4F5F434C415353425F4509
:10A4B0004E41424C450041545F4E4F5F4E4554570C
:10A4C0004F524B5F4A4F494E45440041545F5258EA
:10A4D0005F4552524F520041545F4D4F44455F4ECD
:10A4E0004F5F535550504F52540041545F434F4DAE
:10A4F0004D414E445F4E4F545F464F554E440041D0
:10A50000545F554E535550504F525445445F42414D
:10A510004E44000A0201010106010101010103018B
:10A52000010201010025733D0025733D25750D0ACB
:10A530000025733D25643A25643A25643A25640D67
:10A540000A0025733D25753A0025733D25640D0AE3
:10A550000025733D410D0A0025733D423A53300DED
:10A560000A0025733D423A53310D0A0025733D42DE
:10A570003A53320D0A0025733D423A53330D0A0017
:10A5800025733D420D0A0025733D430D0A0041002D
:10A5900025733D25643A25642E25640D0A00257334
:10A5A0003D25643A25643A25643A25643A25640DCC
:10A5B0000A0025733D25730D0A002C006200303A15
:10A5C00000423A00433A00253038583A00253039E5
:10A5D000643A00253032643A0025733D2530345802
:10A5E000002873696E676C65206368616E6E656CC8
:10A5F000206D6F64653A2025642900257500340DAF
:10A600000A00350D0A00360D0A00370D0A00380D14
:10A610000A00390D0A0031300D0A0031310D0A00EF
:10A6200031320D0A00382D3100382D3200382D33EB
:10A6300000382D340004020907050801060014152E
:10A64000160A547820746F6E650025733D25643AB0
:10A6500025643A25643A25643A25643A25643A2506
:10A66000643A25643A25643A25643A25643A2564B7
:10A670000D0A0025733D25643A25643A25640D0AC8
:10A68000005032505F52585F4F4E20616C726561CE
:10A6900064792C20706C65617365206469736162F4
:10A6A0006C6520503250205258206265666F72658A
:10A6B0002073657474696E672E0D0A005032505F06
:10A6C00052585F4F4E0D0A005032505F52585F4F44
:10A6D00046460D0A0025733D253034780D0A0025C5
:10A6E000733D25640025630025733D25660D0A0032
:10A6F00025733D25732D25730D0A0025733D2530E7
:10A70000387825303878253038780D0A00343239D9
:10A71000343936373239350041542B4C4F434B3D99
:10A72000756E6C6F636B65640D0A003030303030CD
:10A730003030300041542B4C4F434B3D3F0041548F
:10A740002B4C4F434B3D6C6F636B65640D0A4F4B55
:10A750000D0A00434F4D4D414E445F4C4F434B4516
:10A76000440D0A000100000000000000010200008A
:10A7700000000000010003000000000008000004C9
:10A7800000000000010000000500000001000000C2
:10A7900006000000010700000000000001000000AA
:10A7A00000000B0001090000000000000100000093
:10A7B000000A00000100000000000B000100000082
:10A7C0000000000004020800101010041010100215
:10A7D00010101008010002000400060008000A0022
:10A7E0000C0010002000400080000001080402045A
:10A7F00008010101010101030701000052414B77EB
:10A800006972656C6573732052414B333137322D59
:10A8100045002D2D2D2D2D2D2D2D2D2D2D2D2D2D7D
:10A820002D2D2D2D2D2D2D2D2D2D2D2D2D2D2D2D58
:10A830002D2D2D2D2D2D2D2D2D2D2D2D2D2D2D2D48
:10A840002D2D2D2D2D2D2D2D0056657273696F6EBA
:10A850003A2025730D0A00003CA7002054A70020D1
:10A860006CA7002084A700209CA7002088A60020B9
:10A87000A0A60020B8A60020D0A60020E8A60020B0
:10A8800000030103020303030003010302030303A4
:10A890000303030303030303030303030303030388
:10A8A0000003010302030303000303030102030384
:10A8B0000003010302030303000301030203030077
:10A8C0000000000000000001000100010001000084
:10A8D0000000000000000000000000000000000078
:10A8E0000000000000000001000000010101000064
:10A8F0000000000000000001000100010001000054
:10A900000000000000000000000000000000000047
:10A910000000000000000000000000000000030034
:10A920000300030003000300000003030300010011
:10A930000100010001000100010001000100000010
:10A940000000000000000000213401083934010833
:10A9500069340108633401083F34010845340108B3
:10A960006F340108000080420000804300008044F2
:10A9700000008045000080463333534000004040D3
:10A980009A9919406666E63F9A99993F806B002034
:10A99000494E4600696E66004E414E006E616E0083
:10A9A0003031323334353637383941424344454605
:10A9B000003031323334353637383961626364659B
:10A9C0006600002020202020202020202828282861
:10A9D000282020202020202020202020202020206F
:10A9E00020202088101010101010101010101010BF
:10A9F00010101004040404040404040404101010CF
:10AA0000101010104141414141410101010101017A
:10AA10000101010101010101010101010101101008
:10AA2000101010104242424242420202020202024E
:10AA300002020202020202020202020202021010DA
:10AA400010102000000000000000000000000000C6
:10AA500000000000000000000000000000000000F6
:10AA600000000000000000000000000000000000E6
:10AA700000000000000000000000000000000000D6
:10AA800000000000000000000000000000000000C6
:10AA900000000000000000000000000000000000B6
:10AAA00000000000000000000000000000000000A6
:10AAB0000000000000000000000000000000000096
:10AAC000000000496E66696E697479004E614E003F
:10AAD0005245454E54206D616C6C6F6320737563F5
:10AAE000636565646564002F6D6E742F776F726B9C
:10AAF00073706163652F776F726B73706163652F1D
:10AB00004743432D31302D706970656C696E652F38
:10AB10006A656E6B696E732D4743432D31302D701E
:10AB20006970656C696E652D34385F323032303152
:10AB30003132345F313630363138303634312F737C
:10AB400072632F6E65776C69622F6E65776C6962D0
:10AB50002F6C6962632F7374646C69622F64746F05
:10AB6000612E630042616C6C6F6320737563636573
:10AB70006564656400504F534958002E002F6D6E78
:10AB8000742F776F726B73706163652F776F726B61
:10AB900073706163652F4743432D31302D706970A9
:10ABA000656C696E652F6A656E6B696E732D4743C0
:10ABB000432D31302D706970656C696E652D3438A8
:10ABC0005F32303230313132345F31363036313805
:10ABD000303634312F7372632F6E65776C69622F54
:10ABE0006E65776C69622F6C6962632F7374646C35
:10ABF00069622F6D707265632E63000000000000B3
:10AC00000080E03779C34143176E05B5B5B8934668
:10AC1000F5F93FE9034F384D321D30F94877825A34
:10AC20003CBF737FDD4F1575000000000000F03F52
:10AC30000000000000002440000000000000594017
:10AC40000000000000408F40000000000088C3406A
:10AC500000000000006AF8400000000080842E41DF
:10AC600000000000D01263410000000084D797412B
:10AC70000000000065CDCD41000000205FA0024231
:10AC8000000000E876483742000000A2941A6D42A6
:10AC9000000040E59C30A2420000901EC4BCD64299
:10ACA00000003426F56B0C430080E03779C3414344
:10ACB00000A0D8855734764300C84E676DC1AB43BA
:10ACC000003D9160E458E143408CB5781DAF1544D8
:10ACD00050EFE2D6E41A4B4492D54D06CFF08044B3
:10ACE000F64AE1C7022DB544B49DD9794378EA44C8
:10ACF00005000000190000007D000000232D302B0E
:10AD00002000686C4C00656667454647002C20664D
:10AD1000756E6374696F6E3A200061737365727447
:10AD2000696F6E2022257322206661696C65643A22
:10AD30002066696C6520222573222C206C696E6563
:10AD4000202564257325730A000000000000000020
:10AD500000000000000000000000000000000000F3
:10AD600000000000000000000000000000000000E3
:10AD700000000000000000000000000000000000D3
:10AD800000000000000000000000000000000000C3
:10AD900000000000000000000000000000000000B3
:10ADA00000000000000000000000000000000000A3
:10ADB0006561000801350108C9360108000000007E
:10ADC00041610008000000000000000008000000D1
:10ADD00001020600003001400401000000000000F4
:10ADE000000700000000000000000000000200005A
:10ADF0002000000000000000000000000000000033
:10AE0000070000000000000000000000000000003B
:10AE10000000000000000000000000000000000032
:10AE20000000000000000000000000000000000022
:10AE30000000000000000000C06F002000020000C1
:10AE4000010000000000000000000000C1710020AF
:10AE500000020000010000000000000000000000EF
:10AE600000000000000000000000000000000000E2
:10AE700000000000000000000000000000000000D2
:10AE80000000000000000000000000009194000895
:10AE900000000000818300087D83000851830008C2
:10AEA000BF850008258300080100000000000000A5
:10AEB000020000000000000000A1BC330E000000F2
:10AEC0000500000001000000000000000700000075
:10AED000010000008545010008000004000000009A
:10AEE00001000000050000000E000000A861000045
:10AEF000B80B000000A1BC330000000000000000FF
:10AF0000000000000000000000A1BC332042C43358
:10AF1000A086010006000000FFFFFFFF0000000008
:10AF2000E00000004DBA000825BA000831BA000858
:10AF300089BA00080000000009BC000819C0000818
:10AF400039C0000800000000000000000000000000
:10AF500000000000000000002A84010865A4010828
:10AF60006EA401087DA401088BA40108A2A4010815
:10AF7000B6A40108CBA40108D7A40108EAA40108DB
:10AF8000FFA401089E8B0108EBFC000800000000F4
:10AF9000B886010802000000788A0108D9FC000880
:10AFA00000000000808A010802000000AB8A01084E
:10AFB000F5FC000800000000B68A0108020000004D
:10AFC000D88A0108ADFD000800000000DC8A0108F5
:10AFD00002000000F88A0108BFFD00080000000020
:10AFE000FC8A010802000000178B010845FD0008DB
:10AFF00000000000208B0108030000006BA3010883
:10B00000F1FD0008000000002E8B01080200000086
:10B01000508B010811FE000800000000B8860108EE
:10B0200003000000578B0108B5050108000000006F
:10B03000B886010803000000628B0108E9FE0008E1
:10B0400000000000688B0108020000009A8B0108D4
:10B050004DFF000800000000A18B01080200000065
:10B06000BE8B0108D5FF000800000000CB8B010853
:10B0700002000000EE8B010815000108000000002E
:10B08000FA8B0108020000001C8C01084D00010829
:10B0900000000000238C010802000000438C01081E
:10B0A0008500010800000000528C01080200000029
:10B0B0007D8C0108C900010800000000878C010890
:10B0C00002000000A98C01080D0101080000000029
:10B0D000B38C010802000000D28C01084501010870
:10B0E00000000000DD8C010802000000028D010854
:10B0F00089010108000000000A8D0108020000001B
:10B100002C8D0108C101010800000000358D0108E7
:10B1100003000000558D010891FF000800000000A9
:10B120005D8D010802000000748D0108790201089C
:10B1300000000000B8860108030000007B8D0108B4
:10B14000C102010800000000848D01080100000018
:10B15000AF8D01082903010800000000B68D010829
:10B1600003000000E68D01089D03010800000000B7
:10B17000F08D010803000000148E0108110401087D
:10B18000000000001C8E010802000000318E010842
:10B1900049040108000000003A8E01080300000085
:10B1A0006C8E0108F104010800000000748E010893
:10B1B00003000000988E01087D05010800000000D2
:10B1C0009F8E010802000000B98E010859C90008CD
:10B1D00000000000C38E010803000000F38E010888
:10B1E0002DCA000800000000FD8E010803000000C9
:10B1F0002E8F0108FDCA000800000000398F0108E9
:10B2000003000000728F0108CDCB00080000000091
:10B210007D8F010803000000AC8F0108B9CC000845
:10B2200000000000B68F010803000000E18F010854
:10B230008DCD000800000000EA8F01080300000027
:10B240001E90010809CE00080000000029900108A6
:10B25000030000005E900108D9CE00080000000045
:10B260006B900108030000009190010899CF00083D
:10B27000000000009890010803000000C69001083B
:10B2800019D0000800000000CD9001080200000065
:10B29000189101085DD0000800000000209101080D
:10B2A000030000002D91010875D100080000000086
:10B2B00034910108030000006991010801D20008DF
:10B2C000000000007091010802000000A191010837
:10B2D00045D2000800000000A9910108020000000A
:10B2E000D4910108CDD2000800000000DC910108D3
:10B2F0000100000006920108C5D30008000000000C
:10B3000010920108010000003792010831CF0008B7
:10B31000000000003F920108030000007E92010837
:10B32000DDD4000800000000859201080300000041
:10B33000C192010875D5000800000000CA920108FA
:10B34000030000000E9301087DD6000800000000F5
:10B35000159301080300000051930108F5D6000879
:10B3600000000000579301080300000070930108DB
:10B3700081D7000800000000799301080300000055
:10B38000D493010829D8000800000000DD930108CB
:10B390000300000038940108D1D800080000000024
:10B3A0003F94010803000000749401085DD900086F
:10B3B000000000007D94010803000000CE94010805
:10B3C000F5D9000800000000D79401080300000030
:10B3D000289501088DDA0008000000003195010869
:10B3E000030000005595010819DB0008000000006B
:10B3F0005E9501080300000080950108A5DB0008A8
:10B40000000000008795010803000000A9950108CD
:10B4100035DC000800000000B695010803000000BC
:10B420000096010895DC0008000000000B9601085A
:10B430000300000049960108FDDC00080000000040
:10B4400050960108030000008196010865DD0008A0
:10B45000000000008C96010803000000C29601085D
:10B46000B9DD000800000000D196010803000000CB
:10B470000B97010819DE000800000000159701086D
:10B48000030000004897010895DE00080000000056
:10B4900051970108020000007E9701080DDF0008A7
:10B4A000000000008797010802000000BA97010819
:10B4B00061DF000800000000C197010802000000E1
:10B4C000F0970108CDDF000800000000F99701089F
:10B4D000020000000C98010825E0000800000000B0
:10B4E00014980108020000003D98010869E0000876
:10B4F000000000004698010802000000639801085F
:10B50000EDE00008000000006A9801080200000059
:10B5100092980108A1E30008000000009A98010831
:10B5200003000000F298010859E400080000000040
:10B53000F998010803000000359901087DE700082B
:10B54000000000003C9901080300000079990108FF
:10B55000FDE50008000000008199010803000000DB
:10B560003D9A010831E1000800000000489A0108F6
:10B5700001000000629A010865E200080000000076
:10B580006D9A010801000000869A010895E2000802
:10B5900000000000919A010802000000B29A010820
:10B5A00001E8000800000000BB9A01080300000049
:10B5B000D39A01083DE8000800000000DC9A010869
:10B5C00003000000EF9A01086DE800080000000089
:10B5D000F69A0108030000002A9B0108A1E8000870
:10B5E00000000000319B010803000000699B010876
:10B5F000D5E8000800000000729B0108030000006D
:10B60000899B0108F5E9000800000000909B0108F3
:10B6100003000000D19B010885EA0008000000003B
:10B62000D99B010803000000309C010815EB0008BD
:10B6300000000000389C0108030000004D9C010838
:10B6400029EB000800000000579C010803000000DF
:10B65000AE9C01088DEB000800000000B49C0108BE
:10B6600003000000CA9C010879EC000800000000FB
:10B67000D19C0108030000001E9D010801ED000897
:10B6800000000000279D010803000000719D0108D3
:10B6900091ED000800000000789D01080300000003
:10B6A000CF9D010815EE000800000000D69D01089E
:10B6B000030000009A9E010891EE000800000000BF
:10B6C000A19E010803000000069F01080DEF00087D
:10B6D000000000000D9F010803000000669F0108A4
:10B6E00095EF0008000000006D9F010803000000B6
:10B6F000BB9F010819F0000800000000C49F01086A
:10B7000001000000DA9F010889F000080000000035
:10B71000E39F0108030000000FA00108F9F00008F2
:10B720000000000018A001080300000045A0010867
:10B730007DF10008000000004CA00108030000009B
:10B7400089A00108E9F100080000000093A00108A9
:10B7500003000000CFA0010889F2000800000000EB
:10B76000D9A001080300000014A1010829F3000872
:10B77000000000001BA101080300000039A101081E
:10B7800029F700080000000040A1010803000000A4
:10B7900076A10108B1F70008000000007FA10108B0
:10B7A00003000000C0A1010839F8000800000000F3
:10B7B000CBA1010803000000F9A10108BDF80008B1
:10B7C0000000000005A20108030000002FA20108EC
:10B7D0003DF90008000000003EA20108030000003F
:10B7E00057A20108B9F900080000000068A201088A
:10B7F0000300000086A201083DFA000800000000D6
:10B8000093A201080300000027A3010841FA0008E1
:10B81000000000003AA301080300000061A3010832
:10B82000C5FA0008000000006FA301080300000033
:10B83000A4A3010849FB000800000000B6A301080A
:10B8400003000000DFA30108D1FB00080000000096
:10B85000F0A301080300000015A4010855FC00082E
:10B860000000000029A4010803000000752A010857
:10B87000A92A0108AB2A0108AF2A01080300000029
:10B880000600000000000000117A00084D7A000850
:10B89000817A0008017B0008217B0008597B0008A1
:10B8A0005D7B00080000000010270000E72D010864
:10B8B000ED2D0108392E01087D2E0108ED2F01081C
:10B8C000013001082130010895300108D930010804
:10B8D000113101081531010800010000000040404D
:10B8E000EB01000066664640EC010000CDCC4C4008
:10B8F000EE01000033335340EF0100009A995940A4
:10B90000F001000000006040F8010000666666403B
:10B9100004020000CDCC6C400D02000033337340B4
:10B92000160200009A9979401F0200000000804032
:10B9300027020000333383403002000066668640F1
:10B9400037020000806B0020000000006CAD010891
:10B950008CAD01084CAD01080000000000000000A3
:10B9600000000000000000000000000000000000D7
:10B9700000000000000000000000000000000000C7
:10B9800000000000000000000000000000000000B7
:10B9900000000000000000000000000000000000A7
:10B9A0000000000000000000430000000000000054
:10B9B0000000000000000000000000000000000087
:10B9C0000000000000000000430000000000000034
:10B9D0000000000000000000000000000000000067
:10B9E0000000000000000000430000000000000014
:10B9F0000000000000000000000000000000000047
:10BA000000000000000000004300000000000000F3
:10BA10000000000000000000000000000000000026
:10BA200000000000000000004300000000000000D3
:10BA30000000000000000000000000000000000006
:10BA400000000000000000004300000000000000B3
:10BA500000000000000000000000000000000000E6
:10BA60000000000000000000430000000000000093
:10BA700000000000000000000000000000000000C6
:10BA8000000000000000000051740108F96901087D
:10BA900000000000C2A901087BAB0108B8860108BC
:10BAA000B8860108B8860108B8860108B88601087A
:10BAB000B8860108B8860108B8860108B88601086A
:10BAC000FFFFFFFFFFFFFFFFFFFFFFFFFFFF000084
:10BAD00001004153434949000000000000000000FC
:10BAE0000000000000000000000000000000000056
:10BAF00000004153434949000000000000000000DD
:10BB00000000000000000000000000000000000035
:10BB10000000000000000000000000000000000025
:10E00000034613F8012B002AFBD1181A0138704778
:10E0100081F0004102E000BF83F0004330B54FEAD9
:10E0200041044FEA430594EA050F08BF90EA020F46
:10E030001FBF54EA000C55EA020C7FEA645C7FEAD9
:10E04000655C00F0E2804FEA5454D4EB5555B8BFFC
:10E050006D420CDD2C4480EA020281EA030382EA6D
:10E06000000083EA010180EA020281EA0303362DFF
:10E0700088BF30BD11F0004F4FEA01314FF4801CD2
:10E080004CEA113102D0404261EB410113F0004FE4
:10E090004FEA03334CEA133302D0524263EB43039B
:10E0A00094EA050F00F0A780A4F10104D5F1200E39
:10E0B0000DDB02FA0EFC22FA05F2801841F1000194
:10E0C00003FA0EF2801843FA05F359410EE0A5F168
:10E0D00020050EF1200E012A03FA0EFC28BF4CF099
:10E0E000020C43FA05F3C01851EBE37101F000454F
:10E0F00007D54FF0000EDCF1000C7EEB00006EEB5C
:10E100000101B1F5801F1BD3B1F5001F0CD34908E5
:10E110005FEA30004FEA3C0C04F101044FEA44523C
:10E1200012F5800F80F09A80BCF1004F08BF5FEAC3
:10E13000500C50F1000041EB045141EA050130BDA3
:10E140005FEA4C0C404141EB0101013C28BFB1F5B5
:10E15000801FE9D291F0000F04BF01460020B1FA00
:10E1600081F308BF2033A3F10B03B3F120020CDAD3
:10E170000C3208DD02F1140CC2F10C0201FA0CF0B1
:10E1800021FA02F10CE002F11402D8BFC2F1200C16
:10E1900001FA02F120FA0CFCDCBF41EA0C019040CC
:10E1A000E41AA2BF01EB0451294330BD6FEA040415
:10E1B0001F3C1CDA0C340EDC04F11404C4F1200200
:10E1C00020FA04F001FA02F340EA030021FA04F312
:10E1D00045EA030130BDC4F10C04C4F1200220FA69
:10E1E00002F001FA04F340EA0300294630BD21FAA7
:10E1F00004F0294630BD94F0000F83F4801306BF6D
:10E2000081F480110134013D4EE77FEA645C18BF60
:10E210007FEA655C29D094EA050F08BF90EA020FF7
:10E2200005D054EA000C04BF1946104630BD91EAEF
:10E23000030F1EBF0021002030BD5FEA545C05D1F2
:10E240004000494128BF41F0004130BD14F5800431
:10E250003CBF01F5801130BD01F0004545F0FE41A5
:10E2600041F470014FF0000030BD7FEA645C1ABFDA
:10E27000194610467FEA655C1CBF0B46024650EA11
:10E28000013406BF52EA033591EA030F41F400213D
:10E2900030BD00BF90F0000F04BF0021704730B5C3
:10E2A0004FF4806404F132044FF000054FF0000198
:10E2B00050E700BF90F0000F04BF0021704730B559
:10E2C0004FF4806404F1320410F0004548BF40422E
:10E2D0004FF000013EE700BF42004FEAE2014FEA83
:10E2E00031014FEA02701FBF12F07F4393F07F4F5E
:10E2F00081F06051704732F07F4208BF704793F061
:10E300007F4F04BF41F40021704730B54FF4607473
:10E3100001F0004521F000411CE700BF50EA010276
:10E3200008BF704730B54FF000050AE050EA01021F
:10E3300008BF704730B511F0004502D5404261EB8F
:10E3400041014FF4806404F132045FEA915C3FF4D0
:10E35000D8AE4FF003025FEADC0C18BF03325FEA6D
:10E36000DC0C18BF033202EBDC02C2F1200300FA1E
:10E3700003FC20FA02F001FA03FE40EA0E0021FA43
:10E3800002F11444BDE600BF4FF0FF3C06E000BFC1
:10E390004FF0010C02E000BF4FF0010C4DF804CD2E
:10E3A0004FEA410C7FEA6C5C4FEA430C18BF7FEAEE
:10E3B0006C5C1BD001B050EA410C0CBF52EA430C1C
:10E3C00091EA030F02BF90EA020F0020704710F19C
:10E3D000000F91EA030F58BF994208BF90422CBF2B
:10E3E000D8176FEAE37040F0010070474FEA410C24
:10E3F0007FEA6C5C02D150EA013C07D14FEA430C42
:10E400007FEA6C5CD6D152EA033CD3D05DF8040BB2
:10E41000704700BF8446104662468C4619466346E4
:10E4200000E000BF01B5FFF7B7FF002848BF10F1BB
:10E43000000F01BD4DF808EDFFF7F4FF0CBF012000
:10E4400000205DF808FB00BF4DF808EDFFF7EAFF7C
:10E4500034BF012000205DF808FB00BF4DF808ED37
:10E46000FFF7E0FF94BF012000205DF808FB00BF2C
:10E470004DF808EDFFF7CEFF94BF012000205DF8B6
:10E4800008FB00BF4DF808EDFFF7C4FF34BF0120C3
:10E4900000205DF808FB00BF4FEA410212F50012B0
:10E4A00015D211D56FF47873B3EB625212D94FEADB
:10E4B000C12343F0004343EA505311F0004F23FAC5
:10E4C00002F018BF404270474FF00000704750EA1A
:10E4D000013005D111F0004008BF6FF000407047D7
:10E4E0004FF00000704700BF80F0004002E000BF26
:10E4F00081F0004142001FBF5FEA410392EA030F2F
:10E500007FEA226C7FEA236C6AD04FEA1262D2EB78
:10E510001363C1BFD218414048404140B8BF5B427D
:10E52000192B88BF704710F0004F40F4000020F016
:10E530007F4018BF404211F0004F41F4000121F02C
:10E540007F4118BF494292EA030F3FD0A2F1010276
:10E5500041FA03FC10EB0C00C3F1200301FA03F1B4
:10E5600000F0004302D5494260EB4000B0F5000FD7
:10E5700013D3B0F1807F06D340084FEA310102F196
:10E580000102FE2A51D2B1F1004F40EBC25008BF48
:10E5900020F0010040EA03007047490040EB000012
:10E5A000013A28BFB0F5000FEDD2B0FA80FCACF113
:10E5B000080CB2EB0C0200FA0CF0AABF00EBC25040
:10E5C00052421843BCBFD0401843704792F0000F2E
:10E5D00081F4000106BF80F400000132013BB5E781
:10E5E0004FEA41037FEA226C18BF7FEA236C21D0F7
:10E5F00092EA030F04D092F0000F08BF084670475C
:10E6000090EA010F1CBF0020704712F07F4F04D129
:10E61000400028BF40F00040704712F100723CBF3C
:10E6200000F50000704700F0004343F0FE4040F466
:10E63000000070477FEA226216BF08467FEA236324
:10E640000146420206BF5FEA412390EA010F40F40F
:10E65000800070474FF0000304E000BF10F000435B
:10E6600048BF40425FEA000C08BF704743F0964342
:10E6700001464FF000001CE050EA010208BF70475D
:10E680004FF000030AE000BF50EA010208BF7047E4
:10E6900011F0004302D5404261EB41015FEA010CF9
:10E6A00002BF84460146002043F0B64308BFA3F1F1
:10E6B0008053A3F50003BCFA8CF2083AA3EBC253D3
:10E6C00010DB01FA02FC634400FA02FCC2F12002F2
:10E6D000BCF1004F20FA02F243EB020008BF20F029
:10E6E0000100704702F1200201FA02FCC2F120028F
:10E6F00050EA4C0021FA02F243EB020008BF20EA84
:10E70000DC7070474FF0FF3C06E000BF4FF0010C9B
:10E7100002E000BF4FF0010C4DF804CD4FEA40027B
:10E720004FEA41037FEA226C18BF7FEA236C11D0C5
:10E7300001B052EA530C18BF90EA010F58BFB2EB78
:10E74000030088BFC81738BF6FEAE17018BF40F0F8
:10E75000010070477FEA226C02D15FEA402C05D1AC
:10E760007FEA236CE4D15FEA412CE1D05DF8040B31
:10E77000704700BF844608466146FFE70FB5FFF7C4
:10E78000C9FF002848BF10F1000F0FBD4DF808ED7C
:10E79000FFF7F4FF0CBF012000205DF808FB00BF6D
:10E7A0004DF808EDFFF7EAFF34BF012000205DF8C7
:10E7B00008FB00BF4DF808EDFFF7E0FF94BF012014
:10E7C00000205DF808FB00BF4DF808EDFFF7D2FF11
:10E7D00094BF012000205DF808FB00BF4DF808ED54
:10E7E000FFF7C8FF34BF012000205DF808FB00BF21
:10E7F0007BB972B90029BEBF00204FF0004106E08E
:10E8000008BF00281CBF6FF000414FF0FF3000F040
:10E81000BFB9ADF1080C6DE904CE002909DB002B6E
:10E820001ADB00F04DF8DDF804E0DDE9022304B066
:10E830007047404261EB4101002B1BDB00F040F8C8
:10E84000DDF804E0DDE9022304B0404261EB410160
:10E85000524263EB43037047524263EB430300F0C1
:10E860002FF8DDF804E0DDE9022304B0404261EB5B
:10E8700041017047524263EB430300F021F8DDF899
:10E8800004E0DDE9022304B0524263EB4303704726
:10E8900053B94AB9002908BF00281CBF4FF0FF3107
:10E8A0004FF0FF3000F074B9ADF1080C6DE904CE03
:10E8B00000F006F8DDF804E0DDE9022304B070475B
:10E8C0002DE9F047089E0D4604468846002B4DD1A1
:10E8D0008A42944668D9B2FA82F252B101FA02F33E
:10E8E000C2F1200120FA01F10CFA02FC41EA03080E
:10E8F00094404FEA1C45210CB8FBF5FE1FFA8CF73B
:10E9000005FB1E8341EA03430EFB07F199420BD935
:10E910001CEB03030EF1FF3080F01E81994240F2A0
:10E920001B81AEF1020E63445B1AA4B2B3FBF5F097
:10E9300005FB103344EA034400FB07F7A7420AD95A
:10E940001CEB040400F1FF3380F00881A74240F281
:10E95000058164440238E41B40EA0E4000211EB1E8
:10E96000D4400023C6E90043BDE8F0878B4208D9B4
:10E97000002E00F0EE800021C6E900050846BDE843
:10E98000F087B3FA83F100294AD1AB4202D3824225
:10E9900000F2F980841A65EB030301209846002EEB
:10E9A000E2D0C6E90048DFE702B9FFDEB2FA82F240
:10E9B000002A40F09180A1EB0C054FEA1C471FFA9A
:10E9C0008CFE0121B5FBF7F307FB1350250C45EA3C
:10E9D00000450EFB03F0A84208D91CEB050503F126
:10E9E000FF3802D2A84200F2CB8043462D1AA4B2CF
:10E9F000B5FBF7F007FB105544EA05440EFB00FE9B
:10EA0000A64508D91CEB040400F1FF3502D2A64547
:10EA100000F2BB802846A4EB0E0440EA03409EE7C8
:10EA2000C1F120078B4022FA07FC4CEA030C20FAC4
:10EA300007F405FA01F31C43FD404FEA1C4900FAB4
:10EA400001F3B5FBF9F8200C1FFA8CFE09FB1855F1
:10EA500040EA054508FB0EF0A84202FA01F20BD984
:10EA60001CEB050508F1FF3A80F08880A84240F2CF
:10EA70008580A8F1020865442D1AA4B2B5FBF9F00F
:10EA800009FB105544EA054500FB0EFEAE4508D9CA
:10EA90001CEB050500F1FF346CD2AE456AD9023893
:10EAA000654440EA0840A0FB0294A5EB0E05A54290
:10EAB000C846A64656D353D05EB1B3EB080265EB09
:10EAC0000E0505FA07F722FA01F3CD401F43C6E908
:10EAD00000750021BDE8F087C2F1200320FA03F1A0
:10EAE0000CFA02FC25FA03F395400D434FEA1C474C
:10EAF0001FFA8CFEB3FBF7F107FB11302B0C43EA36
:10EB0000004301FB0EF0984204FA02F408D91CEB12
:10EB1000030301F1FF382FD298422DD90239634403
:10EB20001B1AADB2B3FBF7F007FB103345EA034500
:10EB300000FB0EF3AB4208D91CEB050500F1FF38D2
:10EB400016D2AB4214D902386544ED1A40EA0141AD
:10EB500038E73146304607E78646E5E61846FAE6E6
:10EB60004B45A9D2B9EB020864EB0C0E0138A3E7C0
:10EB70004046EAE7204694E74146D1E7D0467BE7A6
:10EB8000023B654432E7084609E76444023842E73D
:10EB9000704700BF054808B5082303600AF0F6FA7D
:10EBA00018B1BDE8084002F063BD08BDD0020020E6
:10EBB00007B54FF0B04332205A6E42F001025A6658
:10EBC0005B6E002203F0010301931146019B04F0E8
:10EBD00025F9322003B05DF804EB04F051B94FF091
:10EBE000B0423220536E23F00103536604F056B94D
:10EBF0004FF0B04382B0DA6C0243DA64DB6C184049
:10EC00000190019B02B070472DE9F04186B01422BB
:10EC1000002101A81CF086FC0220FFF7E9FF144D3B
:10EC2000144F0420FFF7E4FF4FF480760123002403
:10EC3000CDE9016301A903232846CDE903434FF43D
:10EC400000580AF089FD01A93846CDF804800AF081
:10EC500083FD2246414638460AF0AAFE284622464F
:10EC600031460AF0A5FE204606B0BDE8F08100BF9F
:10EC7000000400480008004838B502200F4D104C31
:10EC8000FFF7B6FF0420FFF7B3FF4FF4807128466B
:10EC900000220AF08DFE002220464FF400510AF0B7
:10ECA00087FE28464FF480710AF008FE20464FF494
:10ECB00000510AF003FE002038BD00BF00040048E8
:10ECC00000080048032810B50ED8012810D868B9EC
:10ECD00002460B484FF480710AF06AFE0022094890
:10ECE0004FF400510AF064FE002010BD0122F0E74D
:10ECF000002203484FF480710AF05AFE0122EEE729
:10ED000000040048000800480220704700207047B7
:10ED100001207047024B9868024BC043186070474F
:10ED200000280040E0020020014B1868704700BF37
:10ED3000E0020020034B044A9B681068DB43181A6A
:10ED4000704700BF00280040E0020020034B187805
:10ED500010B1034B9868C043704700BFDC0200202D
:10ED6000002800400320704708B501464FF47A722E
:10ED70000023C003490CFFF78BFD08BD4FF47A73E5
:10ED8000A0FB0330DB0B43EA4040704710B5074B54
:10ED9000074C0122DA654FF48071204608F004F92F
:10EDA0004FF0FF332363002010BD00BF0028004058
:10EDB000D844002002460021014809F019BB00BFD9
:10EDC000D844002002460121014809F011BB00BFD0
:10EDD000D844002010B58CB02C220021044601A894
:10EDE0001CF0A0FBFFF7D2FF0C4B18680023044473
:10EDF000089306934FF00053E443079308480294A6
:10EE00004FF48073012201A90B9308F0A7FB08B10E
:10EE100002F02EFC00200CB010BD00BFE00200206C
:10EE2000D844002038B50A4B9C68054602210948A1
:10EE300009F0E5FAE343C3F30E024FF47A71A2FB43
:10EE40000121D20BDB0B2A8043EA404038BD00BFD2
:10EE500000280040D84400200148002109F0CFBA22
:10EE6000D84400200148012109F0C9BAD844002043
:10EE7000F8B5114E3578E5B9104C2A4629464FF0C1
:10EE8000FF372846276303F097FDFFF77FFF4FF416
:10EE90008071204608F088F82046276309F062F860
:10EEA00020462A46022109F0A3FAFFF733FF012387
:10EEB00033700020F8BD00BFDC020020D8440020E1
:10EEC000014608B54FF47A720023C003490CFFF7DE
:10EED000DFFC05498A68D2438B68DB439B1A834277
:10EEE00000D308BD00BFF7E70028004006F0F8B8DF
:10EEF00010B5064C0221204609F081FA0221421C7D
:10EF00002046BDE8104009F073BA00BFD844002085
:10EF1000704703F003BD03F006BD7047BFF34F8F8A
:10EF20000549064BCA6802F4E0621343CB60BFF3A5
:10EF30004F8F00BFFDE700BF00ED00E00400FA05C1
:10EF400070B586B01022002102A81CF0EBFA4FF039
:10EF5000B0430E4DDA6C42F00202DA64DB6C03F06F
:10EF600002034FF48056009301A92846009B0196A6
:10EF70000AF0F2FB314628460AF014FD31460446F9
:10EF800028460AF09BFC204606B070BD00040048ED
:10EF900070B50C4606460DF081FD0025043CA9B273
:10EFA0008C4205F1010503D8BDE870400DF094BD19
:10EFB000012231440DF076FDF1E700000EB403B5F7
:10EFC000054A04AB1821019306F0CEF802B05DF8B3
:10EFD00004EB03B0704700BFD0B8030802F0E0BEF6
:10EFE00002F006BF02F07CBF08B503F015F8C0B20E
:10EFF00008BD022808B503D803F014F8002008BDA6
:10F000006FF00600FBE703F019B800B58BB00123E1
:10F0100068468DF800300FF055FF38B99DF80400B0
:10F02000003818BF01200BB05DF804FB0020FAE7A0
:10F0300030B58BB005460C4603F000F830B92146D8
:10F0400028460BB0BDE8304002F0FABE0F2C03D8C2
:10F050006FF006000BB030BDFFF7D7FF044630B9A4
:10F060000146102228461CF05DFA2046F2E70F23E5
:10F0700068468DF800300FF025FF04460028E7D1E0
:10F080000199102228461CF03FFAEEE730B58BB00C
:10F0900005460C4602F0D2FF30B9214628460BB097
:10F0A000BDE8304002F0F4BE032C03D86FF0060038
:10F0B0000BB030BDFFF7A9FF044630B9014604226A
:10F0C00028461CF02FFA2046F2E7072368468DF801
:10F0D00000300FF0F7FE0028E8D1019B1BBA2B602F
:10F0E000E6E702F075BF072801D802F077BF6FF09E
:10F0F0000200704702F07EBF02F082BF30B58BB0D5
:10F1000005460C4602F09AFF30B9214628460BB05E
:10F11000BDE8304002F034BF0F2C03D86FF006007A
:10F120000BB030BDFFF771FF044630B90146102225
:10F1300028461CF0F7F92046F2E70E2368468DF8C2
:10F1400000300FF0BFFE04460028E7D101991022DD
:10F1500028461CF0D9F9EEE730B58BB005460C46D1
:10F1600002F06CFF30B9214628460BB0BDE83040B4
:10F1700002F0DEBE032C03D86FF006000BB030BDEA
:10F18000FFF743FF044630B90146042228461CF02D
:10F19000C9F92046F2E7062368468DF800300FF0E3
:10F1A00091FE04460028E7D104220DEB0201284617
:10F1B0001CF0AAF9EDE7704702F052BF02F062BFFF
:10F1C00008B503F0A5FA003818BF012008BD38B50E
:10F1D0000C46054611F056FC24B12846BDE83840DF
:10F1E00003F08ABA204638BD00B58BB02D2368469F
:10F1F0008DF800300FF066FE9DF804000BB05DF84E
:10F2000004FB02F075BF02F085BF02F0A7BF00B596
:10F210008BB002F013FF01280DD1FFF7F6FE50B1BD
:10F22000272368468DF800300FF04CFE00B9019896
:10F230000BB05DF804FB0BB05DF804EB02F0A0BF6F
:10F2400002F0B0BF02F0C0BF02F0E2BF02F0E6BFC2
:10F250001FB52E238DF8083002F072FD02A915F0BB
:10F26000A6FA05B05DF804FB1FB530238DF8083011
:10F2700002F066FD02A915F09AFA05B05DF804FBEC
:10F2800010B590B0044605A806F01CF9059807A92A
:10F29000123806F0DBF90C9B094903F26C730393F7
:10F2A0000A9B02930B9B01330193079B009320461B
:10F2B000DDE90832FFF782FE002010B010BD00BF6C
:10F2C000D0B8030800B58BB01F2368468DF8003016
:10F2D0000FF0F8FD18B901980BB05DF804FB6FF062
:10F2E0000600F9E700B58BB01F2368468DF80030A3
:10F2F0000FF0E8FD20B99DF808000BB05DF804FBA5
:10F30000F920FAE702F072BF022801D802F074BFB8
:10F310006FF00200704702F08DBF02F091BF02F063
:10F320009BBF02F09FBF02F0A9BF02F0ADBF02F089
:10F33000B7BF02F0BBBF02F0C5BF02F0C9BF02F009
:10F34000D3BF02F0D7BF02F0E1BF02F0E5BF02F089
:10F35000EFBF02F0F3BF00B1012002F0FBBF03F0EA
:10F3600005B802F0EDBC08B502F0EAFC431EDBB2C2
:10F37000012B03D900F0FD00082803D1BDE80840A7
:10F3800003F0ACB86FF0060008BD10B5044615F0E8
:10F3900009FA40B914B1143C022C04D8BDE810405D
:10F3A000002015F0FFB910BD30B58BB00D460446F6
:10F3B00002F0C6FCFFF7E9FFA0B1032368468DF811
:10F3C000003001940FF0CCFE38B101280CBF6FF073
:10F3D00005006FF006000BB030BD2946204602F054
:10F3E000EDFCF8E76FF01000F5E730B58BB00D4697
:10F3F000044602F0A5FCFFF7C8FFE8B10823684601
:10F400008DF8003001940FF0ABFE38B101280CBF2D
:10F410006FF005006FF006000BB030BD09236846A1
:10F420008DF8003001940FF09BFE0028EED12946A4
:10F43000204602F0EBFCEFE76FF01000ECE730B590
:10F440008BB00D46044602F07BFCFFF79EFFD8B15F
:10F4500002F0E2FDC0B201280FD1022368468DF808
:10F46000003001940FF07CFE38B101280CBF6FF022
:10F4700005006FF006000BB030BD294620460BB0EA
:10F48000BDE8304002F03ABD6FF01000F3E730B550
:10F490008BB00C46054602F053FCFFF776FF88B1AF
:10F4A000052368468DF800308DF804500FF058FEA3
:10F4B00003280AD001280BD06CB1284602F0D6FDF3
:10F4C0000BB030BD6FF01000FAE76FF00200F7E705
:10F4D0006FF00500F4E72046F2E730B58BB00C463C
:10F4E000054602F02DFCFFF750FF68B1292368465E
:10F4F0008DF8003001950FF033FE40B954B1284625
:10F5000002F0FCFD0BB030BD6FF01000FAE76FF0B9
:10F510000600F7E72046F5E730B58BB00C46054608
:10F5200002F00EFCFFF731FF68B12A2368468DF820
:10F53000003001950FF014FE40B954B1284602F096
:10F54000EFFD0BB030BD6FF01000FAE76FF0060072
:10F55000F7E72046F5E730B58BB00C46054602F0DC
:10F56000EFFBFFF712FF70B11D2368468DF80030E6
:10F570008DF804500FF0F4FD40B954B1284602F064
:10F58000F3FD0BB030BD6FF01000FAE76FF006002E
:10F59000F7E72046F5E770B58AB00C46054602F05D
:10F5A000CFFBFFF7F2FE00B3272368468DF800304B
:10F5B00001950FF0D5FD18B16FF006000AB070BDCF
:10F5C000282305F57A7668468DF8003001960FF00D
:10F5D000C7FD0028F0D15CB1304602F0E9FD0028FB
:10F5E000ECD1284602F0D2FDE8E76FF01000E5E725
:10F5F0002046E3E770B58AB00C46054602F0A0FB52
:10F60000FFF7C3FE00B3282368468DF8003001954C
:10F610000FF0A6FD18B16FF006000AB070BD2723E9
:10F62000A5F57A7668468DF8003001960FF098FDC2
:10F630000028F0D15CB1304602F0A8FD0028ECD1E2
:10F64000284602F0B5FDE8E76FF01000E5E7204638
:10F65000E3E730B58BB00C46054602F071FBFFF7CF
:10F6600094FE88B11F2368468DF800300FF02AFC05
:10F6700068B9684601950FF073FD58B96CB128461A
:10F6800002F05AFD0BB030BD6FF01000FAE76FF0DA
:10F690000600F7E76FF00200F4E72046F2E770B5E6
:10F6A0008AB00C46054602F04BFBFFF76EFE30B306
:10F6B0001F2668468DF800600FF004FCB8B92123BE
:10F6C00068468DF800308DF808500FF049FD684607
:10F6D0008DF800608DF808500FF042FD28B94CB14C
:10F6E000284602F0F9FC0AB070BD032804D06FF080
:10F6F0000600F8E72046F6E76FF00200F3E76FF048
:10F700001000F0E72DE9F0438BB0342368468DF804
:10F7100000300FF0D7FB019C02F042FE804602F061
:10F7200057FE074602F06EFE064602F085FE0546CD
:10F7300002F09CFE382181464046FFF729FCD8F8AC
:10F740003430984204D13822414620461BF0DCFE7A
:10F7500020213846FFF71CFCFB69984205D1202286
:10F76000394604F138001BF0CFFE4FF4C271304629
:10F77000FFF70EFCD6F88031984206D14FF4C272E2
:10F78000314604F158001BF0BFFE4FF4D0712846FB
:10F79000FFF7FEFBD5F89C31984206D14FF4D072AA
:10F7A000294604F5EE701BF0AFFE002309F10402B8
:10F7B00004F5657459F8231019B152F8231044F870
:10F7C00023100333B3F5907FF4D10BB0BDE8F08381
:10F7D00030B58BB00D46044602F0B2FAFFF7D5FD06
:10F7E000D0B10F2368468DF8003001940FF0B8FCBB
:10F7F00038B101280CBF6FF005006FF006000BB0A8
:10F8000030BD02F07FF802F073F8FFF77BFF294666
:10F81000204602F023FBF2E76FF01000EFE730B56F
:10F820008BB00D46044602F08BFAFFF7AEFDE0B157
:10F8300007238DF80030236868461BBA01930FF048
:10F840008FFC38B101280CBF6FF005006FF0060087
:10F850000BB030BD02F056F802F04AF8FFF752FF45
:10F860002946204602F022FBF2E76FF01000EFE796
:10F8700030B58BB00D46044602F062FAFFF785FD05
:10F8800060B30C2368468DF8003001940FF068FCDB
:10F8900038B101280CBF6FF005006FF006000BB007
:10F8A00030BD0D2368468DF8003001940FF058FCF0
:10F8B0000028EED10E2368468DF8003001940FF039
:10F8C0004FFC0028E5D102F01DF802F011F8FFF717
:10F8D00019FF2946204602F061FBE0E76FF01000B7
:10F8E000DDE7000038B50B4D042455F8043B5BB14F
:10F8F0001B694BB155F8043C9B682BB1984718B174
:10F9000055F8043C1B699847013C14F0FF04ECD106
:10F9100038BD00BFE8020020024A03484FF42571B9
:10F9200001F05CBD2042002000F0030810B590B04B
:10F9300001248DF8044002F0B7FB02238DF8090082
:10F9400001A88DF8083010F005F960B9342306A835
:10F950008DF818300FF0B6FA079B9888FFF7F9FC7E
:10F96000204610B010BD0020FBE708B502F0E8F912
:10F9700028B1A0F11403DBB2022B98BF002008BD10
:10F9800070B592B035238DF8203008A87B4B0993D1
:10F990000FF0E6FB0446002840F0D780FFF7E5FFB4
:10F9A00001AD0528C5E90144019406D102F096FD98
:10F9B000002852D10723ADF80430012308A88DF8A0
:10F9C00020300FF07FFA28B99DF82430012B08BFB2
:10F9D0008DF8240004AC08A80FF0C2FB08212046D3
:10F9E00002F07EFA022308A88DF8203009940FF067
:10F9F000B7FB002840F0B2800821204602F0D0F981
:10FA0000032308A88DF8203009940FF0A9FB0028E3
:10FA100040F0A7801021204602F0EAF9082308A848
:10FA20008DF8203009940FF09BFB002840F09C805B
:10FA3000092308A809948DF820300FF091FB0446A3
:10FA4000002840F0948000F024FA8DF8204002F065
:10FA500019FB78BB8DF8240034E01E2308A88DF82C
:10FA600020300FF02FFA0C26FFF77DFC099A06FBD9
:10FA700004F3D358984219D1012000FA04F4232347
:10FA800008A8ADF804408DF8203009950FF068FB08
:10FA900000285DD1242308A88DF8203009950FF0A7
:10FAA0005FFB002889D06FF003004CE0032C52D09C
:10FAB0000134D9E702F0E6FA0128CBD002F0E2FAED
:10FAC0000228C7D008A80FF04BFB0446002851D1EC
:10FAD00002F0C6FA2146FFF7DAFC02F0F7FA2146F7
:10FAE000FFF7DDFD02F034FB2146FFF7B2FD02F027
:10FAF000FFFA2146FFF7F1FC02F030FB2146FFF749
:10FB00002AFD02F03DFB2146FFF745FD02F000FE15
:10FB100010F0B8FF342308A88DF820300FF0D2F988
:10FB2000099C02F005FCA08002F020FC003818BF00
:10FB30000120302384F8AF018DF8203008A8192364
:10FB400009930FF00DFB12B070BD4FF0FF30FAE7D4
:10FB50006FF00200F7E76FF00100F4E76FF00400C8
:10FB6000F1E76FF00500EEE76FF00600EBE76FF0EE
:10FB70000700E8E76FF00800E5E700BF00040001B8
:10FB800030B58DB00D46044602F08EFA003D18BF28
:10FB900001258DF8160001A960788DF808500FF046
:10FBA00031F9A0B100238DF808300493ADF814307A
:10FBB000092307A88DF81C300FF0CCFF02A810F025
:10FBC0009DFE003818BF012040420DB030BD2378A3
:10FBD0008DF80C306378ADF8143063680493E7E770
:10FBE00084B0F0B58BB010AC84E80F00684D0023F2
:10FBF0008DF803300A4605EB830149688A4200F01C
:10FC0000C4800D33342BF6D1614B00245868E6B222
:10FC1000002840F0AF8010AB4FF4807713F8081B3A
:10FC20008DF87040CDE9022316ABCDE904300229EE
:10FC30004FF6FF7306938DF81C101A9BADF80470F5
:10FC40008DF8066059D163B308939DF86C308DF838
:10FC5000243001A80FF010FE002840F096809DF897
:10FC600006000DF1030207A90FF0C2FE9DF8033054
:10FC700023F003031843C0B2002840F086803422EA
:10FC800010A902FB04501BF03FFC414802F0F6FBB8
:10FC9000002818BF6FF006000BB0BDE8F04004B0BC
:10FCA0007047FFF75EFB0A286FD8DFE800F0060A0E
:10FCB000161A1C1E20220A240A00364B089302231F
:10FCC00002E0354B089308238DF82430089B1A93E3
:10FCD0009DF824308DF86C30BBE7304B089300233F
:10FCE000F2E72F4BFAE72F4BF8E72F4BF6E72F4BB6
:10FCF000F4E72F4BE2E72F4BF0E74BB108939DF869
:10FD00006C308DF82430BDF86E30ADF82630A0E7A9
:10FD1000FFF727FB0A2838D8DFE800F0060A161A92
:10FD20001C1E20220A262800234B0893032302E0EE
:10FD3000194B089308238DF82430089B1A939DF8DB
:10FD400024308DF86C30DEE71C4B08930223F2E779
:10FD50001B4BEAE7134BE8E7134BE6E7194BE4E7E5
:10FD6000134B08930423E6E7174BDEE70A4B08938F
:10FD70000A23E0E70134042C03F134037FF446AF97
:10FD80001248342200211BF0CDFB6FF00F0083E7F7
:10FD9000F802002000EA0637A070083720441E1E33
:10FDA0008068D92E2876E81908E6D333E013F336B5
:10FDB000F080A633E069CD3340F7093720937F1DEB
:10FDC0004026CA2E6063053710D62D05C8030020D3
:10FDD000104A38B5002314465168814213D13425A6
:10FDE00005FB034494F830000FF0C0FD014638B91C
:10FDF0002A4620461BF096FB064802F03FFB08B15E
:10FE00006FF0060038BD0133042B02F13402E3D158
:10FE1000F6E700BFF8020020F0B58FB01B4E054694
:10FE20003422002101A81BF07DFB012386F831302C
:10FE3000022386F86530032386F8993004233422A0
:10FE40000DEB0301284686F8CD301BF04DFB40B981
:10FE50000E49342228461BF057FB6FF00D000FB0FF
:10FE6000F0BD374600243422394628461BF03CFBBF
:10FE700030B9032CF3D0342204FB02213144E9E7EA
:10FE80000134042C07F13407EDD1E1E7F80200203A
:10FE900070472DE9F043BFB002F0ECFAD0220146E2
:10FEA0000AA81BF031FB0AAE4FF000084FF03409EE
:10FEB000736853B908F10108B8F1040F06F134066C
:10FEC000F6D100203FB0BDE8F0833EAB09FB08341B
:10FED000A4F1D007C03C0FCC6D460FC50FCC0FC5A9
:10FEE00023682B6097E80F00FFF77AFE0028E1D027
:10FEF0006FF00600E6E7000038B5094D002405EB79
:10FF00008403586820B90D34342CF8D1002038BD52
:10FF1000FFF75EFF0028F6D06FF00600F7E700BF9E
:10FF2000F8020020024B1B68DB6A03B118477047D8
:10FF3000CC03002070B5114E042456F8045B2DB993
:10FF4000013C14F0FF04F8D1204670BD00F082FAA5
:10FF50008542F5D156F8045C00F02CFD8542EFD1C6
:10FF600056F8045C00F04AFF8542E9D156F8043C9B
:10FF7000DB6898470028E3D0E7E700BFD003002004
:10FF8000024B1960024B1860704700BFE00300206D
:10FF9000CC03002008B50EF049F918B9BDE80840B7
:10FFA000FFF7C8BF08BD00007FB51048104B0068C0
:10FFB0001978C0788DF8090001228DF8042081B1EC
:10FFC00002218DF808101A7001A80FF0C3FD094B2B
:10FFD0001B68DB6913B1059A01A9984707B05DF862
:10FFE00004FB8DF808201970EEE700BFE003002045
:10FFF00000000020CC03002000B58BB00123684630
:020000040802F0
:100000008DF800300EF05EFF38B99DF8040000381E
:1000100018BF01200BB05DF804FB0020FAE70000D8
:1000200010B586B0092301A88DF804300FF092FDB9
:10003000064B1B68DB69044613B1059A01A9984772
:10004000201E18BF0120404206B010BDCC03002086
:1000500010B588B00C2300F007008DF810000DEBF0
:1000600003008DF80C300FF075FD0B4B1B68DB693E
:10007000044613B1079A03A9984754B9074B029451
:100080001B68ADF80440997801A8FFF779FD08B026
:1000900010BD4FF0FF30FAE7CC030020E003002052
:1000A00070B58AB00546002668468DF800600EF0EF
:1000B00009FF9DF80440AC4224D0012D0FD0022D41
:1000C00011D0FDB944B168468DF804500FF048F8DE
:1000D0000446A0B14FF0FF3420460AB070BDFFF7D0
:1000E0009FFF0446F8E7003C18BF012468466442BD
:1000F0008DF804500FF034F80028EBD12846FFF7B4
:1001000011FFE9E73446E7E700B58BB00023684606
:100110008DF800300EF0D6FE9DF804000BB05DF8AF
:1001200004FB00B58BB02D2368468DF800300EF02F
:10013000C9FE9DF904000BB05DF804FB014B1B6880
:1001400018787047E003002000B58BB03023019091
:1001500068468DF800300FF003F8003818BF012012
:1001600040420BB05DF804FB034B53F82030986815
:1001700000B10047704700BFD0030020F8B50E4F14
:1001800006460C46042557F8043B4BB1032E07D80E
:10019000DFE806F0020B0D0F5B690BB120469847B4
:1001A000013D15F0FF05EED1F8BD9B69F5E7DB6970
:1001B000F3E71B6AF1E700BFD003002038B50B4D11
:1001C000002455F8043BE4B24BB11B693BB1204617
:1001D000FFF7CAFF18B155F8043C1B699847013472
:1001E000E3B2042B64B2ECD138BD00BFD0030020D1
:1001F000114B1B6E13B503B198470FF0BFFD0F4BAA
:100200001B681B6913B1002101209847FFF7D6FF37
:10021000FFF790FE68B90A4C237853B1094B01905F
:100220001B68ADF8000099786846FFF7A9FC00B993
:10023000207002B010BD00BFD0B90308CC0300206D
:10024000C8030020E0030020022810B504460BD0AC
:1002500003280CD001280DD100F0FCF850B1074B59
:1002600043F82400002010BD00F0A4FBF6E700F0E6
:10027000C5FDF3E74FF0FF30F5E700BFD0030020E6
:10028000054B31B19A70012259601A7000225A70E0
:1002900070471970FAE700BFE4030020014B18789B
:1002A000704700BFE4030020014B5878704700BF3F
:1002B000E40300202DE9F74FC378CA2B074600F06E
:1002C000948003B0BDE8F08FB968C85C5A1CD2B204
:1002D00003280FD8DFE800F002105F817168002367
:1002E0000B55601CA31CDBB2C0B201250D540334B6
:1002F000CD54E4B292463BE000207073387F03F1A6
:10030000060A5FFA8AFA002832D1581DC0B2357A3F
:10031000085C05F00F0500F00F00854228D18D5CC8
:100320009A1CD2B2EB468A5C05EB0225DA1CD2B2EB
:100330000433DBB28A5CCB5C05EB0245584605EB27
:10034000036505F0BFF8009B2B4400939BE8030076
:1003500005F090F8337AC3F30302013262F303032A
:100360003372D9F834301BB10135022D00D89847CB
:1003700053463A7B9A42A7D8002CA2D0CA238DF8C4
:1003800000301E4B8DF801405B68019300216846E8
:10039000FFF7F6FB95E7726802335FFA83FA0223F0
:1003A0001355631CDBB20121D154684605F08AF86D
:1003B000009A7368A11CC9B242445A54E11CC9B2E4
:1003C000100A5854611D201DC9B2C0B2150C063464
:1003D000120E1D54E4B25A54CAE702335FFA83FA8C
:1003E0008B5C03F007037373C2E70024034EDFF84E
:1003F0001080DFF810902346BBE700BFE403002025
:1004000080C22AED2000002010B5114C637A8AB01A
:10041000E3B105238DF800306846A37A8DF80430E7
:100420000EF09EFE25238DF800306846E37A8DF8A5
:1004300004300EF095FE2D238DF800306846237BA6
:100440008DF804300EF08CFE002363720AB010BDEC
:10045000E4030020004870472000002030B58DB034
:10046000FFF798FD00284BD1274C657A3DBB05234B
:1004700002A88DF808300EF025FD9DF80C30A3720F
:1004800002A88DF80C500EF06BFE252302A88DF803
:1004900008300EF017FD9DF80C30E37202A801231E
:1004A0008DF80C300EF05CFE2D2302A88DF808307C
:1004B0000EF008FD9DF80C302373FFF7B1FD684680
:1004C00005F000F8009A114B13446268180A537043
:1004D0009070180C1B0E1371237AD07001216FF3EA
:1004E0000413117053712372617240F2CA630021C8
:1004F00002A8ADF808300392FFF742FB0DB030BD03
:100500004FF0FF30FAE700BFE403002080C22AED7D
:1005100010B5054C637B2BB1FFF7A0FF10B9637BCF
:10052000013B637310BD00BFE4030020014B18784A
:10053000704700BFF4030020014B5878704700BF9C
:10054000F403002037B5104CD9B125786160E27012
:100550008DB9012323702A460C4B0D4800954FF0AE
:10056000FF3104F073FC0B4B0B4800952A464FF00B
:10057000FF3104F06BFC094A00236370136003B081
:1005800030BD2170F7E700BFF4030020C105020869
:10059000DC040020A1050208F40400200C05002062
:1005A00008B5054804F072FC10B1034804F0DEFC05
:1005B000024B02229A7008BDF4040020F4030020CC
:1005C00010B5084804F062FC10B1064804F0CEFCF7
:1005D000054B064C01229A70236803B1984700230B
:1005E000236010BDDC040020F40300200C05002073
:1005F0002DE9F04FC378C82B91B0054600F0A881D3
:1006000011B0BDE8F08FAA68D15C5E1CF6B2042977
:1006100014D8DFE811F0050013002600D500F5001E
:10062000D8F804200023611C1355C9B2A31CDBB207
:100630000220505401210334D154E4B233462A7BC2
:100640009A42E0D8002CDBD0C8238DF81C30BC4B7C
:100650008DF81D405B680893002107A8FFF790FA0A
:10066000CEE712F80690DFF8DCB24FF0380A0AFB4A
:1006700009F2991C0BF802900BEB0200C9B2AA68B0
:10068000575C4760D91CAA68C9B25E1D525C07EB73
:1006900002274760191DAA68C9B2F6B2525C07EB7F
:1006A00002474760A968895D07EB016700F1080A06
:1006B0009A1D476003F11600D2B25646C0B2A9682F
:1006C00094460132D2B211F80C1006F8011B824296
:1006D000F5D1A968885C382202FB09F90BEB090205
:1006E00003F117069061A968F6B2895D00EB01205D
:1006F000906103F11806A968F6B2895D00EB01402C
:10070000906103F11906A968F6B2895D00EB0161F9
:10071000916103F11A000091C0B2A968095CD1612E
:1007200003F11B06A868F6B2805D01EB0021D161E0
:1007300003F11C06A868F6B2805D01EB0041D161AF
:1007400003F11E061D33A868DBB2F6B2C35C01EBF1
:100750000363D3610021242207A801931AF0E2FE6B
:100760001BF80900009B0B9340F20112019BADF8AE
:100770001C20C0F3010200F003008DF81E200C9332
:10078000CDE9087A0FF0F2F807A80FF075F8D8F85D
:10079000041002220A55631C1444021E1BF80900AF
:1007A000DBB218BF0122C0F3010040EA8200C85446
:1007B000092302A8E4B28DF808300FF0CBF93DE729
:1007C000965D0233DFB2D8F8043006F00306032248
:1007D00004F101091A5530465FFA89F90FF0C6F89D
:1007E00030B130460FF0C2F8162818BF46F00406A4
:1007F000D8F80430023403F80960E4B23E461DE73D
:100800004FF000098DF80890905DDFF838C100F0D6
:100810000300382101FB00C7022287F82C209E1814
:10082000F6B2AA68965D7E6203F1030EAA685FFACB
:100830008EFE394612F80E2006EB02267E6203F188
:10084000040EAA685FFA8EFE2C3112F80E2006EB19
:1008500002467E6203F1050EAA685FFA8EFE12F868
:100860000E20DFF8E4E00EEB026216447E629E1D6D
:10087000AA68F6B203F1080E925D02F00F0287F843
:100880002820DE1DAA68F6B25FFA8EFE965D3E63F2
:10089000AA6812F80E2046EA02263E6303F1090E0A
:1008A000AA685FFA8EFE12F80E2046EA024664221B
:1008B00056433E6303F10B060A33AA68DBB2F6B275
:1008C000D35C87F8343002AA0FF092F88246A0BBBE
:1008D00007A804F0F7FD7F6A079BFF1A4F4524DD48
:1008E0007B1E4FF47A715943184804F0E1FB174816
:1008F00004F08CFB0120D8F8043004221A55621C45
:10090000D2B29DF808C003F802C0A11CC9B250B110
:10091000E21CD2B25F5439129954611D0434E4B21E
:100920003F141F55C9B20C4688E69DF8083043F0C5
:1009300010038DF808305046DDE748464F46DAE7A9
:10094000F4030020FC030020803DD512DC040020CD
:100950000024DFF80880234671E600BFF40300207E
:1009600037B501A8FEF7D5FA0F4B9D78002401A8F2
:100970009C70FEF7D0FA012D03D0022D11D003B0E8
:1009800030BD0A4B0A4893F828304FF47A719940E9
:1009900004F08EFB064804F039FB0220FFF780FBD1
:1009A000EDE72046FAE700BFF4030020FC03002037
:1009B000F4040020004870475800002007B54FF0AD
:1009C000FF3301A90848019304F08CFA074B019802
:1009D0009B6A984742F20F7398428CBF0020012017
:1009E00003B05DF804FB00BFDC040020A4B80308DA
:1009F000014B1860704700BF0C050020014B1878B0
:100A0000704700BF94050020014B5878704700BF25
:100A10009405002037B50E4D0E4CA0B199B1E2708F
:100A200022782860616052B9012323700A4B0B4879
:100A30001A604FF0FF310A4B009204F007FA0023CE
:100A4000637003B030BD00232B602370F7E700BF55
:100A50009005002094050020A005002078050020C6
:100A6000650A020808B5054804F010FA10B10348F9
:100A700004F07CFA024B02229A7008BD780500202F
:100A8000940500202DE9F04FC378C92B91B007469B
:100A900027D10023DFF8608201931E461C463A7B73
:100AA0009A4221D8ECB1954D8DF829406B680B9393
:100AB000C9238DF828300AAC002E00F06F814FF466
:100AC0007A7100200BF09CFF019B8D4A043300FAE1
:100AD00003F394E8030013608A4B83E803000123C7
:100AE000AB7011B0BDE8F08FB968CA5C5D1CEDB2A7
:100AF000082A1BD8DFE812F009001C005900E000AA
:100B00001A001A001A001A000A01BB78012B0DD036
:100B10007A4B5A68611C00231355C9B2A31C0320E9
:100B2000DBB2505401210444D154E4B22B46B6E761
:100B300011F805B0023308A84FEA5B054FF0180A18
:100B40005FFA83F90AFB058A00F026FC08980999E8
:100B50000AF10C031BF0010F03C302D1BAF80E30E7
:100B60000BB3664B5A6801261823165503FB058301
:100B7000A119C9B2988950549989A01CC0B2C1F377
:100B8000052141EA85111154E01CC0B2DD891554DC
:100B9000211D987CC9B2304050545B79053403F074
:100BA0000703E4B201934D46C0E7BA78012ABDD0ED
:100BB0004A5D8DF82920DA1CD2B203F10B05885C5E
:100BC0009A1CD2B2EDB28E5C46EA0026981DC0B2E5
:100BD0001A1D085C0290D81DC0B2D2B2085C039006
:100BE00003F1080011F80290C0B25A1DD2B2085C9D
:100BF0008A5C049003F109000A33DBB2C0B212F040
:100C0000380F11F803B0085C059014BF01230023CE
:100C1000B6F57A6F42D943F002039DF829C0CCF3B0
:100C2000011C43EA8C1A1B072CD101238DF82830B4
:100C30008DF82D20029B059A8DF82E304FEA0B631C
:100C400003EB0243039AADF82A601344049A8DF82B
:100C50002C9003EB02230C934FF0FF330F930DF115
:100C6000280E182303FB0C8CBEE80F00ACE80F0025
:100C70009EE80300244B8CE803001A68494630467E
:100C800000F0B4F91D4B5A68631CDBB20221115508
:100C90000C4402F803A0E4B2002647E7B9F1C80FFC
:100CA000B9D8CDE9062300F0CFF909FB06F181425E
:100CB000DDE90623AFD8B0E7BA78012A3FF436AFB2
:100CC0004A5D182102F003025143023318F8010073
:100CD000DBB260B942F0040208494868611C032590
:100CE000C9B2055502344254E4B21D46D4E700208F
:100CF00008F80100F0E700BF180500209405002067
:100D0000A0050020100500209005002003F1030A33
:100D10000233DBB2485D11F80390182540EA092040
:100D20004FEA991905FB09855FFA8AFA6B69013365
:100D300019D15144C0F30D0000F08AF9686108A888
:100D400000F02AFB0898099905F10C0303C3164B20
:100D50001B68D3F808B0BBF1000F04D0EB892A79E7
:100D60006988A889D847182303FB09835A69002A90
:100D70000CDB0D4A6FF0010012685861D2682AB18D
:100D800059881D799B796943C91A9047182303FB39
:100D9000098999F804505544EDB2C7E6314620461A
:100DA000FEF7EEFE9DE600BF9005002037B501A8D6
:100DB000FEF7AFF80D4B9D78002401A89C70FEF75C
:100DC000AAF8012D03D0022D0AD003B030BD084B84
:100DD0000848196804F06CF9064804F017F9F4E7BC
:100DE00021460548FEF7CCFEEFE700BF9405002042
:100DF000A00500207805002010050020004870475D
:100E00009000002030B40B460649096839B10D68DE
:100E10002DB1014602FB03F02B4630BC184730BC15
:100E2000704700BFA405002030B40B46064909688E
:100E300039B14D682DB1014602FB03F02B4630BCA1
:100E4000184730BC704700BFA4050020C308C0434A
:100E5000CB5C00F0070043FA00F000F0010070479F
:100E6000C34303F00703C00810B502FA03F40122DC
:100E700002FA03F30A5C22EA030222440A5410BD78
:100E800010B501390244904200D110BD037811F829
:100E9000014F634000F8013BF5E7F8B505460F4602
:100EA00096B20024B44200D1F8BD29462046FFF78F
:100EB000CDFF394602462046FFF7C8FF4240D2B276
:100EC000204629460134FFF7CBFFA4B2EAE7000031
:100ED000F0B5164D05F50056A988B6F87274B6F847
:100EE00070243C464FF0000C431E05F5A465A34258
:100EF00011DCFB430344874228BF00233B44BCF181
:100F0000000F01D0A6F870249942DCBF481C80B2C3
:100F1000A6F87204F0BDA142C1BF013292B225F819
:100F200014204FF0010C0134E1E700BFA4050020BC
:100F300030B5094B00229C88411C03F5A46390B294
:100F4000844201D8002005E033F8025B8D4202F1B3
:100F50000102F4D130BD00BFA40500202DE9F84303
:100F6000804616460D4611B34B1E4B4301FB02F45F
:100F7000A4EB6304634203F007034FEAE4074FF076
:100F8000000904F0070458BF5C421FFA89F00022F0
:100F9000414609F10109FFF763FF1FFA89F39D42FA
:100FA000F3D8DFF83890B54204D3BDE8F8830C4697
:100FB0000F46F6E709EB070328461A7BC4F107033F
:100FC0001A41013402F001024146FFF749FF0135A1
:100FD000082C04BF01370024ADB2E4E7A4050020CB
:100FE000014B1860704700BFA4050020134B997196
:100FF00003F500511A600022C1F870249A609880AD
:1010000003F5A46201214FF47A63013B9BB222F8FD
:10101000021B002BF9D10A4A194601330D2B02F8A5
:10102000011BFAD1074A0023FF2040F2145101337B
:101030008B4202F8010BFAD1704700BFA4050020D3
:10104000042A0020B00500200048704700350C003D
:101050002DE9F04FADF5397D044640F2F5123AA87E
:10106000B64E884600210BF0ECFCC822002108A8EF
:101070000BF0E7FC06F500570D22002168460BF047
:10108000E0FC0D22002104A80BF0DBFCB7F8723461
:10109000A7F86E44A34205D94FF0FF300DF5397D16
:1010A000BDE8F08FB388A34217D3611EB27989B22D
:1010B0004046FFF7A7FE04F28F23002226F81320F4
:1010C0002046FFF705FFB7F87034002BE4D1B08855
:1010D000001B18BF4FF0FF30E0E7B7F87034642B07
:1010E00004D9012387F874340020D7E72046FFF79E
:1010F000EFFEB6F804900023A4EB09041D4601217D
:1011000001FA03F202EA0902DA4001331544202B06
:10111000EDB2F5D16B1E5D4240F2E93000FB04F404
:101120005D41002301344FEAE9013AAA1846013330
:101130008B4202F8010BFADD4FEA690B4FF0000A0F
:101140004D44DA450ED10024DFF8F4A1A146B3885E
:10115000A3421CDCB7F87054002294B2A54239D8DF
:1011600000243FE084EA64139B0503F4800303EB4F
:10117000640494FBF5F005FB10408145F2DD01228B
:101180003AA980B2FFF76CFE0AF1010AD9E71FFA0B
:1011900084FB3AA95846FFF759FE012805460FD1AE
:1011A0003AF8142072B95846FFF75AFEB2795946F8
:1011B00008A8FFF739FEB27908A94046FFF760FE9C
:1011C0000134C4E7501E69462A4680B2FFF748FE44
:1011D000A946F5E769462046FFF738FE012802F1E7
:1011E0000102BAD1B9F1000F3FF456AF554D29466F
:1011F0002046FFF72BFE0128B7F8702404D0002CFE
:101200005DD12546A24669E0214604A8FFF7A6FE67
:10121000B7F8702404A96846FFF73FFE2046FFF7A1
:1012200087FEB279014608A8FFF7FEFDB27908A94A
:101230004046FFF725FEB7F87094002290B2814532
:1012400027D8B7F87034B4689C427FF425AF012CDE
:1012500020467FF623AF394F023C07F500551FFAB1
:1012600084FB5846FFF764FEBA790146814608A818
:10127000FFF7DAFDB5F87064013EA64264DCBA7986
:10128000494608A8FFF7BEFD013CE8D2B5F8700456
:1012900004E76946FFF7DAFD012802F10102CDD12A
:1012A000002207E069462046FFF7D0FD012802F141
:1012B00001029CD094B2A145F4D8002497E7631EA4
:1012C000634304FB02F5A5EB63056B4203F00703E0
:1012D0004FEAE50A05F0070558BF5D42A1464FF009
:1012E000010B18E069464846FFF7B0FD48B906EB28
:1012F0000A03C5F107010BFA01F0197B21EA00018D
:1013000019730135082D09F1010904BF0AF1010A19
:1013100000251FFA89F99145E4D32046FFF708FE1E
:10132000B27901464046FFF76DFD0649012220468D
:10133000FFF796FDB3680133B36082E7A405002090
:10134000C40A0020042A0020B5F87024594604A8D5
:101350001FFA86FAFFF702FE51466846B5F8702478
:10136000FFF7FCFD04A95046FFF770FD012883D16B
:10137000B5F87024694604A8FFF78FFD5046FFF7C3
:10138000D7FDBA7901464046FFF74EFDBA7941468E
:1013900008A8FFF775FD6FE70349D1F86E240260D6
:1013A000D1F8722442607047A425002010B5044C87
:1013B00023781BB901F036FA0123237010BD00BF5A
:1013C000203A002010B5044C23781BB101F02BFA11
:1013D0000023237010BD00BF203A00202DE9F04FFC
:1013E00087B083460E46154601F070FAB0F5805F6F
:1013F000044659D8BBFBF0F800FB08F8ABEB080338
:1014000001933344B3FBF0F200FB123109B102FB4C
:101410000003A4EB0B02DFF898A00492019AB3FB3F
:10142000F4F3C14603933746002302EB0A0B039AF9
:101430009A4203D1002007B0BDE8F08F22461C4934
:101440000293484601F012FA029B5A1C0292CBB951
:10145000049B03EB0802B2420CD22846594605927F
:101460001AF052F8019B059A1B1B15441F44029B5E
:10147000A144DCE72846324659461AF045F835447F
:10148000BF1BF4E7DDE90232934205D33A465146E9
:1014900028461AF039F8EAE72846224651461AF05B
:1014A00033F825443F1BE2E76FF00800C3E700BFB5
:1014B000202A00202DE9F84F00AF81460C469246C5
:1014C00001F004FAADF5806D6E464FEA90284FF0BA
:1014D000000B5FFA8BF1884501D8012021E0B4F5BB
:1014E000806F09EB81200AEB812532460ED34FF441
:1014F0008061FFF773FF4FF480622946304619F090
:10150000F3FF0BF1010B78B100200AE02146FFF751
:1015100065FF22462946304619F0E6FFB0FA80F012
:101520004009BD46BDE8F88FA4F58064D1E700000E
:101530002DE9F04F87B083460D46144601F0C6F9F9
:10154000B0F5805F074670D8224629465846FFF717
:10155000B1FF18B1002007B0BDE8F08FBBFBF7F872
:1015600007FB08F8ABEB08035A19B2FBF7F107FBCE
:101570001120029308B101FB0772B2FBF7F303934A
:1015800000230193A7EB0B03DFF8A4A00493029BB5
:10159000C1462E4603EB0A0B039B019A9342D9D016
:1015A00023493A46484601F061F9019BF3B9049B8F
:1015B00003EB0802AA4211D221465846059219F0BF
:1015C000A3FF059A029B1444DA1B16443946484689
:1015D00001F054F9E8B16FF00600BCE721462A4655
:1015E000584619F091FF2C44761BEFE7019B5A1CDB
:1015F000039B9A4205D332462146504619F084FF98
:10160000E4E721463A46504619F07EFF3C44F61B7B
:10161000DCE748463A46514601F006F9B94400284D
:10162000D9D1019B01330193B6E76FF0080092E72F
:10163000202A002038B505460C4601F047F9AB07D3
:101640000AD1B4FBF0F300FB134040B92146284611
:10165000BDE8384001F012B96FF0090038BD6FF0F5
:101660000A00FBE701F032B901F033B9FEE7FEE70B
:10167000BFF34F8F0549064BCA6802F4E06213437B
:10168000CB60BFF34F8F00BFFDE700BF00ED00E070
:101690000400FA057047000010B54FF0B0434FF05A
:1016A000B0401A682449120754BFD3F894301B681D
:1016B000224A54BFC3F30323C3F3031352F8234056
:1016C000826802F00C02082A12D00C2A12D0042AD6
:1016D00030D11B4B0B604FF0B0431A489A680B682F
:1016E000C2F3031250F82220B3FBF2F30B6010BDDB
:1016F000154BEFE7C268C36802F00302C3F302139D
:10170000022A03F1010304D0032A11D0B4FBF3F33E
:1017100002E00B4AB2FBF3F34FF0B040C268C0687E
:10172000C2F306225343420F0132B3FBF2F3D1E777
:10173000054AEFE70C60CEE7C800002054B9030863
:101740000024F400F4B803080048E80170470000E2
:1017500010B5044690B03822002102A819F0E2FE2C
:101760002268194B9A422CD14FF48033029302A87D
:101770004FF480730F9305F001F808B1FFF778FF7D
:101780004FF0B0430220D3F8902042F40042C3F857
:1017900090209A6D42F480629A659B6D002203F45A
:1017A000806311460193019B01F038FB022001F098
:1017B00067FB00222A20114601F030FB2A2001F0AD
:1017C0005FFB10B010BD00BF0028004008B50C4BF7
:1017D00002689A4213D14FF0B0430220D3F8902010
:1017E00022F40042C3F890209A6D22F480629A6538
:1017F00001F054FBBDE808402A2001F04FBB08BDB2
:10180000002800400368104A934282B00CD14FF088
:10181000B0431A6E42F400621A661B6E03F4006352
:101820000093009B02B07047B3F1804FFAD14FF0A4
:10183000B0439A6D42F001029A659B6D03F001037B
:101840000193019BEEE700BF002C014003680A4AA8
:10185000934206D14FF0B042136E23F40063136637
:101860007047B3F1804F01BF4FF0B042936D23F04A
:1018700001039365704700BF002C014007B50E4B74
:1018800002689A4215D14FF0B04333201A6D42F4EA
:1018900000321A651B6D002203F4003301931146D8
:1018A000019B01F0BBFA332003B05DF804EB01F0BB
:1018B000E7BA03B05DF804FB001800580268064B55
:1018C0009A4208D14FF0B0423320136D23F4003315
:1018D000136501F0E3BA704700180058024A034844
:1018E0004FF42571FFF724BE2042002000F00308CA
:1018F000024A034840F2FC71FFF71ABE243A002066
:1019000000D00308024840F2FC72002119F00ABE20
:10191000243A0020024B034493F8BC01704700BFF7
:1019200020420020044A104480F8BC1103484FF4C0
:101930002571FFF7FDBD00BF2042002000F0030825
:10194000082908B508D90649092219F0DDFDBDE8C6
:1019500008400348FCF754BB6FF0080008BD00BF07
:10196000E9430020082938B505460C4611D809225C
:101970000021094819F0D6FD22462946064819F0EB
:10198000C3FDBDE83840054A05484FF42571FFF70F
:10199000CFBD6FF0020038BDE94300202042002097
:1019A00000F00308014BD3F8D40170472042002017
:1019B000034A4FF42571C2F8D4010248FFF7B8BDBD
:1019C0002042002000F00308014B93F8700270479A
:1019D00020420020054A08B54FF4257182F87002B4
:1019E0000348FFF7A5FDC0B208BD00BF204200209C
:1019F00000F003081F2908B505D90449202219F071
:101A000083FD002008BDF720FCE700BF1B44002039
:101A100038B54B1E1F2B04460D461AD80346014409
:101A20008B4211D1202200210B4819F07BFD2A4660
:101A30002146094819F068FDBDE83840074A0848C2
:101A40004FF42571FFF774BD13F8012B203A5E2A7D
:101A5000E6D96FF0020038BD1B4400202042002070
:101A600000F003081F2908B505D90449202219F000
:101A70004BFD002008BDF720FCE700BF3B440020E1
:101A800038B54B1E1F2B04460D461AD80346014499
:101A90008B4211D1202200210B4819F043FD2A4628
:101AA0002146094819F030FDBDE83840074A08488A
:101AB0004FF42571FFF73CBD13F8012B203A5E2A45
:101AC000E6D96FF0020038BD3B44002020420020E0
:101AD00000F003081F2908B505D90449202219F090
:101AE00013FD002008BDF720FCE700BF5B44002089
:101AF00038B54B1E1F2B04460D461AD80346014429
:101B00008B4211D1202200210B4819F00BFD2A46EF
:101B10002146094819F0F8FCBDE83840074A084852
:101B20004FF42571FFF704BD13F8012B203A5E2A0C
:101B3000E6D96FF0020038BD5B440020204200204F
:101B400000F00308B0F5006F0B4611460AD8C0F547
:101B500000628A4206D300F100601A4600F5723036
:101B6000FFF7E6BC6FF002007047B0F5006F0B4660
:101B700011460AD8C0F500628A4206D300F100601F
:101B80001A4600F57230FFF729BC6FF0020070476B
:101B9000014BD3F8B401704720420020034A4FF4B0
:101BA0002571C2F8B4010248FFF7C2BC20420020F0
:101BB00000F00308014BD3F8B80170472042002021
:101BC000034A4FF42571C2F8B8010248FFF7B0BCD0
:101BD0002042002000F00308024B034493F8BF01A9
:101BE000704700BF20420020044A104480F8BF1113
:101BF00003484FF42571FFF79BBC00BF2042002033
:101C000000F00308014BD3F8C401704720420020C4
:101C1000034A4FF42571C2F8C4010248FFF788BC9B
:101C20002042002000F003080F2908B505D9044917
:101C3000102219F069FC002008BD6FF00800FBE7D6
:101C40000A440020102938B504460D461BD804D09C
:101C50000E481022002119F065FC234629198B42F9
:101C60000CD12A462146094819F04EFCBDE83840FF
:101C7000074A08484FF42571FFF75ABC13F8012BA7
:101C8000203A5E2AEBD96FF0020038BD0A440020EA
:101C90002042002000F00308112908B505D90449A5
:101CA000122219F031FC002008BD6FF00800FBE79C
:101CB000F8430020122938B505460C4612D804D046
:101CC0000A481222002119F02DFC22462946074815
:101CD00019F01AFCBDE83840054A06484FF4257152
:101CE000FFF726BC6FF0020038BD00BFF8430020AC
:101CF0002042002000F00308014B93F8C801704710
:101D000020420020034A4FF4257182F8C80102489E
:101D1000FFF70EBC2042002000F00308034A4FF4F6
:101D2000257182F8FA010248FFF702BC2042002028
:101D300000F00308014B93F8FA017047204200209D
:101D4000014B93F83000704720420020034A4FF4C3
:101D5000257182F830000248FFF7EABB20420020DC
:101D600000F0030808B503490C2219F0CDFB002050
:101D700008BD00BFC242002010B5074C01460C222E
:101D800004F1A20019F0C0FB22460448BDE810404F
:101D90004FF42571FFF7CCBB2042002000F0030870
:101DA000072908B505D90449082219F0ADFB002020
:101DB00008BD6FF00800FBE759420020082908B56C
:101DC0000A460BD10146074819F09EFBBDE80840C2
:101DD000054A06484FF42571FFF7AABB6FF00200D1
:101DE00008BD00BF594200202042002000F0030837
:101DF0000F2908B505D90449102219F085FB0020E8
:101E000008BD6FF00800FBE761420020102908B50B
:101E10000A460BD10146074819F076FBBDE8084099
:101E2000054A06484FF42571FFF782BB6FF00200A8
:101E300008BD00BF614200202042002000F00308DE
:101E40000F2908B505D90449102219F05DFB0020BF
:101E500008BD6FF00800FBE771420020102908B5AB
:101E60000A460BD10146074819F04EFBBDE8084071
:101E7000054A06484FF42571FFF75ABB6FF0020080
:101E800008BD00BF714200202042002000F003087E
:101E9000032908B505D90449042219F035FB0020AF
:101EA00008BD6FF00800FBE781420020042908B557
:101EB0000A460BD10146074819F026FBBDE8084049
:101EC000054A06484FF42571FFF732BB6FF0020058
:101ED00008BD00BF814200202042002000F003081E
:101EE000072908B505D90449082219F00DFB00207F
:101EF00008BD6FF00800FBE751420020082908B533
:101F00000A460BD10146074819F0FEFABDE8084021
:101F1000054A06484FF42571FFF70ABB6FF002002F
:101F200008BD00BF514200202042002000F00308FD
:101F3000032908B505D90449042219F0E5FA00205F
:101F400008BD6FF00800FBE785420020042908B5B2
:101F50000A460BD10146074819F0D6FABDE80840F9
:101F6000054A06484FF42571FFF7E2BA6FF0020008
:101F700008BD00BF854200202042002000F0030879
:101F80000F2908B505D90449102219F0BDFA00201F
:101F900008BD6FF00800FBE789420020102908B552
:101FA0000A460BD10146074819F0AEFABDE80840D1
:101FB000054A06484FF42571FFF7BABA6FF00200E0
:101FC00008BD00BF894200202042002000F0030825
:101FD000014B93F8B100704720420020034A4FF4B0
:101FE000257182F8B1000248FFF7A2BA2042002012
:101FF00000F00308014B93F8B00070472042002026
:10200000034A4FF4257182F8B0000248FFF790BAF6
:102010002042002000F00308014B187A704700BFEF
:1020200020420020034A4FF4257110720248FFF746
:102030007FBA00BF2042002000F00308014B93F854
:10204000AE00704720420020034A4FF4257182F809
:10205000AE000248FFF76CBA2042002000F00308EF
:10206000014B93F8B400704720420020034A4FF41C
:10207000257182F8B4000248FFF75ABA20420020C6
:1020800000F00308014B93F8AF0070472042002096
:10209000034A4FF4257182F8AF000248FFF748BAAF
:1020A0002042002000F00308014B93F8B200704773
:1020B00020420020034A4FF4257182F8B200024802
:1020C000FFF736BA2042002000F00308014B93F8D6
:1020D000B300704720420020034A4FF4257182F874
:1020E000B3000248FFF724BA2042002000F00308A2
:1020F000014BD3F8B800704720420020034A4FF448
:102100002571C2F8B8000248FFF712BA2042002039
:1021100000F00308014BD3F8BC00704720420020B8
:10212000034A4FF42571C2F8BC000248FFF700BA19
:102130002042002000F00308034A4FF42571C2F842
:10214000C8000248FFF7F4B92042002000F003085D
:10215000014BD3F8C800704720420020014B93F890
:10216000CC00704720420020034A4FF4257182F8CA
:10217000CC000248FFF7DCB92042002000F0030841
:10218000014BD3F8C000704720420020034A4FF4AF
:102190002571C2F8C0000248FFF7CAB920420020EA
:1021A00000F00308014BD3F8C40070472042002020
:1021B000034A4FF42571C2F8C4000248FFF7B8B9CA
:1021C0002042002000F00308014B93F8B50070474F
:1021D00020420020034A4FF4257182F8B5000248DE
:1021E000FFF7A6B92042002000F00308014B93F846
:1021F000CD00704720420020034A4FF4257182F839
:10220000CD000248FFF794B92042002000F00308F7
:10221000014B93F8CE00704720420020034A4FF450
:10222000257182F8CE000248FFF782B920420020D3
:1022300000F00308014B93F8CF00704720420020C4
:10224000034A4FF4257182F8CF000248FFF770B9B6
:102250002042002000F00308014B93F8D0007047A3
:1022600020420020034A4FF4257182F8D000024832
:10227000FFF75EB92042002000F00308014BD3F8BD
:10228000D400704720420020034A4FF42571C2F861
:10229000D4000248FFF74CB92042002000F00308A8
:1022A000014BD3F8D800704720420020034A4FF476
:1022B0002571C2F8D8000248FFF73AB92042002041
:1022C00000F00308014B93F8680270472042002099
:1022D000034A4FF4257182F868020248FFF728B9D3
:1022E0002042002000F00308014BB3F96A02704756
:1022F00020420020034A4FF42571A2F86A020248E6
:10230000FFF716B92042002000F00308014BD3F874
:102310006C02704720420020034A4FF42571C2F836
:102320006C020248FFF704B92042002000F00308C5
:10233000014B9888704700BF243A0020034A40F2BE
:10234000FC7190800248FFF7F3B800BF243A0020E8
:1023500000D00308034A4FF4257182F89302024823
:10236000FFF7E6B82042002000F00308014B93F885
:10237000930270472042002008B5014638220548E4
:1023800019F0C2F8BDE80840034A04484FF425712B
:10239000FFF7CEB8243A00202042002000F00308C6
:1023A00000487047243A002010B5074C014620220F
:1023B00004F1380019F0A8F822460448BDE810409E
:1023C00040F2FC71FFF7B4B8243A002000D00308B3
:1023D000004870475C3A002010B5084C01464FF4A5
:1023E000C27204F1580019F08FF822460448BDE883
:1023F000104040F2FC71FFF79BB800BF243A002068
:1024000000D00308004870477C3A002010B5084C03
:1024100001464FF4D07204F5EE7019F075F82246BB
:102420000448BDE8104040F2FC71FFF781B800BFDE
:10243000243A002000D0030800487047003C0020E8
:1024400010B5084C01464FF4906204F55F7019F026
:102450005BF822460448BDE8104040F2FC71FFF7EB
:1024600067B800BF243A002000D003080048704736
:10247000A03D002000487047FC42002010B5074CEA
:102480000146D02204F1DC0019F03EF8224604484F
:10249000BDE810404FF42571FFF74AB820420020F4
:1024A00000F00308024B034493F8B001704700BFEB
:1024B000204200204B1EDBB2DE2B08D8054A104418
:1024C00080F8B01104484FF42571FFF731B86FF070
:1024D000020070472042002000F00308014BD3F8AF
:1024E000AC01704720420020034A4FF42571C2F826
:1024F000AC010248FFF71CB82042002000F003089E
:10250000014BD868704700BF20420020034A4FF4B7
:102510002571D0600248FFF70BB800BF20420020B1
:1025200000F00308014B187C704700BF20420020D8
:10253000034A4FF4257110740248FEF7F9BF00BF3B
:102540002042002000F00308034B1A7A0AB9588A87
:102550007047D86A704700BF20420020064B1A7AA5
:1025600032B95882044A05484FF42571FEF7E0BF9E
:10257000022A08BFD862F5E72042002000F00308D5
:10258000014B187D704700BF20420020034A4FF4E2
:10259000257110750248FEF7CBBF00BF2042002016
:1025A00000F00308014BD88A704700BF204200208A
:1025B000034A4FF42571D0820248FEF7B9BF00BF2D
:1025C0002042002000F00308014B187E704700BF36
:1025D00020420020034A4FF4257110760248FEF78E
:1025E000A7BF00BF2042002000F00308014B987EE7
:1025F000704700BF20420020034A4FF425719076B7
:102600000248FEF795BF00BF2042002000F00308FB
:102610000F2908B505D90449102218F075FF0020CC
:1026200008BD6FF00800FBE791440020102908B5B1
:102630000A460BD10146074818F066FFBDE808407E
:10264000054A06484FF42571FEF772BF6FF002008D
:1026500008BD00BF914400202042002000F0030884
:102660000F2908B505D90449102218F04DFF0020A4
:1026700008BD6FF00800FBE7A1440020102908B551
:102680000A460BD10146074818F03EFFBDE8084056
:10269000054A06484FF42571FEF74ABF6FF0020065
:1026A00008BD00BFA14400202042002000F0030824
:1026B000034A4FF4257190620248FEF739BF00BF0C
:1026C0002042002000F00308034A4FF425715062B5
:1026D0000248FEF72DBF00BF2042002000F0030893
:1026E000014B586A704700BF20420020014B986A96
:1026F000704700BF20420020034A4FF4257182F842
:10270000B6000248FEF714BF2042002000F0030884
:10271000014B93F8B600704720420020014B93F81C
:102720005C02704720420020034A4FF4257182F872
:102730005C020248FEF7FCBE2042002000F00308C5
:10274000014BD3F86002704720420020034A4FF447
:102750002571C2F860020248FEF7EABE204200205E
:1027600000F00308014B93F86702704720420020F5
:10277000034A4FF4257182F867020248FEF7D8BE7B
:102780002042002000F00308014BB3F864027047B8
:1027900020420020034A4FF42571A2F86402024847
:1027A000FEF7C6BE2042002000F00308014B93F85C
:1027B0009102704720420020034A4FF4257182F8AD
:1027C00091020248FEF7B4BE2042002000F0030848
:1027D000014B93F89202704720420020034A4FF4C5
:1027E000257182F892020248FEF7A2BE2042002024
:1027F00000F0030810B5094C0948224640F2FC716C
:10280000FEF7ECFDE368013307D1204640F2FC728D
:10281000BDE81040002118F085BE10BD243A00200C
:1028200000D003087047704770B5164604460D4641
:1028300006F0E2F90C4B4CF2FA321A61083D2644DC
:10284000B44203D306F0EAF900200CE0F5E90223D4
:102850002146012006F04EFA08B90834F0E706F0E8
:10286000DDF96FF0060070BD0040005808B50B465A
:102870000146184618F048FE002008BD37B50D4641
:10288000044606F0B9F90F4B0F484CF2FA321A61C0
:1028900004F1784400230193E40A0223ED0A01A91C
:1028A00044600360856006F0BBFB044628B106F077
:1028B000B5F96FF0060003B030BD06F0AFF9204661
:1028C000F9E700BF00400058B44400204FF4006016
:1028D0007047002070477047704770B50D4614462A
:1028E000064603F011F8306003F014F8286003F096
:1028F00017F8206070BD0000BFF34F8F0549064BED
:10290000CA6802F4E0621343CB60BFF34F8F00BF8D
:10291000FDE700BF00ED00E00400FA0572B6EFF33A
:10292000108303607047036883F3108862B67047B2
:102930007047704707B5002200928A1A034618BFF5
:1029400001224FF0FF31054802F080FA002814BF41
:102950006FF00600002003B05DF804FBC0440020C7
:1029600008B50146054802F0A3FB18B9034802F078
:102970004DFB08B16FF0060008BD00BFC044002049
:1029800008B5044802F0F2FA002814BF6FF0060000
:10299000002008BDC0440020014B9B6A184700BFBF
:1029A000A4B80308014B5B6A184700BFA4B803082A
:1029B000FFF7F2BFFFF7F6BF00B58DB02C22002164
:1029C00001A818F0AFFD1748174B03604FF0804285
:1029D0000023C0E90433C0E90723836083614FF417
:1029E0008073436204F0C2FB08B1FEF741FE0D485C
:1029F00005F006FB08B1FEF73BFE4FF07C530022CA
:102A00000793084808924FF4807301A90292069236
:102A10000B9304F0A3FD08B1FEF72AFE00200DB0D1
:102A20005DF804FBD84400200028004008B5034BA3
:102A300008469B689847002008BD00BFA4B803085B
:102A400008B5024BDB689847002008BDA4B803080E
:102A500008B5024BDB699847002108BDA4B80308FC
:102A600007B5074B0DF106001B699847BDF8063006
:102A70004FF47A7202FB0030002103B05DF804FBD2
:102A800090B8030810B5FFF7EBFF084B9B68DB43DA
:102A90004FF47A7403F01F03A0FB0402C3EB43134B
:102AA00004FB0121181841F1000110BD002800406D
:102AB00070B5064DEB69164698476B6A044630467A
:102AC0009847AB6A201A9847002170BDA4B8030844
:102AD000704770470A4B00F11002C1781970817875
:102AE00059704178997010F8041BD970904203F125
:102AF0000403F2D1034B10221A800020704700BF5C
:102B0000DC460020CC0000202DE9F04FDFF8FC80EF
:102B1000DFF8FCC0DFF8FCB085B002AF0446164613
:102B200040460022C8E900C2C8E909223D8ED7F814
:102B300034A079609946C8F80820C8F80CB0C8F8E5
:102B40001420C8F82C2007F04BF908B1FEF790FDCF
:102B50002E4807F069F908B1FEF78AFD2C480422D7
:102B6000C8E900020022C8F80820002C3AD1C8F8B1
:102B70001440002201212548C8F80CB0C8E9091208
:102B8000C8F82C2007F02CF908B1FEF771FD2B07CF
:102B90001DBF25F00F041034A4B22C46A300073348
:102BA00023F00703ADEB030D02AE224600213046B1
:102BB00018F0B8FC2A464946304618F0A5FC7A6859
:102BC000FF2300935346BAB910482246314608F015
:102BD00051FB70B90D4807F027F998B90C37BD467D
:102BE000BDE8F08F012C0CBF20224022C8E904620E
:102BF000BFE76FF00600F1E722463146034808F0D0
:102C0000CDFBE6E7FEF734FD0020E7E710450020A6
:102C100000180058EC46002021F00803102B10B5D6
:102C200001D0202913D10B4B00F11002C4781C7085
:102C300084785C7044789C7010F8044BDC7090428F
:102C400003F10403F2D1044B0020198010BD6FF092
:102C50001F00FBE7EC460020FC460020102901D1B4
:102C6000FFF738BF6FF01F00704707B5CDE90012BE
:102C70000022034611461046FFF746FF03B05DF8F9
:102C800004FB07B5CDE900120022034601211046DE
:102C9000FFF73AFF03B05DF804FB000070B586B0A3
:102CA00004460D4616460021102202A818F03AFCF0
:102CB000074B08491A8802A818F026FCCDE90056EF
:102CC000234602AA00210120FFF71EFF06B070BDB7
:102CD000CC000020DC46002070B586B004460D46CE
:102CE00016460021102202A818F01CFC074B0849C8
:102CF0001A8802A818F008FC0121CDE900562346E5
:102D000002AA0846FFF700FF06B070BDCC00002005
:102D1000DC46002070B586B004460D4616460021FC
:102D2000102202A818F0FEFB074B08491A8802A8D7
:102D300018F0EAFBCDE90056234602AA0021022042
:102D4000FFF7E2FE06B070BDCC000020DC4600209C
:102D500070B586B004460D4616460021102202A822
:102D600018F0E0FB074B08491A8802A818F0CCFBC2
:102D7000CDE90056234602AA01210220FFF7C4FE36
:102D800006B070BDCC000020DC46002008B5FFF77F
:102D900043FFC0B208BD08B510230A461946FFF725
:102DA00064FFC0B208BD70B51446054618460E460D
:102DB000FFF790FE23019BB2324619462846FFF7E3
:102DC0006DFFC0B270BD08B510230A461946FFF763
:102DD00058FFC0B208BD70B51446054618460E46E9
:102DE000FFF778FE23019BB2324619462846FFF7CB
:102DF00073FFC0B270BD00000749CA6822F4E062E8
:102E00000302120403F4E063120C134343F0BF63A4
:102E100043F40033CB60704700ED00E030B5164B53
:102E2000DC68C4F30224C4F10703251D042B28BF6A
:102E30000423062D4FF0FF3505FA03F38CBF033C46
:102E4000002421EA0303A34005FA04F422EA040261
:102E5000002843EA0203ACBF00F16040074A4FEA92
:102E60000313B8BF00F00F00DBB2AABF00F561404A
:102E7000135480F8003330BD00ED00E014ED00E0A5
:102E8000002808DB0123420900F01F0003FA00F0CC
:102E9000014B43F82200704700E100E000280DDB01
:102EA0004309012200F01F0002FA00F02033044A17
:102EB00042F82300BFF34F8FBFF36F8F704700BFFF
:102EC00000E100E0BFF34F8F0549064BCA6802F4EA
:102ED000E0621343CB60BFF34F8F00BFFDE700BF3D
:102EE00000ED00E00400FA050138B0F1807F0BD25C
:102EF0004FF0E023054A5861F02182F823100020AA
:102F0000072298611A6170470120704700ED00E0C8
:102F1000024BD868C0F30220704700BF00ED00E00C
:102F200070B50028AEBF00F16040134C00F00F00F8
:102F300001F00701AABF00F56140205C90F8000392
:102F4000C1F107040D1D042C28BF0424062D4FEAEF
:102F500010108CBF033900214FF0FF3520FA01F625
:102F600005FA04F405FA01F126EA040420EA010056
:102F70001460186070BD00BF14ED00E00028A1BF10
:102F800043098033054A52F82330A3BF00F01F00E5
:102F900023FA00F000F001000020704700E100E09B
:102FA000002809DB4309012200F01F0002FA00F0AB
:102FB0004033024A42F82300704700BF00E100E0BE
:102FC0000028A1BF43094033054A52F82330A3BF6C
:102FD00000F01F0023FA00F000F00100002070470D
:102FE00000E100E0002809DB4309012200F01F0096
:102FF00002FA00F06033024A42F82300704700BF33
:1030000000E100E04FF0E02304281A690CBF42F011
:10301000040222F004021A617047704708B5FFF7F6
:10302000FCFF08BD044B40F00100C3F89400BFF35F
:103030004F8FBFF36F8F704700ED00E0BFF35F8FDE
:10304000024B0022C3F89420704700BF00ED00E05F
:10305000134A4378C2F898300378F3B14368C2F852
:103060009C30C37A017B1B0643EA017301780B4352
:10307000817A43EAC143417B43EA8143817B43EA4E
:103080004143C17B43EA0143417A43EA0123017A88
:1030900043EA4103C2F8A0307047C2F89C30F9E718
:1030A00000ED00E001207047034B1B6813B15B6823
:1030B00003B11847704700BF00480020034B1B684E
:1030C00013B1DB6803B11847704700BF0048002008
:1030D00001F09ABB01F0C8BA08B501F0DEFD01218C
:1030E00001F0C5FDBDE8084001F00CB938B5074B4B
:1030F00004460D4693F85600002101F0B8FD29461C
:103100002046BDE8384001F0D3B800BF1C4800207D
:1031100010B5044601F04AF8012817D101F04EF825
:1031200034B11048214601F0C3FF0E4801F06EFF94
:103130000D4C002194F8560001F099FD63786BB1B5
:103140006FF07F40BDE8104001F09EBA002340F2CE
:1031500062211A46084601F065F9E1E7A06880019E
:10316000F0E700BF044800201C480020002001F0C8
:1031700051B8000008B501F047F80438C0B2032880
:1031800096BF024B0020185C08BD00BFCCB90308F5
:1031900073B5754CB4F854300025402B8DF80350AE
:1031A000019500F0D6801CD8082B00F0CA8005D805
:1031B000012B2CD0022B43D002B070BD202BFBD1B1
:1031C0006A4801F063FE10B1684801F0CFFE6078F4
:1031D000002800F0B380664B1B68002BECD0DB6846
:1031E0002AE0B3F5807F79D0B3F5007F00F08480CA
:1031F000802BE1D1284601F00DF85D4B1B68002BB8
:10320000DAD09B69002BD7D028469847D4E7594895
:1032100001F03CFE10B1574801F0A8FE002000F07C
:10322000F9FF00F0C5FF012801D100F0CAFF504BA3
:103230001B68002BC0D01B68002BBDD09847BBE794
:103240004A4801F023FE10B1484801F08FFE65782E
:1032500095B9284600F0DEFF294640F6021001F03D
:1032600003FA40F6441001F0CFFA40F00201C9B26F
:1032700040F6441001F0F8F9FF220DF103013E4839
:103280003B4D01F0DBFC3D4801F082F92B68002B3F
:1032900092D09E68002E8FD094F82430012B08D154
:1032A00094F9313094F930209DF803103248B0473A
:1032B00082E7E06B01A901F05DFD019B9DF8031021
:1032C0002D484FF47A7203F5FA7393FBF2F32A68F0
:1032D0005BB2956894F92920A8476DE7284600F06D
:1032E00099FF234B1B68002B3FF466AF9B69002BB3
:1032F0003FF462AF012088E700F086FF042810D178
:103300001C4801F0C3FD10B11A4801F02FFE002047
:1033100000F080FF164B1B68002B3FF44DAF5B683D
:103320008AE700F071FF05287FF446AF0F4801F0EF
:10333000ADFD10B10D4801F019FE002000F06AFF4C
:1033400049E700F033FF01287FF436AF00F03AFF81
:1033500032E7607808B900F05DFF054B1B68002B71
:103360003FF42AAF1B6967E71C480020044800208F
:103370000048002074480020FE46002040480020FD
:10338000024BA3F85400FFF703BF00BF1C48002006
:1033900008B501F097FC033008BD01F0DDBB01F07A
:1033A00027BB08B501F0E6F800B208BD38B50D46F8
:1033B000144601F077F8284601F06FFC084D012112
:1033C00001F055FC00F09EFF4FF47A7161432846EE
:1033D00001F06EFE2846BDE8384001F017BE00BF80
:1033E0007448002001F05EB808B5084B002193F83E
:1033F000560001F03CFC00234FF4C0711A46084609
:1034000001F010F8BDE8084000F070BF1C48002033
:1034100010B5044600F0CAFE012817D100F0CEFE18
:1034200034B11048214601F043FE0E4801F0EEFD94
:103430000D4C002194F8560001F019FC63786BB133
:103440006FF07F40BDE8104000F01CBF002340F249
:1034500062211A46084600F0E5FFE1E7A068800116
:10346000F0E700BF044800201C48002008B54FF0DA
:10347000040001F023FABDE80840022002F010BA6F
:103480000128084805D1084BC17719700E3001F0AA
:10349000F1BA437D012B03D1034B81751970F5E718
:1034A000704700BF1C480020CE0000200D4B10B517
:1034B000044618735873012000F016F85CB13421EB
:1034C0004FF4E86001F0D0F84421BDE8104040F22C
:1034D000417001F0C9B814214FF4E86001F0C4F85C
:1034E0002421F2E71C48002038B50F4D044628700F
:1034F00000F069FE012C0AD0023C012C4FF00004C0
:1035000094BF0220204601F0F3F86C7338BD2046CA
:1035100001F0EEF8287B6B7B8342F7D06873BDE83F
:103520003840FFF7C3BF00BF1C4800202DE9F0431F
:10353000054687B00027CDE901770C4691469846AD
:1035400000F033FE012D7AD0022D00F0C880002D4E
:103550005DD1A368002B00F0D6802369002B00F01A
:10356000D280227D082A00F2CE8001AB1E46AA42FC
:103570005BDC664D002785F83870A368EB63237821
:1035800085F84430606801F0E1FB85F84500E368A8
:103590002B64236994F82410AF73DB002B8204237F
:1035A000AB74237D2F75DB000229EB74E37F02D01F
:1035B000A27F022A3FD103F10F02D2B2012A02D91F
:1035C000012B40F0A080524B524A19680394012706
:1035D00003A88DF8147000F0E5FD002840F09380FA
:1035E0002876EF756875FFF7C1FD0020FFF77CFFB7
:1035F000494801F093F8494801F03CFA304601F09F
:1036000007FAA08B01F074F9208C01F01FFA4846EC
:1036100001F043FB3D4C84F8560000F0CBFDC4F8AC
:103620000480002007B0BDE8F083A169495D03F87C
:10363000011B01359BE7EB7529766A75D3E7334E9D
:1036400086F8385094F8283086F8503094F82930AD
:1036500086F8513094F82A3086F8523094F82B309E
:10366000012B02D0022B2BD00BB986F85330A38D3F
:10367000B38394F82E30B37794F82F3086F8203047
:10368000012594F8303086F82130B573FFF76EFDD0
:103690002846FFF729FF204801F040F81F4801F0B5
:1036A000E9F996F85130062B40F6890011D101F066
:1036B000ABF800F0FB0140F6890000F0D5FFA6E76B
:1036C00094F828300B3B012B88BF3D4686F85350B9
:1036D000CDE701F099F840F00401C9B2EBE7636B64
:1036E000013BB3F57A7F0ED22846FFF7FDFE07486F
:1036F00080F83850636B8364162380F84C30383080
:1037000001F00CF883E74FF0FF308BE71C480020F6
:103710000048002074480020544800202A48002017
:103720002DE9F041002686B098461446CDE90166A1
:1037300007460D4600F039FDB442794C16BF01230F
:103740003346B046637037B1012F00F0848000200B
:1037500006B0BDE8F081EB68002B00F0DD802B693E
:10376000002B00F0D9806A7D082A00F2D58001ABD9
:1037700038461E46824262DC2868003818BF0120A5
:10378000002700F0C9FD84F83870EB68E3632B79FB
:1037900084F84430A86801F0D9FA84F845002B6910
:1037A000A773DB0023822B7DA3746B7DDB00E374A6
:1037B00095F82230237595F82330002B45D1EA691E
:1037C00095F82A10A275022995F8242001D0022B21
:1037D0003DD102F10F03DBB2012B02D9012A40F0E7
:1037E0009B8000238DF814304E4B4F4A1968049586
:1037F00003A800F0D7FC002840F08E80012320763B
:10380000E3756075FFF7B2FC0020FFF76DFE4748D7
:1038100000F084FF464801F02DF9304601F0F8F839
:10382000288C01F065F8E88C01F010F94FF4FA5398
:1038300003FB08F8EB68B8FBF3F3A36087E7A9691B
:10384000095C03F8011B013094E7FF22B8E7E27539
:1038500021766375D6E7AB8E002B5DD095F83630B8
:10386000E86A012B0CBF2F7FFF27003818BF01200B
:1038700000F052FD5FFA88F000F022FF012284F888
:10388000382095F8303084F8503095F8313084F88D
:10389000513095F8323084F8523095F833309342F5
:1038A00002D0022B03D04BB984F8533006E095F8D0
:1038B00030300B3B012B27D884F85320AB8EA383E9
:1038C00095F83630A3772B8F23840126A673E777EC
:1038D000FFF74CFC3046FFF707FE144800F01EFFD0
:1038E000134801F0C7F894F82130B34240F2367023
:1038F0000CD100F089FF00F0FB0140F2367000F0BF
:10390000B3FE4FF6FF7398E70023CDE700F07CFF8E
:1039100040F00401C9B2F0E74FF0FF3018E700BFF4
:103920001C48002000480020044800205448002083
:103930002A4800202DE9F04F85B082460E9DBDF843
:1039400040B09DF844709DF84890019288461E460C
:1039500000F02BFCBAF1010F534C51D0BAF1030F18
:1039600000F09380BAF1000F3ED10B22304684F86C
:10397000442084F838A0E56301F0E8F9019B236452
:103980004FEACB03B9F1000F238241F604036382AF
:1039900014BFF2230123E37587F001070123237687
:1039A00084F8450084F80EA084F814A06775FFF72A
:1039B000DDFB94F83800003818BF0120FFF794FDB4
:1039C00004F1380000F0AAFE04F10E0001F052F8F4
:1039D000364A1068516802AB03C302A801F018F818
:1039E00040F2FF1000F084FF404601F056F984F8E1
:1039F000560000F0DFFB169B636005B0BDE8F08F5A
:103A00002B4984F838A0895D84F85110EAB29DF8FA
:103A10003C1084F8502084F8521056BB0B3D012D09
:103A20008CBF002501250121053A8A4284F85350B4
:103A3000A17327D8BBF10B0F24D80C23A3831D4BF4
:103A4000A7771B78E3779DF8543084F8213084F809
:103A50002090FFF78BFB94F83800003818BF012046
:103A6000FFF742FD144800F059FE144801F002F837
:103A7000BAE7012E04D1A5F10C035D425D41D2E706
:103A80000025D0E7A4F81CB0D9E75046FFF72CFD7D
:103A9000022384F8383004F138001623A56484F832
:103AA0004C3000F03BFE9FE71C48002030B6030876
:103AB00094B90308CE000020544800202A48002072
:103AC0002DE9F04F87B0DFF8B8B29DF864A09DF8FB
:103AD0004C90029314469DF854309DF85020BDF848
:103AE0004880039205468BF801A0BDF8446001931D
:103AF0000F4600F05AFBBAF1000F18BF4FF0000854
:103B0000DFF880A2039AB9F1000F08BFFF22012D50
:103B10008AF8002000F0CC80042D4CD0002D40F01D
:103B2000C480284600F0F8FB0B2238468BF844206E
:103B30008BF83850CBF83C4001F008F9019B8BF82A
:103B4000450041F60402002BABF812209AF8002041
:103B50008BF8162014BFF22201228BF81720F600F2
:103B6000012289F001098BF818208BF80E50ABF870
:103B700010608BF814508BF81590FFF7F7FA9BF84C
:103B80003800003818BF0120FFF7AEFC0BF13800F9
:103B900000F0C4FD0BF10E0000F06CFF7A490868DC
:103BA000496804AA03C204A800F032FF40F2FF10E3
:103BB00000F09EFE71E0012000F0AEFB09224FF004
:103BC00000098BF8442038464FF44872CBF8402067
:103BD0008BF83890CBF83C4001F0B8F84FF48052A5
:103BE000ABF812209AF800208BF845008BF81620CD
:103BF00028460122F6008BF817208BF80E90ABF8C0
:103C00001060ABF814908BF81890FFF76DFC0BF177
:103C1000380000F083FD0BF10E0000F02BFF5A4935
:103C20008868C96804AA03C204A800F0F1FE40F243
:103C3000FF1000F05DFE40F6B80000F0E5FD00F07A
:103C4000EF0140F6B80000F00FFD294640F6B9003C
:103C500000F00AFD40F69B0000F0D6FD00F0E30105
:103C600041F0080140F69B0000F0FEFC40F2D160FC
:103C700000F0CAFD40F01801C9B240F2D16000F076
:103C8000F3FC40F2AC6000F0BFFD00F08F0141F0AA
:103C9000500140F2AC6000F0E7FC4FF4FA5202FB36
:103CA00008F8B8FBF4F4CBF8084007B0BDE8F08F93
:103CB000002000F031FB3549029BC95D8BF838507C
:103CC000E2B28BF850208BF851108BF85230002F55
:103CD00044D10B3C012C8CBF002401240121053A66
:103CE0008A428BF853408BF80E1040D80B2E3ED8EA
:103CF0000C22ABF81C209AF80020019B8BF81F20A7
:103D00009DF860208BF821208BF820308BF81E90D6
:103D1000FFF72CFA9BF83800003818BF0120FFF796
:103D2000E3FB1B4800F0FAFC1A4800F0A3FE5FFA20
:103D300088F000F0C5FC9BF82120012A40F2367083
:103D400018D100F061FD00F0FB0140F2367000F088
:103D50008BFC4FF6FF72CBF80820A6E7012F04D1A9
:103D6000A4F10C035C425C41B8E70024B6E7ABF871
:103D70001C60C0E700F048FD40F00401C9B2E4E770
:103D80001C480020CE00002030B6030894B9030878
:103D9000544800202A48002008B50120FFF7A4FB62
:103DA00000231A461946184600F03CFBBDE80840BF
:103DB00000F0E2BEF0B58BB00D46044617461E4635
:103DC000FFF7D4F90020FFF78FFB204600F06AFBD5
:103DD00000240123CDE9084303234FF4167229463A
:103DE0002046CDE90644CDE90444CDE90244CDE9BD
:103DF00000532346FFF764FE2046FFF709FBFFF759
:103E0000C7FA01F04DFD01F045F80446204601F0E7
:103E10004BF8B04205D30124FFF7A8F920460BB0B8
:103E2000F0BD00F0A7FB00B28742EFDA0024F3E711
:103E3000224B13B51860224B22480024C3E90144E9
:103E40005C7000F005FD2046FFF730FB00F070FAD3
:103E50002146204600F070FB04222146012000F09C
:103E600063FD4FF6FF7108462346224600F0DAFA5A
:103E7000FFF7FCFA144B1548009422464FF0FF312F
:103E800000F0E4FF124B1348009422464FF0FF313C
:103E900000F0DCFF0D4800F0F9FF10B10B4801F015
:103EA00065F80C4800F0F2FF28B10A4802B0BDE8FE
:103EB000104001F05BB802B010BD00BF0048002008
:103EC0001C48002081330208A930020874480020F1
:103ED000BD30020804480020F7B50023634D0C46AE
:103EE00040F201211A460646084600F09BFA95F872
:103EF0005600012100F0BBFE2B78012B40F6890013
:103F000012D195F85130062B0ED100F07DFC00F057
:103F1000FB0140F6890000F0A7FB2B78032B6DD83E
:103F2000DFE803F0534C780800F06EFC40F0040129
:103F3000C9B2EEE74E4A731E1046C6F101074FF0B4
:103F4000000CF9188C4269DC0023E7001946BB42DB
:103F50006BD100294FEA81130CBF2022002243EAD3
:103F6000C1131343661C0355F6B202234148AB73D9
:103F7000AE7600F07FFD0021F12000F075FB0021FE
:103F8000F02000F071FBAB6C642B67D17021F32043
:103F900000F06AFB1D21F22000F066FBE1008C1CA2
:103FA000F420090A00F060FB04F0FE01F52000F0A7
:103FB0005BFB2F486FF07F4231461DE0EC772D48C8
:103FC00000F058FD0022214615E000F0EFF801282E
:103FD0001ED121460DF10702304600F0ECF80446F0
:103FE000002841D19DF807302248AB7500F042FD12
:103FF0009DF807102246304600F007FE69681E480B
:1040000001F056F81C4803B0BDE8F04000F0FEBFD8
:10401000AC75D4E70223AB73AC76D0E713F8011F7D
:10402000C943197002F801CB8BE7DA4302F0070CA1
:10403000DA100133B25C42FA0CF202F001024FEAEC
:10404000E30C5140DA4310F80CE002F0070201FAE9
:1040500002F242EA0E0200F80C2078E7E121F32098
:1040600000F002FB042196E703B0F0BD1C480020DD
:10407000FE4600202A48002074480020F0B5BDF814
:1040800014409DF818C09DF81C709DF8205040B158
:10409000012819D001220024A0180138B0FBF2F049
:1040A000F0BDBCF1000F0CBF08230023002D03EB73
:1040B000C40414BF022000201834384404EBC000AC
:1040C0004FF47A744443E7E7501F012803F10403D7
:1040D00002D80C2C38BF0C24002937D1A2F10B06D2
:1040E000012E8CBF00260126002D14BF10200020B9
:1040F00000EBC700BCF1000F14BF00271427A0EB92
:104100008200062A38444FEA8205A2F1020702D94A
:10411000083006B1BD000028ACBF2E182E1C701E42
:1041200090FBF5F503FB05440D4B5B5C062A8CBF49
:104130000C340E340A2B12D8A4000A4A0134BC40B5
:104140004FF47A7052F823204443A5E7012904D1A3
:104150000C2A14BF00260126C6E70026C4E7FFDEAE
:1041600094B90308A0B9030808B5094B012193F8D5
:10417000560000F07CFD4FF4D7602D2100F074FA5A
:1041800000F0C5F8BDE80840024800F065B800BF7F
:104190001C480020FFFF0F004FF0FF3070474FF02A
:1041A000FF3070474FF0FF30704770470020704776
:1041B0000020704770474FF0FF3070474FF0FF30DE
:1041C000704770477047704710B51346EFF310847F
:1041D00072B60A460146034805F0A0F984F3108838
:1041E00010BD00BFD002002010B51346EFF31084BD
:1041F00072B60A460146034805F0C8F984F31088F0
:1042000010BD00BFD0020020014B1878704700BFDE
:104210009248002007B501228DF807000DF1070133
:104220008020FFF7D1FF9DF80730002B034B0CBF18
:10423000012202221A7003B05DF804FB92480020AC
:10424000002208B51146C120FFF7BEFF014B032233
:104250001A7008BD9248002007B5094B8DF806007A
:1042600004221A70030C8DF804300322030A01A9FA
:1042700083208DF80530FFF7A7FF03B05DF804FB3E
:104280009248002007B5094B8DF8060005221A70E8
:10429000030C8DF804300322030A01A982208DF853
:1042A0000530FFF791FF03B05DF804FB9248002052
:1042B00007B5030C8DF80030030A8DF801300B0CA4
:1042C0008DF802008DF803308DF805100B0A0622D8
:1042D000694694208DF80430FFF776FF024B0622E2
:1042E0001A7003B05DF804FB92480020002208B564
:1042F0001146C520FFF768FF014B07221A7008BD61
:104300009248002000221146D120FFF75DBF002215
:104310001146D220FFF758BF07B501228DF80700DC
:104320000DF107019F20FFF74FFF03B05DF804FB7D
:1043300007B5FAF7EDFC431E584258418DF80700C7
:1043400001220DF107019620FFF73EFF03B05DF853
:1043500004FB07B500F07F008DF8070001220DF186
:1043600007018920FFF730FF03B05DF804FB000070
:10437000184B984207B50DD9E1238DF80430E92395
:104380008DF80530022201A99820FFF71DFF03B028
:104390005DF804FB104B984204D9D7238DF8043004
:1043A000DB23EDE70D4B984204D9C1238DF804308F
:1043B000C523E5E70A4B984204D975238DF80430EC
:1043C0008123DDE7074B9842DCD96B238DF804305D
:1043D0006F23D5E700E9A43580F8A9328044E52DA4
:1043E000000B6B1B40FC541907B58DF80620042206
:1043F0008DF804008DF8051095200DEB02018DF865
:104400000730FFF7E1FE03B05DF804FB07B50122BA
:104410008DF807000DF107019320FFF7D5FE03B0DB
:104420005DF804FB13B5040A8DF801008DF8031044
:10443000080A8DF80520110A1A0A8DF806200822AC
:104440008DF802008DF80410104669468DF8004082
:104450008DF80730FFF7B8FE02B010BD07B5022295
:1044600001A91220FFF7C0FEBDF8040040BA80B2D7
:1044700003B05DF804FB07B50B0C042200F0070045
:104480008DF804008DF805308DF807100B0A972081
:104490000DEB02018DF80630FFF796FE03B05DF8D4
:1044A00004FB000037B5104D2B7804461BB9FFF70D
:1044B0005FFF01232B700D4A00236006E109FAF724
:1044C000E7F9030E8DF804300422030C8DF8053053
:1044D0008DF80700030A0DEB020186208DF80630E7
:1044E000FFF772FE03B030BD904800200048E8019D
:1044F000014B1878704700BF9348002013B5049C07
:104500008DF80330230C8DF800008DF801108DF824
:1045100002208DF804300722230A694688208DF88E
:1045200005308DF80640FFF74FFE024B07221A7048
:1045300002B010BD9248002007B502228DF8040099
:104540008DF805108F2001A9FFF73EFE03B05DF83E
:1045500004FB07B5002301220DF10701C0208DF8EF
:104560000730FFF741FE9DF8070000F07E0003B022
:104570005DF804FB07B5012201A91520FFF734FE01
:104580009DF804004042401003B05DF804FB0000B9
:1045900013B50322044601A91420FFF725FE184B8A
:1045A0001A7822704AB1012A17D01422002120461D
:1045B00000F034FC0F2323700DE09DF804302371CC
:1045C0009DF80530A2605B425B10A3719DF8063038
:1045D0005B425B10637102B010BD9DF804305B421A
:1045E0005B1023739DF9053002339B1063739DF8B4
:1045F00006305B425B10A373024B1B682361EAE742
:10460000934800208C48002007B50023022201A90E
:104610001720ADF80430FFF7E7FD9DF805309DF851
:10462000040003F07F0300F0010043EA002003B020
:104630005DF804FB07B50023022201A90720ADF8AD
:104640000430FFF7C1FD03B05DF804FB07B502229B
:10465000030A8DF8050001A910468DF80430FFF714
:10466000B3FD03B05DF804FB07B501238DF8071017
:104670000DF107020146034804F0CEFE03B05DF8D9
:1046800004FB00BFD002002013B50C4B04460522EA
:10469000972140F6AC001A70FFF7E6FF230C8DF867
:1046A00004300322230A01A982208DF805308DF8F9
:1046B0000640FFF789FD02B010BD00BF9248002000
:1046C00007B501228DF807000DF10701A020FFF7C3
:1046D0007BFD9DF807103F2907D901F0F801013152
:1046E000C9B240F20670FFF7BFFF03B05DF804FBEC
:1046F00007B5094B8DF807000146187018B940F24C
:10470000AC60FFF7B1FF01220DF107018A20FFF72E
:104710005BFD03B05DF804FB9348002013B5364AF7
:104720000446516810686B4603C3344B20781B78ED
:10473000834201D0FFF7DCFF2378032B29D8DFE881
:1047400003F0023B2A4662682D4BB3FBF2F31A0CCE
:10475000A1688DF800208DF802301A0A237B8DF8AD
:104760000330637B8DF801208DF80430254A002347
:104770004806C909FAF78CF8030C8DF80530030ACE
:104780008DF806308DF80700082269468B20FFF768
:104790001BFD02B010BD2269194BB3FBF2F31A0CDA
:1047A0008DF800208DF802301A0A237D8DF8012043
:1047B0008DF803300422E8E7237E8DF80030637E15
:1047C0008DF80130A37E8DF80230E37EF0E7626859
:1047D0000B4BB3FBF2F31A0C8DF800208DF802306E
:1047E0001A0A237B8DF80330637B8DF801208DF846
:1047F00004300522C9E700BF40B6030893480020F3
:104800000000093D0048E80107B5012301460DF10C
:104810000702044804F044FE9DF8070003B05DF869
:1048200004FB00BFD002002010B50446FAF770FA6E
:1048300001280CD140F62310FFF7E6FF00F0F90144
:10484000214340F62310BDE81040FFF70DBF10BD17
:1048500010B508B1164B1860FAF79CF90220FFF763
:10486000E3FF0024134B20461C70FFF7D3FCFAF73C
:104870004DFA012811D14021FFF7FDFD40F611103E
:104880002146FFF7F1FE4FF07F00FFF762FDFAF7D8
:10489000BBF9094B01221A7010BD102140F611100E
:1048A000FFF7E2FE102140F61210FFF7DDFEEEE703
:1048B00094480020904800209248002013B50446F8
:1048C0000020FAF7FFF90220FFF7AEFF04F007041B
:1048D00001220DF1070184208DF80740FFF774FCD9
:1048E000024B00221A7002B010BD00BF9248002097
:1048F00010B50C4B1B7804469BB94FF4D760FFF7FB
:1049000083FFC4F3002100F0FE0001434FF4D760A1
:10491000FFF7AAFEE1B240F2B960BDE81040FFF730
:10492000A3BE10BD93480020012837B503460C46AE
:10493000154620D10F2C02464FF000010CBF062077
:104940000420FFF751FD6FF010018C42B8BF0C46F8
:104950000E2CA8BF0E24182140F6E700FFF784FEB6
:10496000022201A98E208DF804408DF80550FFF732
:104970002BFC03B030BD40F6D800FFF745FF40F0F8
:104980001E01C9B240F6D800FFF76EFE07210123D1
:1049900000220420FFF728FD6FF008018C42B8BF09
:1049A0000C46162CA8BF16243821D5E737B5044687
:1049B0000D46022201A91320FFF716FC0A4B1B78B3
:1049C000012B0DD1094B1B78012B09D140F202704C
:1049D000FFF71AFF20709DF805302B7003B030BD33
:1049E0009DF804302370F6E793480020914800209A
:1049F00010B51346EFF3108472B60A460146034819
:104A000004F00AFD84F3108810BD00BFD00200201E
:104A100008B5014608224FF4D860FFF7E9FF0020EF
:104A200008BD000007B5030A8DF80430064B8DF869
:104A300005001B782BB9022201A940F2BC60FFF7E8
:104A4000D7FF03B05DF804FB9348002007B5030AC5
:104A50008DF80430064B8DF805001B782BB9022227
:104A600001A940F2BE60FFF7C3FF03B05DF804FB8D
:104A7000934800201FB5354A0446D1689068127CDF
:104A800001AB03C31A70324B20781B78834201D0EC
:104A9000FFF72EFE2378032B2ED8DFE803F0024029
:104AA0003B02637AF12B29D14FF6FF70FFF7BAFF73
:104AB00048F20500FFF7CAFF022362888DF805203F
:104AC000110A22798DF8062062798DF80720A279E3
:104AD0008DF80820E2798DF809208DF80B30227AC4
:104AE000A37A8DF80A208DF804108DF80C30092275
:104AF00001A98C20FFF768FB04B010BDF22BDCD1BC
:104B000041F60F50FFF78EFF41F22100FFF79EFFA5
:104B10000623D2E7237B8DF804300122E8E7E389FE
:104B20008DF805301A0A8DF804200A4A237C137088
:104B30008DF80630637C8DF80730A37C8DF8083043
:104B4000E37C8DF809300622D2E700BF40B60308A7
:104B5000934800209148002010B51346EFF31084CD
:104B600072B60A460146034804F09AFC84F31088A2
:104B700010BD00BFD002002073B5002640F6E20051
:104B80000196FFF741FE00F0FE01054640F6E20007
:104B9000FFF76AFD40F6E500FFF736FE00F07F0103
:104BA000044640F6E500FFF75FFD6FF07F40FFF73A
:104BB00069FB04220DEB020140F61900FFF7CCFF60
:104BC0003046FFF727FB294640F6E200FFF74CFD91
:104BD000214640F6E500FFF747FD019802B070BDA1
:104BE00010B51346EFF3108472B60A460146034827
:104BF00004F047FD84F3108810BD00BFD0020020F0
:104C00000A4601460020FFF7EBBF10B51446FFF738
:104C1000F7FF2046BDE81040FFF71EBB10B5134656
:104C2000EFF3108472B60A460146034804F05CFDB7
:104C300084F3108810BD00BFD0020020F7B50D46E8
:104C4000064600240DF10701284617468DF8074057
:104C5000FFF7ACFE2A78BA4207D89DF80700314624
:104C6000FFF7DCFF204603B0F0BD0120FBE7012980
:104C700008B5034608460ED1012B07D10420FFF7E3
:104C8000D3FD0220BDE80840FAF71CB8022B14BF80
:104C900008460320F6E70120F4E738B50446FAF7A2
:104CA00033F850B1022814BF0125022528460222FC
:104CB0002146FFF739FE284638BD0F2CCCBF022510
:104CC0000125F3E701207047014B01201B681847BD
:104CD00094480020014B02201B681847944800208C
:104CE000014B40201B6818479448002011B101294E
:104CF00004D07047044B1B6880201847024B4FF4C8
:104D000080701B68F9E700BF94480020024B4FF405
:104D100000701B68184700BF94480020014B2020FA
:104D20001B68184794480020014B04201B68184753
:104D300094480020014B08201B6818479448002025
:104D4000014B10201B6818479448002068B1084A9E
:104D5000002352F83310814203D902EBC3031879C0
:104D600070470133162BF4D1FEE71F20704700BFB8
:104D700054BA030873B51D4B0193064640F607006D
:104D80000D46FFF741FD02AAC0F3C103134413F817
:104D9000044C00F00703013B04FA03F3144CB4FB8A
:104DA000F3F4B4FBF6F007281DD8400003288CBFAD
:104DB000022304234FF4D6605C43FFF725FD000275
:104DC00000F4706640F2B160FFF71EFD304303054A
:104DD00044BF6FEA00506FEA105063094343DB1190
:104DE0002B6002B070BD0123E4E700BF04080A0C89
:104DF0000048E80101380A44914200D1704711F897
:104E0000013B00F8013FF7E710440A44914200D10A
:104E1000704711F8013B00F8013DF7E7024490426A
:104E200000D1704700F8011BF9E70000024B002297
:104E30001A60024B1B68184798480020A4B8030862
:104E4000014B5B68184700BFA4B80308F8B50446D7
:104E5000174608461E467CB173B1084B00255B6AB5
:104E600025609847069B60602581A572E6602361F6
:104E7000E77265612846F8BD0120FCE7A4B8030885
:104E800010B1C172002070470120704700B1407A14
:104E90007047000010B5034CE3699847A36ABDE86A
:104EA00010401847A4B8030870B5064DEB690646D4
:104EB00098476B6A044630469847AB6A201ABDE8AB
:104EC00070401847A4B80308054A0346106800B9A3
:104ED0007047984201D04069F9E70120704700BF50
:104EE0009848002038B505460C46FFF7EDFF68B13D
:104EF000074B9B6998472B680246984298BF9B1ABC
:104F00004FF000008CBF2060236038BD0120FCE71B
:104F1000A4B8030807B54FF0FF330193044B18689A
:104F200010B101A9FFF7DEFF019803B05DF804FBA3
:104F3000984800202DE9F3410B4E336A0446984708
:104F40000123B7692372D4F800800546B847284486
:104F5000804502D2B84705442560B36820680193B4
:104F600002B0BDE8F0411847A4B8030870B520B3FB
:104F7000EFF3108672B6124D2B680122827253B184
:104F80000022984242720FD1446902723CB120461D
:104F90002C60FFF7CFFF86F31088002070BD094B0F
:104FA000DB6898472C60F6E71A465B69002BF2D065
:104FB0009842F9D143695361EDE70120EEE700BF64
:104FC00098480020A4B8030810B5094B1B685A691B
:104FD000596911B95861416108E0046811688C424F
:104FE00002D913465269F3E75861426110BD00BF10
:104FF00098480020044A13680BB1002119724361DC
:105000001060FFF797BF00BF984800202DE9F041DE
:10501000044600282DD0FFF757FF50BB657A45BBEB
:10502000EFF3108872B6144E6768336A9847874268
:105030002CBF27602060114FA5724FF4807323812D
:105040003B684BB9336998472046FFF7D3FF88F395
:1050500010882846BDE8F081B36998472368184452
:105060003B6820601B6898422046EED3FFF7ACFFF8
:10507000EDE70125EDE700BFA4B80308984800203C
:1050800010B5044608467CB1084B5B6A98476060DF
:105090002046FFF719FF10B12046FFF767FF2046B3
:1050A000BDE81040FFF7B2BF012010BDA4B803084F
:1050B00010B5044608467CB1084B5B6A98476060AF
:1050C0002046FFF701FF40B12046FFF74FFF204683
:1050D000BDE81040FFF79ABF012010BDA4B8030837
:1050E0002DE9F041EFF3108772B61D4E1D4D736927
:1050F00098473369044698472B684BB94FF000082E
:105100002B688BB9286828BB87F31088BDE8F0812D
:10511000011B241A1A688A428CBF121900221A60D5
:105120005B69002BF6D1E9E71C681CB1B3699847AD
:105130008442E7D22C6863692B60A4F80880D4E924
:10514000033098476389B3F5807FD9D12046FFF7B4
:105150005DFFD5E7037A002BD6D1FFF7EBFED3E74F
:10516000A4B80308984800202DE9F04F97B0002913
:105170008046039140F31181044603991578A4EB0E
:105180000800013925B90023237017B0BDE8F08F5E
:105190008842F8DA252D04D004F8015B1646721C0B
:1051A000EBE792F801E0AEF1300CDCF1000702F120
:1051B0000106AEF1300247EB0C07092A29D8304628
:1051C00000254FF00A09064610F8012BA2F1300C19
:1051D000BCF1090F19D93278692A00F0A2801BD8D6
:1051E000632A28D0642A00F09C80582A5ED0252AA1
:1051F00019D13278002A00F0988004F8012BA4EB32
:1052000008028A4280F28F80C9E709FB0525303DFC
:10521000D9E74FF0FF35DEE7752A00F08480782A61
:1052200046D0732A1DD0252204F8012BA4EB0802D6
:105230008A4278DADDE7611E2A462020013A002AF8
:105240000CDC002D05F1FF32D8BF0022224453F8B8
:10525000041B1170D8BF01252C44A0E701F8010FF1
:10526000ECE799464E4B59F8047B002F08BF1F46C8
:105270003846F8F7C5FE234661194FF0200CCA1ACC
:1052800090420CDB2B1A8542B8BF00231C4400233C
:10529000834207DB0028A8BF24184B467FE703F8AA
:1052A00001CBECE7FA5CE2540133F1E747F0400749
:1052B0001020DFF8F090DFF8F0C017F0400F08BFC3
:1052C000CC46BEF1300FCDF804C0A4EB08020CBFF1
:1052D0004FF0300C4FF0200CBF07A1EB0202CDF8CD
:1052E00008C053F8041B22D5002920DA4942013DA9
:1052F0004FF02D0C05AF009700278946DDF804A07C
:10530000B1FBF0F100FB119B48451AF80BB0DDF83A
:1053100000A00AF801BB07F10107CDF800A0ECD905
:105320000EE047F002070A20C3E7013E67E711B12C
:105330004FF0000CDEE730208DF814008C4601277A
:10534000BEF1300FA5EB070504D02020002D05F19C
:10535000FF3509DCBCF1000F04D0013A04F801CBA1
:105360003FF41DAF25440AE0013A04F8010BEDD1EA
:1053700015E7029904F8011B013A3FF410AF291B0D
:105380000029F6DC05A92244013FFFF408AF785C50
:1053900004F8010B9442F7D101E70020F5E600BFC5
:1053A00004BB030830BB03080BBB0308094901FB1E
:1053B00000F310B502469B0D00203D241BB93C2A8A
:1053C00088BF013010BD04FB1322184401FB02F317
:1053D0009B0DF3E7970C010070B544F2444505FBC3
:1053E00000F31B0D00243C2633B93B2884BF013455
:1053F0003C3810600C6070BD06FB13001C4405FBBC
:1054000000F31B0DF0E782B082B00DF1080C0CE93F
:105410000600BDF8042003930B44BDF810100A44A5
:1054200091B212B2B2F57A7FA2BFA1F57A720133BE
:1054300012B20360828002B002B0704782B082B0C4
:105440000DF1080C0CE90600BDF804200393CB1AFB
:10545000BDF81010521A91B212B2002ABEBF01F567
:105460007A7203F1FF3312B20360828002B002B09D
:105470007047000030B585B0114D6B4683E80300DE
:1054800000230293ADF80C3003A82B699847009BCA
:10549000BDF804400290181ABDF80C30E41AA3B20B
:1054A00024B2002CBEBF03F57A7400F1FF3024B2A1
:1054B0002B689847AB682046984705B030BD00BFC1
:1054C00090B8030873B5114E002305460093ADF85C
:1054D000043001A833699847F368009098477368CF
:1054E00004469847009B1844BDF8043023449AB200
:1054F0001BB2B3F57A7FA2BF0130A2F57A731BB25B
:1055000028602846AB8002B070BD00BF90B8030889
:1055100037B500230093ADF80430074B04461B69F0
:1055200001A898476D46009095E8030084E80300C1
:10553000204603B030BD00BF90B8030837B50F4D0B
:1055400002AB03E90300EB6898476B680446984791
:10555000BDF80430009A1B1B99B21BB2002BA2EBC2
:105560000002BEBF01F57A7302F1FF321BB24FF4A5
:105570007A7000FB023003B030BD00BF90B8030862
:105580002DE9F0414FF47A75B1FBF5F5C5EB451304
:10559000DFF83C8005EB8303A1EBC3039CB2D8F892
:1055A0000C3006469847D8F8043007469847E31968
:1055B0009AB21BB2B3F57A7F0544A2BFA2F57A7303
:1055C00001351BB23560B3803046BDE8F08100BFC5
:1055D00090B803087FB51A4B42690546A2F144040E
:1055E0000FCB04AE06E90F00286929683D23434329
:1055F0005A1CEB68013B03EB620340F2B552624375
:10560000033203EB92060F4BAA680B444FF461611F
:1056100001FB02336A683C2101FB023304A904F058
:10562000030201EB8202410052F8100C064AC84006
:1056300000F00300301A02FB003004B070BD00BF60
:1056400054B6030880473CFC80510100F0B5434B41
:1056500004460E460FCB89B008AD05E90F0040485F
:10566000404A2044430C03EB90430027002B54D1C5
:105670003D4B984284BFA0F5A830A0F5C07003AAA6
:1056800001A988BF0137FFF7A7FE9DF80C303360F2
:10569000019802A9FFF7A0FE9DF80C3073609DF8F9
:1056A0000830B360314B45F6DE0503FB07556D0E40
:1056B00040F2B5546C430334A7EB940415F0030790
:1056C000F46141D13B2C2FD86000FFF76FFE05EB52
:1056D00085020134264B3061033204EBA20202FB47
:1056E00003335B0DC3EBC303D31AB36108AB03EB06
:1056F0008707420057F8103CD34003F003031C44D3
:105700003D2358430130A4EB600044354FF0FF3394
:10571000F0607561336209B0F0BD02FB13001F44F5
:10572000430C03EB9043A1E7D42C06D8A4F13C0032
:105730004000FFF73BFE0230C9E7A4F1D50040006E
:10574000FFF734FE0730C2E73A2CBDD9D32C02D87C
:10575000A4F13B00ECE7A4F1D400F0E754B6030851
:1057600080B8C303805101007F510100DB66010056
:10577000499204007047704710B54FF0B0430024C1
:105780009A6B4FF0FF329A63D96BDA63996B9C6323
:10579000D96BDC63196C1A64196C1C64596C5A64FB
:1057A000596C5C64996A9A62996A9C62D96ADA62F5
:1057B000D96ADC62196B1A631A6B1C63FFF7DBFF93
:1057C000204610BD38B5104C237805460BB9012092
:1057D00038BD00F0D9FA22784FF47A73B3FBF2F3B4
:1057E000B0FBF3F0FDF780FB04460028EFD10F2D4E
:1057F000EDD8024629464FF0FF30FDF70FFB034B73
:1058000020461D60E4E700BFEC000020F00000200F
:1058100010B50320FDF7F0FA00F0B6FA064B186059
:105820000F20FFF7CFFF044618B9FBF78FFF204684
:1058300010BD0124FBE700BFC8000020034A044B51
:1058400011681B780B441360704700BF9C48002010
:10585000EC000020014B1868704700BF9C480020F6
:10586000014B1868704700BFF000002038B5074CA6
:105870002578854207D0064B20701868FFF7A2FFF5
:1058800000B1257038BD0020FCE700BFEC0000200F
:10589000F0000020014B1878704700BFEC0000209A
:1058A00038B50446FFF7D6FF631C1CBF054B1B78B9
:1058B000054618BFE418FFF7CDFF431BA342FAD3F8
:1058C00038BD00BFEC0000204FF0E022136923F048
:1058D0000203136170474FF0E022136943F00203A3
:1058E000136170470048704700000101014B1868C0
:1058F000000C7047002004E0024B1868C0F30B0056
:10590000704700BF002004E0014BD3F890057047BA
:105910000070FF1F014BD3F8940570470070FF1F04
:10592000014BD3F8980570470070FF1F024A536877
:1059300043F0010353607047002004E0024A5368BB
:1059400023F0010353607047002004E0024A5368CB
:1059500043F0020353607047002004E0024A53689A
:1059600023F0020353607047002004E0024A5368AA
:1059700043F0040353607047002004E0024A536878
:1059800023F0040353607047002004E0044BCA2254
:105990005A6253225A629A6942F001029A61704730
:1059A00000000140084A136B23F004030343136310
:1059B000064B28B993F8F03003F03F035363704768
:1059C00093F83030F8E700BF000001400075FF1F7A
:1059D000034A136B23F0020303431363704700BFB2
:1059E00000000140014B5863704700BF00000140B8
:1059F00038B50A4C236B43F001032363FFF72AFFFA
:105A00000546236B1B0701D5002038BDFFF722FF99
:105A1000401B0A28F5D90320F7E700BF000001402A
:105A2000024A136B23F00103136370470000014027
:105A3000024A536843F4807353607047000001408A
:105A4000024A536823F4807353607047000001409A
:105A50004FF0B0431868C0F3404070474FF0B04378
:105A60001868C0F3802070474FF0B0431868C0F347
:105A7000400070474FF0B042536823F47F4343EA3D
:105A80000023536070474FF0B0431868C0F3406084
:105A9000704700007FB54FF0B0432C4AD3F808316F
:105AA000C0F3031003F00F0352F82040284A52F8C5
:105AB0002330B4FBF3F402F091FD264B054693E846
:105AC0000700B5F5007F04AB03E9070010D0224BB7
:105AD0009C4218D303F5B70303F67F539C4229D9A0
:105AE00003F5741303F510639C4225D802230BE0E1
:105AF0001A4B9C4207D91A4B9C421BD903F537031A
:105B000003F5D853F0E7002304AA02EB830353F80C
:105B10000C4C144D2B6823F0070323432B60FFF735
:105B200099FE06462B6803F007039C4206D100202D
:105B300004B070BD0123E7E70024EAE7FFF78AFE1F
:105B4000801B0228EED90320F2E700BF54B90308F6
:105B5000F4B8030864B60308C0CF6A00BFEA2101A5
:105B60003F9334020040005870B5FFF773FE4FF0CA
:105B7000B0420446136843F001031360FFF774FF5B
:105B8000002848D04FF0B0440020236823F0F003F1
:105B900043F060032360FFF76DFF636823F0FE436B
:105BA00043F080436360FFF755FE00230546A36082
:105BB00041F28836A36813F00C0F33D12268224BD0
:105BC00013402360FFF746FE0446FFF741FF78BB12
:105BD0004FF0B042136823F400131360FFF73AFE4E
:105BE0000446FFF750FF48BB4FF0B043174ADA6056
:105BF0004FF0FF3298611A624FF44032C3F8082127
:105C0000134B144A1A60144B1868FFF7DBFD003879
:105C100018BF012005E0FFF71DFE001B0228ADD9CB
:105C2000032070BDFFF716FE401BB042C2D9F7E754
:105C3000FFF710FE001B6428C7D9F1E7FFF70AFE43
:105C4000001B0A28CDD9EBE7FFF4EEFE0001042289
:105C5000C800002000093D00F000002070B54FF0A2
:105C6000B04486B0E36C43F00103E364E36C03F0FB
:105C700001030093009B164602234FF48072CDE986
:105C800001230D4600230321CDE903314FF090405D
:105C900001A9059303F060FDA36823F0FE4343EAE6
:105CA00006022A43A26006B070BD000010B54FF096
:105CB000B0439A68D96812F00C0205D00C2A4AD178
:105CC00001F00303012B50D14FF0B0412B480B687A
:105CD00013F0080306D00B6813F0080337D1D1F88E
:105CE000941007E00C68240756BFD1F89430096877
:105CF000C3F3032350F82330002A0CBF18460020BA
:105D00004FF0B0418A6802F00C020C2A1ED1CA681A
:105D100002F00302022A2ED0032A06D10B68184A89
:105D200013F4801F174B18BF13464FF0B042D068D2
:105D3000D168D268C0F306205843C1F3021301337F
:105D4000B0FBF3F0530F0133B0FBF3F010BD0B6861
:105D5000C3F30313CEE7042A0AD0082A05D11B682F
:105D600013F4801304D10748CAE700231846C7E795
:105D700003480023C4E7024BD7E700BF54B9030828
:105D80000024F4000048E80108B5FFF78FFF4FF04A
:105D9000B043044A9B68C3F3031352F82330B0FBAB
:105DA000F3F008BDF4B803082DE9F04104460028DB
:105DB00056D04FF0B0439D68DE680368990605F041
:105DC0000C0506F003066CD51DB10C2D4AD1012E31
:105DD00048D1FFF749FE10B1236A002B40D04FF0A5
:105DE000B043A06A1A68120756BFD3F894301B68F4
:105DF0001B0903F0F00398421ED9FFF74BFE002861
:105E00002ED14FF0B042136843F0080313601368BB
:105E1000A16A23F0F0030B431360606AFFF72AFEC8
:105E2000FFF7B2FFA24B1860A24B1868FFF7CAFC3D
:105E3000002836D0BDE8F0814FF0B042136843F03F
:105E4000080313601368A16A23F0F0030B43136087
:105E5000606AFFF70FFEA06AFFF71CFE0028DFD084
:105E60000120E7E7226A4FF0B043002A54D01A68B5
:105E700042F001021A60FFF7EDFC0746FFF7F4FD60
:105E8000002842D04FF0B042136843F0080313607B
:105E90001368A16A23F0F0030B431360606AFFF7F5
:105EA000E9FD2368DB0748D423689F0700F18F8052
:105EB00023681E0740F10081A3694FF0B046002B14
:105EC00000F0E280D6F89430E16903F010029142CC
:105ED00000F0C58003F00302022AC1D0D80740F1C8
:105EE000B480D6F8943023F00103C6F89430FFF75D
:105EF000B1FC0746D6F89430990740F1A680FFF729
:105F0000A9FCC31B112BF5D904E0FFF7A3FCC01BB0
:105F10000228B3D903208DE71A6822F001021A6023
:105F2000FFF798FC0746FFF79FFD0028B9D0FFF761
:105F300091FCC01B0228F6D9ECE7082D03D00C2DEC
:105F400009D1032E07D1FFF783FD0028ACD0636889
:105F5000002BA9D184E74FF0B043A1681A6822F45E
:105F600080120A431A606268B2F5803F12D11A6843
:105F700042F480321A606368DBB1FFF76BFC0746BE
:105F8000FFF766FD00288FD1FFF764FCC01B642873
:105F9000F6D9BFE7B2F5041F1A6803D142F4001224
:105FA0001A60E4E722F480321A601A6822F40012C0
:105FB000E0E7FFF74FFC0746FFF74AFD00283FF4F4
:105FC00073AFFFF747FCC01B6428F5D9A2E7042D87
:105FD00003D00C2D12D1022E10D1FFF73FFD18B1C6
:105FE0002369002B3FF43CAF4FF0B0426169536826
:105FF00023F0FE4343EA0163536059E722694FF0FF
:10600000B04382B11A6842F480721A60FFF722FC32
:106010000646FFF723FD0028E6D1FFF71BFC801B97
:106020000228F6D976E71A6822F480721A60FFF720
:1060300011FC0646FFF712FD00283FF439AFFFF7C9
:1060400009FC801B0228F5D964E74FF0B042E169F2
:10605000D2F8943023F010030B43C2F894304FF081
:10606000B047D7F8943043F00103C7F89430FFF7F6
:10607000F1FB0646D7F894309A071DD4FFF7EAFBE8
:10608000831B112BF6D945E7D6F8943023F0010392
:10609000C6F89430FFF7DEFB0746D6F894309B072E
:1060A0000AD5FFF7D7FBC31B112BF6D932E700BF88
:1060B000C8000020F0000020236858074DD5894F04
:1060C0003B68D9050DD402F0BDF9FFF7C3FB0646C6
:1060D0003B68DA0505D4FFF7BDFB831B022BF7D91C
:1060E00018E7E3684FF0B046002B58D023F0800348
:1060F000052B02BFD6F8903043F00403C6F8903069
:106100004FF0B046FFF7A6FBD6F8903043F00103FE
:106110000746C6F8903041F28838D6F890309B0791
:1061200005D4FFF797FBC31B4345F6D9F2E6E368B6
:1061300023F00403812B1BD1FFF78CFBD6F89030A2
:1061400043F08003C6F8903007464FF0B04641F266
:106150008838D6F89030180504D5E06A00284AD16E
:10616000002067E6FFF776FBC01B4045F1D9D1E67A
:10617000FFF770FBD6F8903023F08003C6F890301C
:1061800007464FF0B04641F28838D6F890301905EE
:10619000E3D5FFF75FFBC01B4045F6D9BAE6FFF732
:1061A00059FBD6F8903023F080030746C6F89030AC
:1061B00041F28838D6F890301A0516D4FFF74AFB1A
:1061C000D6F8903023F00103C6F8903007464FF020
:1061D000B04841F28836D8F890309B07BDD5FFF71C
:1061E00039FBC31BB342F6D994E6FFF733FBC01B60
:1061F0004045DFD98EE60C2D53D04FF0B043022836
:106200001A6822F080721A6033D1FFF723FB05462B
:10621000FFF739FC38BBD4E90C314FF0B0420B43E7
:10622000D068314901400B43E16B0B43216C0B43B8
:10623000616C0B43A16B43EA0123D360136843F005
:1062400080731360D36843F08053D360FFF702FB81
:106250000446FFF718FC002882D1FFF7FBFA001B69
:106260000A28F6D956E6FFF7F5FA401B0A28CFD9D7
:1062700050E6DA6822F00302DA60DA6822F0885227
:1062800022F48032DA60FFF7E5FA0446FFF7FBFB01
:1062900000283FF465AFFFF7DDFA001B0A28F5D9A7
:1062A00038E601283FF4C6AD4FF0B043226BDB68FF
:1062B00003F0030191427FF4D3AD616B03F07002F0
:1062C0008A427FF4CDADA16B03F4FE42B2EB012F05
:1062D0007FF4C6AD626C03F0604393423FF440AF7D
:1062E000BEE500BF000400588C80C1112DE9F041CB
:1062F0000D46044610B90120BDE8F081674E3368B1
:1063000003F007038B4216D32368980727D54FF075
:10631000B047A268BB6823F0F0031343BB60FFF7EC
:1063200099FA0646BB68D90319D4FFF793FA831B81
:10633000022BF7D911E0336823F007030B433360D6
:10634000FFF788FA0746336803F00703AB42DBD058
:10635000FFF780FAC01B0228F5D90320CCE7236899
:106360005A0617D54FF0B0476269D7F8083123F0C5
:106370000F0343EA1213C7F80831FFF76BFA06461A
:10638000D7F80831DB0305D4FFF764FA831B022B2F
:10639000F6D9E2E723685E0713D54FF0B047E2680D
:1063A000BB6823F4E0631343BB60FFF753FA064670
:1063B000BB68980305D4FFF74DFA831B022BF7D96E
:1063C000CBE72368190714D54FF0B0472269BB68A3
:1063D00023F4605343EAC203BB60FFF73BFA06466F
:1063E000BB685A0305D4FFF735FA831B022BF7D994
:1063F000B3E72368DB070FD4284C236803F00703B7
:10640000AB4237D8FFF7C0FC254B1860254BBDE8E1
:10641000F0411868FFF7D6B96368022B1ED1FFF769
:1064200017FB00283FF467AF4FF0B0466268B368CF
:1064300023F003031343B360FFF70CFA41F28838EB
:106440000746B368626803F00C03B3EB820FD3D046
:10645000FFF700FAC01B4045F3D97EE7032B02D1BA
:10646000FFF711FBDDE713B9FFF7FEFAD9E7FFF7F6
:10647000F5FAD6E7236823F007032B432360FFF7E1
:10648000E9F90646236803F00703AB42BAD0FFF7E9
:10649000E1F9801B0228F5D95FE700BF00400058F2
:1064A000C8000020F000002008B5FFF7FFFB4FF008
:1064B000B043054AD3F8083103F00F0352F82330F4
:1064C000B0FBF3F008BD00BFF4B8030808B5FFF750
:1064D0005BFC4FF0B043044A9B68C3F3022352F8BD
:1064E0002330D84008BD00BF34B9030808B5FFF712
:1064F0004BFC4FF0B043044A9B68C3F3C22352F8ED
:106500002330D84008BD00BF34B9030800285ED04E
:106510002F2303604FF0B0431A68920258D54FF40E
:10652000041343604FF0B0431A6802F48012826093
:106530001A6802F0010202625A68C2F3072242623C
:106540001A6802F0F00282621A6802F48072026134
:106550005A68C2F306624261D3F8902012F0010239
:1065600043D0D3F89020D3F89030510737D51A068E
:106570004CBF85230523C3604FF0B043D3F894206C
:1065800002F001028261D3F8942002F01002C2618D
:106590001A6812F0807F14BF02220122C262DA68F8
:1065A00002F003020263DA6802F070024263DA6802
:1065B000C2F306228263DA6802F47812C263DA68F0
:1065C00002F060620264DB6803F06043436470477A
:1065D0001B6813F4803318BF4FF48033A1E71B0608
:1065E00001D58123C7E70123C5E7C260C4E70000E6
:1065F000F0B1E9B14F2303604FF0B0439A6802F065
:106600000C0242609A6802F0F00282609A6802F41A
:10661000E062C2609A6802F460520261D3F8083105
:106620001B01DBB24361034B1B6803F007030B60E4
:10663000704700BF004000584FF0B042136843F469
:10664000002313607047704710B54FF0B044E36902
:10665000DB0504D5FFF7F7FF4FF48073236210BD0D
:106660004FF0B043D3F89400D3F8942042F40002E2
:10667000C3F8942000F07E4070474FF0B043186894
:10668000C0F3802070474FF0B043D3F89000C0F3C0
:10669000400070474FF0B043D3F89400C0F340007F
:1066A00070474FF0B0431868C0F3C00070474FF018
:1066B000B0410209D1F8883002F47F22000123EAB8
:1066C000020300F47F201843C1F8880070474FF0A0
:1066D000B041020CD1F88830120423EA020343EAE5
:1066E0000040C1F88800704710B54FF0B042D36841
:1066F00003F00303022B39D0032B10D0FFF7D1FF97
:106700001B4C014628BBFFF7CCFF012816BFD2F86F
:1067100094101368C1F3032154F8210006E01368B4
:10672000144813F4801F144B08BF18464FF0B042B2
:10673000D368D168D268C3F306235843C1F3021368
:106740000133B0FBF3F0C2F342630133B0FBF3F06B
:1067500010BDFFF7A6FF01280BBF1368D2F89430D5
:10676000C3F30313002354F82300DFE70148DDE7F8
:1067700054B903080024F4000048E80170B5056826
:1067800015F48035044638D001F05CFEFFF762F85E
:10679000684E05463368D80529D54FF0B043616B84
:1067A000D3F8902002F44072914214D0D3F89010A4
:1067B000D3F8902042F48032C3F89020D3F8902090
:1067C00021F4407022F480328907C3F89020C3F886
:1067D000900000F19E804FF0B042616BD2F8903093
:1067E00023F440730B43C2F89030002505E0FFF717
:1067F00031F8401B0228CDD903252368DA070AD5D2
:106800004FF0B0416268D1F8883023EA124392B267
:106810001343C1F8883023689B070AD54FF0B04175
:10682000A268D1F8883023EA124392B21343C1F828
:10683000883023689E0609D54FF0B0422169D2F80E
:10684000883023F440630B43C2F8883023689805EE
:1068500002D5206AFFF73BFF2368590502D5606A1D
:10686000FFF735FF23681A0502D5A06AFFF72FFF4F
:1068700023685B0602D56069FFF719FF23681E06CF
:1068800002D5A069FFF713FF2368D80502D5E06998
:10689000FFF70DFF2368D90611D54FF0B042E1682C
:1068A000D2F8883023F440730B43C2F88830E36891
:1068B000B3F5807F02BFD36843F08073D360236851
:1068C0001A040FD54FF0B042216BD2F8883023F074
:1068D00040430B43C2F88830236B1BB9D36843F0A5
:1068E0008073D36023685B0411D54FF0B042E16A36
:1068F000D2F8883023F040530B43C2F88830E36A63
:10690000B3F1005F03D1D36843F48033D3602846EA
:1069100070BDFEF79FFF41F288360546FFF7B3FED4
:1069200001283FF458AFFEF795FF401BB042F5D960
:1069300062E700BF000400582D4B03604FF0B043E6
:10694000D3F8882002F0030242F440324260D3F8C8
:10695000882002F00C0242F440228260D3F88820A2
:1069600002F44072C260D3F8882002F440620261EF
:10697000D3F88820120902F4407242F44032426196
:10698000D3F88820120902F4406242F44022826166
:10699000D3F88820120902F4405242F44012C26136
:1069A000D3F88820120C02F00C0242F4402202625A
:1069B000D3F88820120C02F0300242F440124262F6
:1069C000D3F88820120C02F0C00242F44002826226
:1069D000D3F8902002F440724263D3F8882002F08A
:1069E00040420263D3F8883003F04053C3627047DB
:1069F000F3CF0100B0F5807F10B500F0738123D88C
:106A0000202800F0F1800AD8022800F0D680102853
:106A100000F08C81012800F0A780002094E040283D
:106A200000F04E818028F8D14FF0B044B54AD4F838
:106A300088301B0903F4406343F44023934200F081
:106A4000A48002F580624AE1B0F5804F00F0DC805E
:106A500027D8B0F5806F00F08A81B0F5006F00F0A4
:106A6000A381B0F5007FD8D14FF0B043A64AD3F848
:106A700088301B0C03F00C0343F44023934200F0D6
:106A8000D380B3F10C1F22D0043A934240F05F81CF
:106A9000FFF700FE0128C0D14FF0B043D3F8943087
:106AA00022E0B0F5004F25D0B0F5803FB5D14FF0D2
:106AB000B042D2F8903003F44073B3F5007F0DD0AC
:106AC000B3F5407F00F08681B3F5807FA5D1FFF755
:106AD000DAFD0128A1D14FF4004035E0FFF7DAFDDF
:106AE00001289AD1D2F89430DB064CBFFA204FF43B
:106AF000FA4029E04FF0B042D2F8883003F040432A
:106B0000B3F1804FEAD0B3F1004FE0D033B913684E
:106B10009C0182D5BDE81040FFF7E6BD13689807D9
:106B20007FF57BAFFFF7BDFD7849024668B9FFF7F7
:106B3000B8FD4FF0B043012816BFD3F894201B686E
:106B4000C2F3032251F8220010BDFFF7AAFD4FF057
:106B5000B04301280BBF1B68D3F89430C3F3031371
:106B6000002351F82300EFE74FF0B043684AD3F811
:106B7000883003F0030343F44033934254D0B3F11D
:106B8000031FA4D0013A934203D1BDE81040FFF7A0
:106B90008DB8FFF78BF84FF0B0435E499A689B6859
:106BA000C2F30312C3F3C22351F82220B0FBF2F068
:106BB000594A52F82330D840C6E74FF0B044524A01
:106BC000D4F8883003F00C0343F4402393422BD0D5
:106BD000B3F10C1F3FF47BAF043A9342D5D0FFF7DB
:106BE00065F8A268A368B8E04FF0B044D4F88830E4
:106BF00003F44063B3F5006F16D0B3F5406F3FF474
:106C000066AFB3F5806FE9E74FF0B042D2F8883055
:106C100003F04053B3F1005F0DD0B3F1405FB4D047
:106C2000B3F1805F7FF4F9AEFFF727FD01287FF411
:106C3000F4AE3A4888E7136899017FF5EEAED36861
:106C400003F00303022B39D0032B10D0FFF729FDEB
:106C50002E4C014628BBFFF724FD012816BFD2F8B1
:106C600094101368C1F3032154F8213006E013682F
:106C70002B4813F4801F294B08BF03464FF0B04246
:106C8000D068D168D268C0F306205843C1F302131C
:106C90000133B0FBF3F0C2F344430133B0FBF3F034
:106CA00052E7FFF7FEFC01280BBF1368D2F89430BF
:106CB000C3F30313002354F82330DFE7174BDDE75A
:106CC0004FF0B044174AD4F888301B0903F44073DE
:106CD00043F4403393423FF458AF02F5807293423D
:106CE000A2D07CE74FF0B0440F4AD4F888301B099B
:106CF00003F4405343F4401393423FF446AF02F58C
:106D00008052ECE700040C0008000C0054B90308A2
:106D100002000300F4B8030834B903080024F400A7
:106D20000048E80100010300001030004FF0B043BC
:106D3000D3F8883003F44073B3F5007F3FF474AFA9
:106D4000B3F5407F7FF4E6AE4BF68030FCE6FEF70D
:106D5000ADFF4FF0B0439A689B681F49C2F303121E
:106D6000C3F3022351F82220B0FBF2F020E74FF0EA
:106D7000B0441A4AD4F888301B0C03F0300343F4B3
:106D8000401393423FF450AFB3F1301F3FF49FAE36
:106D9000103A93427FF423AFFFF77CFC01287FF485
:106DA0003CAED4F894309FE64FF0B0440C4AD4F88F
:106DB00088301B0C03F0C00343F4400393423FF4BC
:106DC00033AFB3F1C01F3FF482AE403A93427FF439
:106DD00006AF5DE60348B7E6F4B8030820003000CC
:106DE0008000C00040420F004FF0B042936823F48F
:106DF00000430343936070474FF0B042D2F89030A5
:106E000043F02003C2F8903070474FF0B043D3F8FE
:106E1000902022F02002C3F890209A6922F4007298
:106E20009A6170474FF0B043D3F8902042F02002AF
:106E3000C3F890209A6942F400729A61034AD2F82A
:106E4000803043F40023C2F88030704700080058B7
:106E5000704708B54FF0B043DB699B0501D5FFF7DC
:106E6000F7FF08BD70B54FF0B04586B0EB6C43F04E
:106E70000103EB64EB6C03F001030093009B04221D
:106E80000223CDE901230024032301A906464FF084
:106E90009040CDE90343059402F05EFC0A4B1B6869
:106EA000D90502D401F0CEFA0124D5F8903023F0B0
:106EB000407343EA060040F08070C5F890000CB1C2
:106EC00001F0C8FA06B070BD0004005810B50D4BB3
:106ED0001B6813F4807F4FF0B04406D0D4F8903094
:106EE00023F08073C4F8903010BD01F0ABFAD4F8F1
:106EF000903023F08073C4F89030BDE8104001F06A
:106F0000A9BA00BF000400584FF0B042136843F024
:106F10000403136070474FF0B042136823F004037A
:106F20001360704770477047054BCA225A6253225C
:106F30005A629A6942F480329A61FF225A6270471B
:106F400000280040054BCA225A6253225A629A69AD
:106F500042F400329A61FF225A62704700280040D2
:106F6000054BCA225A6253225A629A6942F480221D
:106F70009A61FF225A62704700280040054BCA22DE
:106F80005A6253225A629A6922F480229A61FF223D
:106F90005A62704700280040024B986900F4802034
:106FA000704700BF0028004030B590F82C30012B0E
:106FB0004FF0020223D01A4B80F82D20CA2501245D
:106FC00080F82C40B1F5807F5D624FF053055D6223
:106FD00017D19A6922F488529A615A6C22F00042C1
:106FE0005A64026B22F001020263DC650C4BFF2243
:106FF0005A620123002280F82D3080F82C201046A0
:1070000030BD996921F408519961D96C21F0004192
:10701000D964016B21F002010163DA65E6E700BF84
:10702000002800407047000070B50B4E036B756D73
:107030001D40EA07044603D50123F365F7F756FF21
:10704000AB0704D50223F365204601F037F801238E
:1070500084F82D3070BD00BF00280040F8B505460B
:107060000C46FEF7F7FB0C4F06463B6DDB0705D5DC
:107070000123FB65002085F82D300BE0621CF4D065
:10708000FEF7E8FB801BA04201D8002CEDD10320C5
:1070900085F82D00F8BD00BF0028004038B50A4C27
:1070A000E36823F02003E360FEF7D4FB0546E368C2
:1070B0009B0601D5002038BDFEF7CCFB401BB0F588
:1070C0007A7FF4D90320F6E70028004090F82D00DD
:1070D000704700002DE9F041114DEC6814F04004B8
:1070E00007461AD1EB6843F08003EB60FEF7B2FB72
:1070F0004FF003080646EB685B0601D4032C02D16F
:107100002046BDE8F081FEF7A5FB801BB0F57A7F35
:1071100084BF87F82D800324EDE70024F0E700BF4B
:107120000028004010B5104BDA6822F08002DA60C7
:107130009A699206044606D4FFF7B0FF10B1032007
:1071400084F82D0010BD9A6922F020029A61FFF7A1
:10715000A5FF10B1032084F82D00034A936943F082
:1071600020039361EEE700BF0028004038B50446D5
:10717000002847D090F82D3003F0FF021BB980F8AB
:107180002C20FAF7E5FA204D022384F82D30CA238B
:107190006B6253236B622046FFF79CFF70BBAB69A9
:1071A00023F08E6323F04003AB6121696368AA6911
:1071B0000B431343A2691343AB61D4E9022343EAAF
:1071C00002432B61D4E90931EA680B4322F4F852F7
:1071D0001343EB602046FFF7A5FF78B9D4E9071306
:1071E000AA690B4322F06042134362691343AB6107
:1071F000FF236B62012384F82D3038BD024BFF2240
:107200005A62FAE70120F8E70028004070B502232F
:107210001C4D80F82D30CA236B6253236B620646E7
:10722000FFF758FF044648BB42F20113A8616B60A8
:107230004FF6FF7328606B61134B2B613F2328646B
:10724000A864E862A8626864E864EB653046FFF70A
:1072500069FF044690B90D4B4FF434021A60586030
:107260009860D860FF236B623046FAF7AFFA86F871
:107270002D40002386F82C30204670BD014BFF22A4
:107280005A62F6E700280040FF007F0000B000408F
:107290000023092803D840EA0310C0B270470A3817
:1072A0000133C0B2F5E700002DE9F04190F82C3031
:1072B000012B05460E4690464FF002035AD02E4F42
:1072C00080F82D300122CA2380F82C207B625323C2
:1072D0007B62FFF7FFFE88BBFB6803F44073B3F5E6
:1072E000807F2BD030787478B178BA69B8F1000F0C
:1072F00033D112F0400208BFF270FFF7C9FF024617
:107300002046FFF7C5FF04460846FFF7C1FFF378A4
:1073100040EA835343EA024343EA0423164A03F054
:107320007F3323F0FE431360936923F4802393613A
:10733000D6E90330916903430B4393612846FFF775
:10734000F1FE0D4BFF225A6210B9012385F82D3052
:10735000002385F82C30BDE8F08112F0400208BF10
:10736000F270240244EA0044F07844EA010343EA5C
:107370008053D3E71846EEE700280040F8B590F8B0
:107380002C30012B05464FF0020039D0012385F83F
:107390002C3085F82D004B78C8788F780E7882BB1A
:1073A000DA0603D523F010020A324A70FFF770FFA5
:1073B00004464878FFF76CFF02463846FFF768FF3F
:1073C00040EA463343EA044343EA0224104ECA2308
:1073D0007362532373622846FFF77CFE38B924F0AA
:1073E0007F4424F0C00474602846FFF79BFEFF230F
:1073F000736210B9012385F82D30002385F82C30F5
:10740000F8BD1B0243EA00433B4343EA4634DDE751
:10741000002800402DE9F04790F82C30012B05465C
:107420004FF0020061D0012385F82C304A4B85F8DB
:107430002D00DE6806F44076B6F5807F70D04C698A
:10744000087891F8018091F802A091F82470002A40
:107450004DD19A6912F0400208BFCA70FFF718FFB9
:1074600081464046FFF714FF80465046FFF710FF65
:1074700082463846FFF70CFF0A6ACB78224342EA7D
:10748000835242EA0A0343EA094343EA082343EAF0
:107490000063314ACA20506253205062886AB0F5B6
:1074A000807F90693ED120F4885090610120D065A2
:1074B000B6F5807F0DBFD1E9063013648B690343B5
:1074C0005364254B4A681A672A6B42F001022A630B
:1074D0009A6942F480729A611F4BFF225A6200201F
:1074E000012385F82D3085F82C00BDE8F087B4F134
:1074F000803F07D0B4F5000F04D09A6912F0400223
:1075000008BFCA700A6A144344EA0A0444EA004302
:10751000C87843EA082343EA805343EA0763B8E79D
:107520000023B6E720F4085090610220D065B6F53C
:10753000807F0DBFD1E9063093648B690343D36428
:10754000054B4A685A672A6B42F002022A639A691D
:1075500042F40072BFE700BF002800402DE9F04769
:1075600090F82C30012B05464FF0020068D0012323
:1075700085F82C304D4B85F82D00DE6806F44076FA
:10758000B6F5807F77D04C69087891F8018091F842
:1075900002A091F82470002A54D19A6912F0400296
:1075A00008BFCA70FFF774FE81464046FFF770FEC1
:1075B00080465046FFF76CFE82463846FFF768FE6D
:1075C0000A6ACB78224342EA835242EA0A0343EA38
:1075D000094343EA082343EA0063344ACA2050625D
:1075E00053205062886AB0F5807F906945D120F4BD
:1075F000885090610120D065B6F5807F0DBFD1E93C
:10760000063013648B6903435364284B4A681A6736
:107610002A6B42F001022A639A6942F488529A6105
:10762000234AD2F8803043F40033C2F880301F4B35
:10763000FF225A620020012385F82D3085F82C00A6
:10764000BDE8F087B4F1803F07D0B4F5000F04D057
:107650009A6912F0400208BFCA700A6A144344EAE9
:107660000A0444EA0043C87843EA082343EA805303
:1076700043EA0763B1E70023AFE720F408509061C5
:107680000220D065B6F5807F0DBFD1E90630936446
:107690008B690343D364054B4A685A672A6B42F0EF
:1076A00002022A639A6942F40852B8E700280040AF
:1076B00000080058030903EB830300F00F0000EB00
:1076C0004300C0B27047000038B5144B986848605A
:1076D000D86800F44070B0F5807F1CD01869C0F302
:1076E0000E0088601B68C3F30540C3F3062503F052
:1076F0007F04C3F3805308704D708C70CB7052B907
:10770000FFF7D8FF08702846FFF7D4FF48702046DF
:10771000FFF7D0FF8870002038BD00BF0028004070
:1077200038B50E4B5B68C3F30740C3F3042503F081
:107730003F04C3F34233C8704D708C700B7052B964
:10774000FFF7B8FFC8702846FFF7B4FF487020461F
:10775000FFF7B0FF8870002038BD00BF0028004050
:1077600010B5B2F5807F18BF4FF400721B480BBFF5
:107770008A628A62026C826C0CBF406CC06CC2F37D
:107780000544C0F30E000C70C2F306244C70486030
:1077900002F07F04C2F305608C7081F82400C2F30C
:1077A000805402F0804002F08032CC7008624A615E
:1077B0008BB90878FFF77EFF08704878FFF77AFFEB
:1077C00048708878FFF776FF887091F82400FFF7FB
:1077D00071FF81F82400002010BD00BF0028004088
:1077E00010B590F82C20012A03464FF002001BD060
:1077F0000E4A83F82D00012483F82C40906920F470
:10780000006020F008009061CA205062532050624E
:107810009069014341F4006191610020FF215162B0
:1078200083F82D4083F82C0010BD00BF00280040D5
:1078300010B590F82C30012B02464FF0020024D0F6
:10784000124B82F82D000124CA2082F82C40586285
:1078500053205862986920F4084020F0080098618D
:10786000986901439961996941F408419961FF213F
:1078700059620749D1F88030002043F40023C1F851
:10788000803082F82D4082F82C0010BD0028004086
:107890000008005890F82C20012A03464FF00200FF
:1078A0001CD0012283F82C200D4A83F82D00CA2118
:1078B000516253215162916921F4084121F008017C
:1078C0009161116D89065CBF0821D165FF2151626C
:1078D0000020012283F82D2083F82C00704700BF80
:1078E0000028004010B590F82C20012A03464FF0E4
:1078F000020014D00A4A83F82D000124CA2183F81B
:107900002C40516253215162916941F08071916123
:107910000020FF21516283F82D4083F82C0010BD18
:107920000028004090F82C30012B02464FF0020056
:107930001FD0012382F82C300E4B82F82D00CA2173
:10794000596253215962996921F08071996120210E
:10795000D965196DC80604D4996909055CBF082169
:10796000D965FF2159620020012382F82D3082F869
:107970002C00704700280040F8B523481546826B5C
:107980004A60C26802F44072B2F5807F0C4635D07E
:10799000076B466B07F07F3222F0FE42C7F30547C4
:1079A0002770A270170A920D6770E27026F07F416F
:1079B000826B626021F0C0010022C6F30426A97028
:1079C000C1F34231EA706E702970BBB92078FFF7BD
:1079D00071FE20706078FFF76DFE6070A078FFF791
:1079E00069FEA0706878FFF765FE6870A878FFF7F9
:1079F00061FEA8702878FFF75DFE2870024B2822F0
:107A0000DA650020F8BD00BF002800407047000084
:107A100038B5064D6B6D1B07044603D5FFF7F6FF1F
:107A20002823EB65012384F82D3038BD0028004061
:107A3000F8B504460D46FDF70DFF104E0746336DB1
:107A40001B0704D5012384F82D30002008E0336D96
:107A5000D90606D51023F365042384F82D300120C0
:107A6000F8BD6A1CEBD0FDF7F5FEC01BA84201D89B
:107A7000002DE4D1032084F82D00F1E70028004018
:107A80002DE9F84390F82C30012B04460E4617469A
:107A90004FF0020023D01E4D84F82D00012384F8FE
:107AA0002C30CA236B6253236B62AB6923F480636F
:107AB000AB61EB685B0614D5154B986920F00700A5
:107AC000384398615E619A6942F480629A61FF224C
:107AD0005A620020012384F82D3084F82C00BDE880
:107AE000F883FDF7B7FE8146EB6813F00408E3D195
:107AF000FDF7B0FEA0EB0900B0F57A7FF4D9FF23C3
:107B000003206B6284F82D0084F82C80E7E700BF27
:107B1000002800402DE9F0471F4690F82C30012B3B
:107B200004460E4690464FF002003AD0274D84F8A6
:107B30002D00012384F82C30CA236B6253236B621F
:107B4000AB6923F48063AB610423EB65EB685B06F0
:107B500012D51E491E4B46EA07464E61886920F041
:107B6000070040EA08008861EFB9D3F8802042F4AA
:107B70008012C3F880201CE0FDF76CFE8246EB68A3
:107B800013F00409E5D1FDF765FEA0EB0A00B0F59E
:107B90007A7FF4D9FF2303206B6284F82D0084F8E8
:107BA0002C90BDE8F087D3F8842042F48012C3F80B
:107BB00084208B6943F488438B61FF234B62002050
:107BC000012384F82D3084F82C00EAE700280040D7
:107BD00000080058F8B590F82C30012B04464FF0FF
:107BE00002002CD0164D84F82D00012384F82C308F
:107BF000CA236B6253236B62AB6923F48843AB6186
:107C0000FDF728FE0746EE6816F004060AD00423A6
:107C1000EB65FF236B620020012384F82D3084F88C
:107C20002C000CE0FDF716FEC01BB0F57A7FEAD9F8
:107C3000FF2303206B6284F82D0084F82C60F8BDCC
:107C400000280040014B586980B27047002800406E
:107C50007047000010B5064B5A6D5207044603D515
:107C60000422DA65FFF7F4FF012384F82D3010BDFC
:107C700000280040F8B505460C46FDF7EBFD0C4F1B
:107C800006463B6D5B0706D50423FB65012385F89B
:107C90002D3000200BE0621CF3D0FDF7DBFD801BD4
:107CA000A04201D8002CECD1032085F82D00F8BDAE
:107CB000002800402DE9F843994690F82C30012B1C
:107CC00005460F4690464FF0020020D01B4E85F827
:107CD0002D00012385F82C30CA237362532373626D
:107CE000F368DA0315D4154B9C6A24F4614424F03C
:107CF000FF0444EA090444EA08043C43FF229C626E
:107D000000205A62012385F82D3085F82C00BDE84B
:107D1000F883FDF79FFD0446F368DB03E3D5FDF729
:107D200099FD001BB0F57A7FF6D9FF23736203201B
:107D3000002385F82D0085F82C30E8E70028004066
:107D400010B590F82C20012A03464FF0020015D000
:107D50000B4A83F82D000124CA2083F82C4050627E
:107D600053205062906A20F48050014391620020B9
:107D7000FF21516283F82D4083F82C0010BD00BF15
:107D8000002800402DE9F84390F82C30012B0446E0
:107D9000884617464FF002003CD0244D84F82D0051
:107DA000012384F82C30CA236B6253236B62FDF7E6
:107DB00051FD8146EE6816F008061CD1AB69DB0662
:107DC00010D4EB6A23F4FF4323F07F0343EA080354
:107DD0003B43EB62AE6916F020061DD12046FFF74B
:107DE0005DF9C8B1FF236B62042384F82D3084F859
:107DF0002C6001200EE0FDF72DFDA0EB0900B0F591
:107E00007A7FD7D9FF236B620320002384F82D00EB
:107E100084F82C30BDE8F883044BFF225A6200201E
:107E2000012384F82D3084F82C00F3E7002800406B
:107E300010B590F82C20012A03464FF0020019D00B
:107E40000D4A83F82D000124CA2083F82C4050628B
:107E500053205062906920F40020014391619169A0
:107E600041F4000191610020FF21516283F82D400F
:107E700083F82C0010BD00BF0028004010B590F81A
:107E80002C20012A03464FF0020014D00A4A83F83E
:107E90002D000124CA2183F82C40516253215162E4
:107EA000916921F4000191610020FF21516283F862
:107EB0002D4083F82C0010BD0028004038B590F804
:107EC0002C30012B04464FF002031DD00F4D80F8DB
:107ED0002D300122CA2380F82C206B6253236B6261
:107EE000FFF7F8F830B9AB6943F01003AB612046F7
:107EF000FFF718F9FF236B6210B9012384F82D30C6
:107F0000002384F82C3038BD1846FCE700280040D8
:107F100038B590F82C30012B04464FF002031DD0E9
:107F20000F4D80F82D300122CA2380F82C206B627F
:107F300053236B62FFF7CEF830B9AB6923F010031F
:107F4000AB612046FFF7EEF8FF236B6210B9012307
:107F500084F82D30002384F82C3038BD1846FCE717
:107F60000028004010B590F82C20012A03464FF05D
:107F7000020014D00A4A83F82D000124CA2183F894
:107F80002C40516253215162916941F0200191616D
:107F90000020FF21516283F82D4083F82C0010BD92
:107FA0000028004010B590F82C20012A03464FF01D
:107FB000020014D00A4A83F82D000124CA2183F854
:107FC0002C40516253215162916921F0200191614D
:107FD0000020FF21516283F82D4083F82C0010BD52
:107FE00000280040014B00201864704700B000409A
:107FF000024B1B6C13600020704700BF00B00040B4
:1080000010B590F82C20012A03464FF002001BD037
:108010000E4A83F82D000124CA2183F82C405162B6
:108020005321516291690A4841F080019161D0F871
:10803000801041F48021C0F88010FF21002051629F
:1080400083F82D4083F82C0010BD00BF00280040AD
:108050000008005810B590F82C20012A03464FF074
:10806000020016D00B4A83F82D000124CA2183F8A0
:108070002C40516253215162916921F40041916178
:108080004021D1650020FF21516283F82D4083F803
:108090002C0010BD002800407047000010B5064BB2
:1080A0005A6D5206044603D54022DA65F6F720FFE2
:1080B000012384F82D3010BD0028004070470000D7
:1080C000F8B505460C46FDF7C5FB0C4F06463B6D63
:1080D0009B0706D50223FB65012385F82D30002080
:1080E0000BE0621CF3D0FDF7B5FB801BA04201D86A
:1080F000002CECD1032085F82D00F8BD00280040AD
:1081000070B50A681E4B15045B6845EA02641443A7
:1081100023EA04034C6824F00204012CCC684FEAE3
:10812000026608BF334304B12B438C6804B1134388
:10813000134A5360D1E9043423438C692343CC6947
:108140002343D3600F4B0C6A9A6902F00072A2427B
:108150000BD0CA225A6253225A629A690C6A22F0E0
:10816000007222439A61FF225A620A68436B1343EA
:10817000034A4363136809680B431360002070BD12
:1081800000B000400028004070B50A68244B150478
:108190005B6845EA0264144323EA04034C6824F054
:1081A0000204012CCC684FEA026608BF334304B1D5
:1081B0002B438C6804B11343194A5360D1E904344A
:1081C00023438C692343CC692343D360154B0C6A4A
:1081D0009A6902F00072A2420BD0CA225A6253225C
:1081E0005A629A690C6A22F0007222439A61FF2255
:1081F0005A620D4AD2F8803043F40023C2F880302E
:10820000074B0C68DA6A2243DA62426B0C6822433D
:1082100042631A6809680A431A60002070BD00BFF3
:1082200000B00040002800400008005810B50C4B7A
:108230001A6822EA01021A600A045C6842EA0162D2
:108240000A4324EA02025A60DA6A22EA0102DA6286
:10825000D963436B23EA01014163002010BD00BFD5
:1082600000B00040F8B50D461446FDF7F3FA0A4F8A
:1082700006463B6B35EA030302D1FD630020F8BDDF
:10828000631CF6D0FDF7E6FA801BA04201D8002C53
:10829000EFD10320F3E700BF00B0004010B5124B50
:1082A0004C689A6902F00072A2420BD0CA225A624C
:1082B00053225A629A694C6822F0007222439A61F2
:1082C000FF225A628B6823B1084A4B889468234383
:1082D00093600A68436B1343044A43631368096855
:1082E0000B431360002010BD0028004000B0004088
:1082F00010B5184B4C689A6902F00072A2420BD07C
:10830000CA225A6253225A629A694C6822F0007259
:1083100022439A61FF225A620F4AD2F8803043F416
:108320000023C2F880300D4B0C68DA6A2243DA620F
:108330008A681AB19C684A8822439A600A68436B2B
:108340001343064A4363136809680B431360002014
:1083500010BD00BF002800400008005800B00040D9
:10836000074B1A6822EA01021A60DA6A22EA01025D
:10837000DA62D963436B23EA01014163002070474D
:1083800000B00040FFF76EBF7047704770477047FE
:10839000704770477047000038B5144B426B5C6BF8
:1083A0001440E1070546DC6301D5FFF7EDFFA207A6
:1083B00002D52846FFF7E9FF630702D52846FFF7F5
:1083C000E5FF600302D52846FFF7E1FFE10202D591
:1083D0002846FFF7DDFFA20202D52846FFF7D9FFA6
:1083E000230202D52846FFF7D5FF38BD00B0004074
:1083F000890001F1804101F531410A60704789002F
:1084000001F1804101F53141086870470C4B4FF490
:1084100000721A604FF4004100225A609960DA60DD
:10842000DA611A625A629A62DA621A635A639A6568
:10843000DA6540F607129A610122C3F88820704776
:1084400000040058024A136843F4807313607047B5
:1084500000040058024A136823F4807313607047C5
:1084600000040058174A0168536823F00E030B43B9
:108470005360154BD3F8802022F48032C3F880205B
:108480005A6822F480325A601A6822F480321A60E4
:108490004268D10342BFD3F8802042F48032C3F84F
:1084A00080204268D20742BF5A6842F480325A6044
:1084B00043689B0741BF044A136843F48033136049
:1084C000002070470004005800080058024A536812
:1084D00043F001035360704700040058024A536898
:1084E00023F001035360704700040058064AD36824
:1084F00000F0070123EA010343EA5010D0609368BB
:1085000019439160704700BF00040058034A936804
:1085100000F0070023EA000393607047000400584E
:1085200010B50D4B0C465B6928B99A0507D500F0CC
:108530005FFA20B110BD9B0501D400F051FA074A43
:108540001369012C23F00403136101D130BFF1E75B
:1085500040BF20BF20BFEDE70004005800ED00E061
:108560000346B3F5804F084601D100F07BBA00F016
:108570005FBA0000064A136823F0070343F00303C1
:108580001360044A136943F00403136130BF70475A
:108590000004005800ED00E0024A136943F00203B2
:1085A0001361704700ED00E0024A136923F00203F3
:1085B0001361704700ED00E0024A136943F01003B5
:1085C0001361704700ED00E0024A136923F01003C5
:1085D0001361704700ED00E070470000024B18681F
:1085E00000F4C060704700BF00040058164B1A68C2
:1085F000B0F5007F02F4C0621CD1B2F5007F01D15A
:10860000002070471A6822F4C06242F400721A60B7
:108610000E4A126832214A430D49B2FBF1F2596900
:10862000490500D522B95B695B05E9D50320704790
:10863000013AF4E7B2F5806F1FBF1A6822F4C062F6
:1086400042F480621A60DBE700040058C800002092
:1086500040420F00054AD36823F400730343D360FC
:10866000D36843F48073D360704700BF00040058A0
:10867000024AD36823F48073D36070470004005823
:10868000024A936843F40043936070470004005823
:10869000024A936823F40043936070470004005833
:1086A000034AD36823F400630343D360704700BFD9
:1086B00000040058034A936823F400630343936063
:1086C000704700BF00040058034A936823F4005326
:1086D00003439360704700BF00040058072830D858
:1086E000DFE800F0040E172F2F2F2F24164B1A6AE5
:1086F0000A431A625A6A22EA01015962002070474D
:10870000114B9A6A0A439A62DA6A22EA0101D96233
:10871000F4E70D4B21F4FC511A6B0904090C0A43D0
:108720001A635A6B22EA01015963E7E7064B9A6D17
:1087300001F008010A439A65DA6D22EA0101D96560
:10874000DCE70120704700BF00040058072824D848
:10875000DFE800F0040B11232323231B104A136AC4
:1087600023EA01011162002070470D4A936A23EA4F
:1087700001019162F7E70A4A21F4FC51136B0904E5
:10878000090C23EA01011163EDE7054A936D01F03D
:10879000080123EA01019165E5E70120704700BF68
:1087A00000040058072830D8DFE800F0040E172F27
:1087B0002F2F2F24164B5A6A0A435A621A6A22EA4A
:1087C0000101196200207047114BDA6A0A43DA622C
:1087D0009A6A22EA01019962F4E70D4B21F4FC51F7
:1087E0005A6B0904090C0A435A631A6B22EA010105
:1087F0001963E7E7064BDA6D01F008010A43DA6511
:108800009A6D22EA01019965DCE70120704700BFFB
:1088100000040058072824D8DFE800F0040B1123D7
:108820002323231B104A536A23EA010151620020CB
:1088300070470D4AD36A23EA0101D162F7E70A4A79
:1088400021F4FC51536B0904090C23EA0101516323
:10885000EDE7054AD36D01F0080123EA0101D16576
:10886000E5E70120704700BF00040058024A936802
:1088700043F480639360704700040058024A936891
:1088800023F480639360704700040058024A9368A1
:1088900043F400739360704700040058024A9368E1
:1088A00023F400739360704700040058054B10F0E8
:1088B000100F1CBF4CF2B0121A601A6810431860F7
:1088C000704700BF00040058024A136823EA0003FF
:1088D0001360704700040058024A936843F48073A1
:1088E0009360704700040058024A936823F4807331
:1088F0009360704700040058024A936843F0800375
:108900009360704700040058024A936823F0800384
:108910009360704700040058024A536843F04003D4
:108920005360704700040058024A536823F0400324
:1089300053607047000400580368402B2FD1194B37
:10894000D3F8942022F00402C3F89420D3F89020A6
:1089500022F00402C3F890201A6A22F004021A627C
:108960005A6A22F004025A624268D10342BFD3F825
:10897000902042F00402C3F890204268D20742BF20
:108980005A6A42F004025A62406810F0020007D0AE
:10899000044A136A43F00403136200207047012065
:1089A000704700BF00080058034AD36923F480438E
:1089B0000343D361704700BF00040058034AD369E2
:1089C00023F400430343D361704700BF0004005801
:1089D000024B5869000300F400407047000400583F
:1089E000024A136843F48043136070470004005840
:1089F0000C4A136823F4804313600B4B1B6832212D
:108A00004B430A49B3FBF1F35169890500D533B9EA
:108A1000536913F4007F14BF032000207047013B0B
:108A2000F2E700BF00040058C800002040420F00D9
:108A30000A4A136823F007031360094B1A690128D7
:108A400042F004021A6105D130BF1A6922F0040213
:108A50001A61704740BF20BF20BFF6E700040058EE
:108A600000ED00E00B4A136823F0070343F0010315
:108A70001360094B1A69012842F004021A6105D1FA
:108A800030BF1A6922F004021A61704740BF20BF4C
:108A900020BFF6E70004005800ED00E00B4A136821
:108AA00023F0070343F002031360094B1A690128FE
:108AB00042F004021A6105D130BF1A6922F00402A3
:108AC0001A61704740BF20BF20BFF6E7000400587E
:108AD00000ED00E0054A136843F007031360044A01
:108AE000136943F00403136130BF7047000400585A
:108AF00000ED00E07047000010B5084CE368DA03B1
:108B000004D54FF48033E360FFF766FDE36A5B074B
:108B100003D50423E362FFF7EDFF10BD0008005802
:108B200030B50A4A536943F480235361EFF310844C
:108B300072B60023CD58C5500433B3F5807FF9D108
:108B40001369DB03FCD484F3108830BD0040005867
:108B50007047704738B52549254C0B69A2684869AC
:108B600020EA020023F470534861224923F00503F0
:108B70001B0411401B0C00292DD0E5684BB1626825
:108B80001A436260194A284613610023A360FFF765
:108B9000E0FF164B1A69D20710D5A2680121022AFC
:108BA00019611FD16369013B6361DBB1206908442E
:108BB000206100F027FA2846FFF7CAFFA16849B9EB
:108BC0000A4B9A6922F080729A615A6922F04072C7
:108BD0005A61217038BD12F0060F14BF25694FF09D
:108BE000FF35CBE70023A360E5E700BF0040005856
:108BF000A048002001000400064B5A69002ABFBFAC
:108C0000054A9A6002F188329A60BABF5869C00F6B
:108C1000002070470040005823016745044B5A6903
:108C200042F000425A615869C043C00F704700BF0C
:108C300000400058074B5A69520041BF064ADA60AB
:108C400002F14432DA6046BF5869C0F380700120F7
:108C5000704700BF004000583B2A1908054B5A696D
:108C600042F080425A61586980F08040C0F38070C1
:108C7000704700BF00400058034A536943F0006347
:108C800053610120704700BF00400058014B5868F5
:108C9000704700BFA048002070B50546FCF7DAFD1C
:108CA000124E04463369D90313D43369DA0744BF3B
:108CB000012232614CF2FA32134011D10B4E30696D
:108CC00010F480200BD0FCF7C5FD001BA842F6D3A2
:108CD00004E0FCF7BFFD001BA842E3D3032070BDF6
:108CE000024A1361024A01205360F8E7004000582D
:108CF000A04800202DE9F041184D98462B78012B13
:108D000006460C46174626D001232B704FF47A7086
:108D100000236B60FFF7C0FFA0B9012E16D1104AE7
:108D2000536943F0010353612760BFF36F8FC4F8A9
:108D300004804FF47A70FFF7AFFF094A536923EAC2
:108D40000606566100232B70BDE8F08139462046A7
:108D5000FFF7E6FEEDE70220F6E700BFA04800209F
:108D6000004000582DE9F0471B4D99462B78012B08
:108D700080460C4617462DD001234FF0000A4FF4D1
:108D80007A702B70C5F804A0FFF786FF064620B165
:108D900085F800A03046BDE8F087C5E902840F4D94
:108DA000AB6943F08073AB616B69B8F1010F43F0BD
:108DB00040736B6109D16B6943F001036B612760FC
:108DC000BFF36F8FC4F80490E4E739462046FFF7FD
:108DD000A7FEDFE70226DDE7A0480020004000589C
:108DE00070B54A4C2378012B00F08E80012323704C
:108DF000002363600368DB070CD5D0E90253190434
:108E00004368434A002B52D1D36A23F07F132B438C
:108E10000B43D362036803F00602062A4ED13C4995
:108E200042690B6A056942F0FF0223EA0203826984
:108E30002A4313430B620368190727D5C169354BD1
:108E4000194215D0324ECA07B36A0BD5026A456A79
:108E500002F17842920A05F1784523F0FF0372622D
:108E600043EA95232A4A0029B8BF43F0004393629E
:108E7000C3699B070AD5836A254903F178439A0A97
:108E8000C36A4A6303F178439B0A8B634FF47A7099
:108E9000FFF702FF40B91E4A536943F400335361A0
:108EA0004FF47A70FFF7F8FE0023237070BD136B48
:108EB00023F07F132B430B431363ABE79E0711D5BE
:108EC00013490B6A0A6A23F0304323F4E10323F4C5
:108ED0007F6323F00F0343F0FF0522EA05020569D3
:108EE0002B43A6E75D07A6D509490A6AD2B2AA2A8A
:108EF00002D0CC2A18BFBB2245690B6A45F0FF059A
:108F000023EA05038569EBE70220CFE7A0480020AC
:108F1000004000580100008042680F23012A0360CE
:108F20000AD8214B002A38D1DA6A02F07F02826027
:108F3000DB6AC3F30643C3601B4B1A6AD2B2AA2A88
:108F400002D0CC2A18BFBB2202611A6A17490A4014
:108F5000C0E905125A6B920202F47F3202F10062FC
:108F600082629A6B920202F47F3202F10062C26264
:108F70005A6A920202F47F3202F1006202629A6A35
:108F8000920202F47F3202F1006242629B6A03F0B5
:108F9000004343F00303C36170471A6B02F07F0282
:108FA00082601B6BC5E700BF00400058007E8F4FFA
:108FB000024B186800F48030704700BF0040005832
:108FC000034A136823F4803303431360704700BFE0
:108FD00000400058024A136843F40043136070478E
:108FE00000400058024A136823F40043136070479E
:108FF00000400058024B1869C0F3C040704700BFE2
:1090000000400058054A536923F47E7343EAC000C8
:1090100040F4803040F0020050617047004000583A
:109020002DE9F041234F3B78012B054688463FD080
:1090300001233B704FF47A7000237B60FFF72CFE16
:10904000044688B92B68042B13D11B4A536943F497
:10905000803343F0040353614FF47A70FFF71CFE32
:109060000446154B1A681B6800233B702046BDE878
:10907000F0814FF0FF33C8F800306E68D5E9013257
:109080001344B3420AD93046FFF7BCFF4FF47A705D
:10909000FFF702FE50B1C8F800600446064A536963
:1090A00023F47E7323F002035361DAE70136E5E728
:1090B0000224DBE7A04800200040005870B5164CA1
:1090C0002378012B054625D00123002623706660F6
:1090D0000368A3604FF47A70FFF7DEFD014610B11C
:1090E0002670084670BD0D4A536943F040735361C2
:1090F0002B68042B07D12061536943F4803343F07C
:1091000004035361EDE7AB68636168682061FFF7B2
:1091100079FFE6E70221E4E7A0480020004000587C
:10912000034AD2F8903043F40043C2F890307047BD
:1091300000040058034AD2F8903023F40043C2F8E8
:109140009030704700040058704770477047704770
:109150007047704770477047704770477047807915
:109160007047806870470000074B1A6822F0400281
:109170001A6040F441704FF4B85218605A601A688F
:1091800042F040021A6070470000015813B50446CF
:10919000002842D0837903F0FF0213B94271F5F73A
:1091A00007FD02234FF0B042A371D2F8943023F4AC
:1091B0000043C2F894301A4B1B681C214B43DB0C54
:1091C00064214B430193019BF3B90121A160FFF797
:1091D000A7FF144AD2F8903043F48053C2F890307D
:1091E000114B9A6842F400629A604FF400629A61EF
:1091F00029B92068FFF7B8FF01232371A16001237B
:10920000A371084602B010BD019B013B0193D2F847
:10921000941011F48041D6D1D9E70121F1E700BFC4
:10922000C80000200008005800040058024A1368D3
:1092300023F04003136070470000015813B5044643
:10924000002837D002238371FFF7F0FFF5F7C7FC42
:10925000194AD2F8903023F48053C2F89030174B5B
:109260009A6822F400629A604FF400629A614FF0AB
:10927000B0421C21D2F8943043F40043C2F8943039
:109280000F4B1B684B43DB0C64214B430193019B49
:109290003BB90120A0600023A3606371A37102B0F9
:1092A00010BD019B013B0193D2F894305B04EED5D5
:1092B0000020F0E70120F2E7000800580004005801
:1092C000C800002037B5174D2B6802461C204343C9
:1092D000DB0C6420434314480193019B93B90120A4
:1092E0009060114C21732B681C214B43DB0C6421D3
:1092F0004B430193019B6BB9012090600A4BDB68E3
:1093000003B030BD019B013B019383689C07E4D50A
:109310000020E6E7019B013B0193A368DB07E9D549
:10932000ECE700BFC80000200000015837B5184D19
:109330002B6802461C204343DB0C64204343154842
:109340000193019BA3B901209060124CFF2323736A
:109350002B681C256B43DB0C64256B430193019B3D
:1093600073B9012090600B4BDB680B7003B030BD0C
:10937000019B013B019383689C07E2D50020E4E751
:10938000019B013B0193A368DB07E8D5EBE700BF36
:10939000C80000200000015813B50F4B0F4C1B688C
:1093A000182253431B0D6422534301460193626903
:1093B000019B02F0040223B902238B60012002B05A
:1093C00010BD019B013B0193606910F00200F6D0D3
:1093D000002AECD11046F2E7C80000200004005833
:1093E00007B50379012B0FD10A4B1B681822534391
:1093F0001B0C0193FFF79EFE019B013B0193019B18
:10940000002BF9D1FFF78CFE03B05DF804EBFFF7FA
:10941000C3BF00BFC8000020F8B51E468379012BEA
:10942000154604460F46DAB22DD14379012B2AD0D6
:10943000022342718371FFF7D3FF0D212046FFF70E
:1094400079FEFFF73FFF390A2046FFF73BFFF9B2ED
:109450002046FFF737FF2E44B5420ED12046FFF7D6
:109460005FFEFFF799FFA06801230038A3714FF05A
:10947000000318BF01206371F8BD15F8011B2046D9
:10948000FFF720FFE8E70220F6E707B501238DF894
:1094900007200DF10702FFF7BFFF03B05DF804FBE3
:1094A000F8B51E468379012B154604460F46DAB2FD
:1094B0002FD14379012B2CD04271FFF791FF1D2151
:1094C0002046FFF737FEFFF7FDFE390A2046FFF77B
:1094D000F9FEF9B22046FFF7F5FE00212046FFF71E
:1094E000F1FE2E44B5420ED12046FFF719FEFFF7DC
:1094F00053FFA06801230038A3714FF0000318BF89
:1095000001206371F8BD29462046FFF70FFF0135A2
:10951000E8E70220F6E70123FFF7C2BFF8B51F46D0
:109520008379012B154604460E46DAB22CD14379D5
:10953000012B29D04271FFF753FF06F0EF03A3F18F
:10954000840253425341237131462046FFF7F2FD16
:10955000FFF7B8FE2F44AF4210D1FFF7E1FD842E94
:1095600002D02046FFF718FFA06801230038A3713E
:109570004FF0000318BF01206371F8BD15F8011BFF
:109580002046FFF79FFEE6E70220F6E7F8B51E4605
:109590008379012B154604460F46DAB227D1437969
:1095A000012B24D04271FFF71BFF39462046FFF7FD
:1095B000C1FDFFF787FE00212046FFF783FE2E4402
:1095C000B5420ED12046FFF7ABFDFFF7E5FEA068E0
:1095D00001230038A3714FF0000318BF012063710D
:1095E000F8BD29462046FFF7A1FE0135E8E7022035
:1095F000F6E737B50023ADF8043001AA02231221A3
:109600000446FFF7C3FFBDF804305BBADA079DB22A
:1096100002D52046FBF758FBAB0702D52046FBF7E7
:1096200059FB680702D52046FBF77EFB290702D5C8
:109630002046FBF77FFBEA0602D52046FBF780FBBE
:10964000AB0602D52046FBF769FB680602D520462B
:10965000FBF746FB290607D5EA05C5F3002120469E
:1096600048BF0121FBF742FBAB0502D52046FBF7C3
:109670004DFB022301AA19462046FFF74FFF03B016
:1096800030BDF8B51E468379012B154604460F46BA
:10969000DAB227D14379012B24D04271FFF7A0FE23
:1096A0000E212046FFF746FDFFF70CFE3946204607
:1096B000FFF708FE2E44B5420ED12046FFF730FDDD
:1096C000FFF76AFEA06801230038A3714FF0000382
:1096D00018BF01206371F8BD15F8011B2046FFF784
:1096E000F1FDE8E70220F6E7F8B51E468379012B85
:1096F000154604460F46DAB22BD14379012B28D008
:109700004271FFF76DFE1E212046FFF713FDFFF7A4
:10971000D9FD39462046FFF7D5FD00212046FFF749
:10972000D1FD2E44B5420ED12046FFF7F9FCFFF7DC
:1097300033FEA06801230038A3714FF0000318BF67
:1097400001206371F8BD29462046FFF7EFFD013582
:10975000E8E70220F6E700002DE9F04F554C002322
:109760004FF0010E4FF003084FF00F0C0A6832FA69
:1097700003F501D1BDE8F08F0EFA03F919EA0202F0
:1097800000F092804D6805F003055F00013D08FA86
:1097900007F6012D6FEA060611D8856805EA060A64
:1097A000CD68BD4045EA0A058560456825EA090996
:1097B0004D68C5F300159D4045EA090545604D68B3
:1097C00005F00305032D21D0C56805EA06098D685B
:1097D000BD4045EA0905C5604D6805F00305022D49
:1097E00014D14FEAD30900EB890903F0070AD9F82D
:1097F00020504FEA8A0A0CFA0AFB25EA0B0B0D6986
:1098000005FA0AF545EA0B05C9F8205005682E400F
:109810004D6805F0030505FA07F73E4306604D68FD
:1098200015F4403F40D023F0030606F1804606F5CC
:10983000803603F00307B568BF004FF0070909FA47
:1098400007F9B0F1904F25EA09092FD01A4DA84227
:109850002ED005F58065A8420CBF02250725BD4026
:1098600045EA0905B5604D68D4F88070D643ED032C
:1098700054BF37401743C4F880704D68D4F88470E3
:10988000AD0354BF37401743C4F884704D68276850
:10989000ED0254BF3740174327604D686768AD023B
:1098A00054BF37401743676001335FE70025D6E7B1
:1098B0000125D4E70008005800040048374A2DE984
:1098C000F04F00234FF0010A4FF0070B4FF00F0944
:1098D00031FA03F401D1BDE8F08F0AFA03FC1CEA67
:1098E000010654D023F0030404F1804404F58034CD
:1098F00003F00307A568BF000BFA07F8B0F1904F1B
:1099000008EA050E45D0264DA84244D005F58065ED
:10991000A8420CBF02250725BD40754517D1D2F8D6
:10992000805025EA0605C2F88050D2F8845025EA16
:109930000605C2F88450156825EA060515605568C5
:1099400025EA06055560A56825EA0805A5600568AD
:1099500003265C0006FA04F423FA06F6254300EB1E
:109960008606056003F00705376AAD0009FA05F5BC
:1099700027EA05053562856825EA0405856045689E
:1099800025EA0C054560C56825EA0404C460013376
:109990009EE70025C0E70125BEE700BF000800588C
:1099A000000400480369194214BF012000207047D9
:1099B0000AB18161704781627047436901EA03021D
:1099C00021EA030141EA02418161704782B04FF40C
:1099D00080330193019B0B430193019BC361C161E0
:1099E000019BC361C3690193C06980F48030C0F3F7
:1099F000004002B07047704708B5044AD168014280
:109A000002D0D060FFF7F7FF08BD00BF0008005884
:109A1000C368002B23D0002922D0B1F5802F1ED19E
:109A200002681B68D363C268036852689A63C2689D
:109A3000036892685A63C2680368D2681A63C2688E
:109A400003681269DA61C268036852699A61C26880
:109A5000036892695A61C2680368D2691A617047E3
:109A600002681B68D361C268036852689A61C26861
:109A7000036892685A61C2680368D268EEE70368B7
:109A8000DB6A0B6003689B6A4B6003685B6A8B60F0
:109A900003681B6ACB60704770B506460C46FBF73F
:109AA000D9FE054632685368DB0701D5002070BD3A
:109AB000611CF8D0FBF7CEFE401BA04201D8002C61
:109AC000F0D10120F3E700002DE9F041824E044679
:109AD0000F460FCE8CB06D460FC50FCE0FC596E862
:109AE0000F0085E80F00A36AE56903B9AD0022689D
:109AF0001368002D00F0DD8023F4C04343F40053CD
:109B000013602268136815F00F0643F00103136019
:109B100020D04FEA15184FEA88080026B04566D8CD
:109B2000C5F3810300229342206840F0998015F02C
:109B3000030540F0A18023680132042A9D60FAD118
:109B400039462046FFF7A8FF2368002800F0AC80C4
:109B50001A6839E0AD08B54203D800200CB0BDE862
:109B6000F081A38FA16922689BB2204651F823306F
:109B70009360A38FA169226801339BB2A387A38F4F
:109B80009BB251F823309360A38FA16922680133FF
:109B90009BB2A387A38F9BB251F823309360A38F0E
:109BA000A169226801339BB2A387A38F9BB251F8AE
:109BB00023309360A38F01339BB2A3873946FFF70D
:109BC0006BFF23681A6868B122F001021A60636DA6
:109BD00043F0100363650120002384F8510084F8EA
:109BE0005030BBE742F080021A600436B3E7A38F1F
:109BF000A16922689BB2204651F823309360A38F5D
:109C0000A169226801339BB2A387A38F9BB251F84D
:109C100023309360A38FA169226801339BB2A3878D
:109C2000A38F9BB251F823309360A38FA169226860
:109C300001339BB2A387A38F9BB251F8233093606B
:109C4000A38F01339BB2A3873946FFF725FF236813
:109C50001A680028B8D142F080021A6004365DE725
:109C6000A18FA66989B2013256F821108160A18FB7
:109C7000013189B2A18756E7A28FA16992B201335F
:109C800051F82220616805EB41050CA901EB85051F
:109C900055F8301C0A4082600022042B3FF450AF7C
:109CA000216801338A60F8E71A6842F080021A607E
:109CB00054E7616823F006030B43136022681368BE
:109CC00023F4C04343F4005313602268136843F045
:109CD00001031360284641E770B6030870B50028F9
:109CE00044D0002942D090F85130012BDCB236D15B
:109CF00090F850200223012A80F851302DD080F8AE
:109D000050400B6843608A68C2600E6946614D68C6
:109D10008560CA6802614A6982618A69C261CA69EA
:109D200002620A6A42624A6A82628A6A0168C2629E
:109D30000A68334322F4A02222F066022B43134325
:109D40000B600268136843F480731360002343655B
:109D500080F8503080F851404464184607E00023F2
:109D600080F85030436D43F008034365012070BD17
:109D700010B5002831D000292FD090F85130012B98
:109D8000DAB223D190F850400223012C80F85130F0
:109D90001AD043680B60C3688B6043690B618368AA
:109DA0004B600369CB6083694B61C3698B61036A54
:109DB000CB61436A0B62836A4B62C36A8B62002386
:109DC00080F8503080F85120184607E0002380F8D2
:109DD0005030436D43F008034365012010BD7047C8
:109DE00010B50446E8B190F8513003F0FF021BB9FA
:109DF00080F85020F7F742FDD4E9013021680A6865
:109E00000343606922F4A022034322F06602134355
:109E10000B60002001236065A06584F85130636405
:109E200010BD0120FCE7704738B50546012480B11C
:109E3000446402680024C487A0F840408487136803
:109E400023F001031360F7F739FD85F8514085F8D9
:109E50005040204638BD012380F860307047406D87
:109E6000704790F851007047704738B501680A682C
:109E700042F4C0720A6001680A6842F4C0620A6073
:109E800001680A6842F001020A60426C042A034633
:109E900055D10168022242640A6822F4C04242F4A9
:109EA00000520A60828F91B2C269521A032A44D9C1
:109EB000828F0168806992B250F822208A609A8F5E
:109EC00098691968013292B29A879A8F92B250F8C3
:109ED00022208A609A8F98691968013292B29A8713
:109EE0009A8F92B250F822208A609A8F98691968E6
:109EF000013292B29A879A8F92B250F822208A60E9
:109F00009A8F013292B29A8738BD998F9C691868EE
:109F100089B2013254F821108160998F013189B2E0
:109F20009987D96901F003019142EED80021032AF3
:109F3000EAD8186801328160F9E70022F1E7052AC2
:109F4000E2D10168022242640A6822F4C04242F46B
:109F500080420A6001680A6822F470020A60C18FB8
:109F6000B0F84220046889B2C1EB9201032936D9C6
:109F7000C28F416B92B251F82220A260C28F446B13
:109F80000168013292B2C287C28F92B254F8222085
:109F90008A60C28F446B0168013292B2C287C28F5D
:109FA00092B254F822208A60C28F446B0168013259
:109FB00092B2C287C28F92B254F822208A60C28FB6
:109FC000B0F84230013292B2C287C28F92B2B2EB85
:109FD000930F99D1190797D1FFF746FF94E711091D
:109FE0000131C2EB0112216811F0180192B21CD1AB
:109FF0004169602901BF216821F4700141EA0251E1
:10A000002160C2F11001C1F38F0192071CBF013121
:10A0100089B2002081420A460DD80021032A3FF66A
:10A0200073AF186801328160F8E71029E9D14169FE
:10A03000B1F5803FDEE7DA8F5D6B1C6892B20130CC
:10A0400055F82220A260DA8F013292B2DA87E1E776
:10A05000F0B5954F04460FCF8FB002AE0FC60FCFAD
:10A060000FC697E80F0086E80F00636C043B0025DD
:10A07000012B019504D82046FFF7F7FE002075E07C
:10A08000A36AE56903B9AD00E16AB4F84220236828
:10A09000012935D1A66D012E31D1E16D0A44E26569
:10A0A0001A6842F4C0621A602268136823F47003CD
:10A0B0001360B4F842002368002800F065810F287F
:10A0C00000F290801A6812F0180F08BF1A68C0F1E9
:10A0D000100102BF22F4700242EA01521A608008A5
:10A0E0008B0718BF01300022824240F054810023C8
:10A0F000042800F0AD80226801309360F8E7A16584
:10A10000E2650022A2871A6822F4C0421A60A168A0
:10A110002046FFF77DFC226923681268DA62226913
:10A12000236852689A622269236892685A62226997
:10A130002368D2681A622268136843F0010313602F
:10A1400040F22B1301932368019A013A019201997D
:10A1500071B91A6822F001021A60636D84F8501018
:10A1600043F010030120636584F851000FB0F0BD87
:10A170005A68D007E8D51A6842F080021A6022684F
:10A18000136823F4C04343F4005313602268136838
:10A1900043F4C06313602268136843F00103136043
:10A1A000E169002940F08280226802236364136819
:10A1B00023F4C04343F4804313602268136823F4FC
:10A1C00070031360B4F84200236848B91A6822F497
:10A1D000C0621A60012384F8513084F85000C5E74A
:10A1E0000F2839D9E28F616B92B251F822209A6020
:10A1F000E38F616B226801339BB2E387E38F9BB2ED
:10A2000051F823309360E38F616B226801339BB276
:10A21000E387E38F9BB251F823309360E38F616B48
:10A22000226801339BB2E387E38F9BB251F823305E
:10A230009360E38FB4F8422001339BB2E387E38F4E
:10A240009BB2B3EB920F7FF419AF11077FF416AFF7
:10A250002046FFF709FE11E71A6812F0180F08BF31
:10A260001A68C0F1100502BF22F4700242EA0552DA
:10A270001A60AA074FEA900000D00130814206D14F
:10A2800000230428E4D0226801309360F9E7E38FCB
:10A29000656B22689BB2013155F823309360E38FE0
:10A2A00001339BB2E387E9E770B60308102D3ED86F
:10A2B000AB080022934223D115F0030534D0A28FBE
:10A2C000A16992B2013351F82220616805EB410582
:10A2D0000EA901EB850555F8301C0A4021688A60FB
:10A2E000A28F013292B2A2870021032B3FF6C6AEA5
:10A2F00022689160A28F013292B20133A287F4E703
:10A30000A18FA669206889B2013256F821108160B8
:10A31000A18F013189B2A187CCE723689D60A38F0B
:10A3200001339BB20132A387042AF6D1A6E6A38F9C
:10A33000A16922689BB251F823309360A38FA16971
:10A34000226801339BB2A387A38F9BB251F82330BD
:10A350009360A38FA169226801339BB2A387A38F67
:10A360009BB251F823309360A38FA1692268013317
:10A370009BB2A387A38F9BB251F823309360A38F26
:10A3800001339BB2A38779E61A6822F4C0621A608F
:10A3900084F8516021E7E38F656B21689BB201323D
:10A3A00055F823308B60E38F01339BB2E3879BE644
:10A3B000F0B58B4F04460FCF8FB002AE0FC60FCF54
:10A3C0000FC697E80F0086E80F00636C043B00257A
:10A3D000012B019504D82046FFF747FD00204FE0F0
:10A3E000E26AB4F842002368012A13D1A16D012961
:10A3F0000FD1E26D0244E265002800F058810F2879
:10A4000040F25C81E28F616B92B251F822209A6037
:10A4100083E0A2650022E065A2871A6822F4C042A8
:10A420001A60A1682046FFF7F3FA226A23681268CF
:10A43000DA62226A236852689A62226A2368926802
:10A440005A62226A2368D2681A622268136843F04B
:10A450000103136040F22B1301932368019A013A20
:10A460000192019971B91A6822F001021A60636DB4
:10A4700084F8501043F010030120636584F8510004
:10A480000FB0F0BD5A68D007E8D51A6842F08002D4
:10A490001A602268136823F4C04343F40053136026
:10A4A0002268136843F4C06313602268136843F0A2
:10A4B00001031360A26AE36902B99B00002B40F01C
:10A4C00091802168022262640A6822F4C04242F448
:10A4D00080420A6021680A6822F470020A60656995
:10A4E000B4F84200B5F5803F01BFA28F013292B2AD
:10A4F000A287226848B9136823F4C063136001235C
:10A5000084F8513084F85000BAE70F2839D9E38F26
:10A51000616B9BB251F823309360E38F616B2268CB
:10A5200001339BB2E387E38F9BB251F823309360F2
:10A53000E38F616B226801339BB2E387E38F9BB2A9
:10A5400051F823309360E38F616B226801339BB233
:10A55000E387E38F9BB251F823309360E38FB4F825
:10A56000422001339BB2E387E38F9BB2B3EB920FA0
:10A570007FF434AF11077FF431AF2046FFF774FC4E
:10A580002CE7116811F01801C0F1100615D1602DEB
:10A5900001BF116821F4700141EA06511160B20750
:10A5A0004FEA900000D0013083420BD100230428F1
:10A5B000E3D0226801309360F9E71029EFD1B5F5B7
:10A5C000803FE5E7E28F656B216892B2013355F871
:10A5D00022208A60E28F013292B2E287E4E700BF74
:10A5E00070B60308102B35D89A0800218A421ED174
:10A5F00013F003032BD0A18FA06989B250F821106A
:10A60000606803EB40030EA800EB830353F8303C73
:10A610000B4021688B60A38F01339BB2A387531C2F
:10A620000022032BA9D8216801338A60F9E7A08FA3
:10A63000A669256880B2013156F82000A860A08F75
:10A64000013080B2A087D1E72268013193600429EC
:10A65000FAD192E7A38FA16922689BB251F8233007
:10A660009360A38FA169226801339BB2A387A38F54
:10A670009BB251F823309360A38FA1692268013304
:10A680009BB2A387A38F9BB251F823309360A38F13
:10A69000A169226801339BB2A387A38F9BB251F8B3
:10A6A00023309360A38F01339BB2A38796E61A6889
:10A6B00022F4C0621A6084F8511023E71A6812F07D
:10A6C0001802C0F1100117D16269602A01BF1A682F
:10A6D00022F4700242EA01521A6080088B0718BF08
:10A6E0000130002282420DD1002303283FF645AFFE
:10A6F000226801309360F8E7102AEED16269B2F562
:10A70000803FE3E7E38F656B21689BB2013255F828
:10A7100023308B60E38F01339BB2E387E2E700BF16
:10A7200070B590F85150012DECB240F0A88090F82F
:10A7300050600225012E80F8515000F0A680D0F81C
:10A74000045180F85040012D4FF0000529D1466C8E
:10A75000C0F80451042E24D0B0F89850C587B0F842
:10A760009C50A0F84050C0E90D13436A0BB9920009
:10A7700092B2A0F842200268136823F01803136015
:10A7800003681A68424B1340602B74D00BD8402BDF
:10A7900010D0404B13406BB1436D43F02003436531
:10A7A00061E0C587DDE7B3F5803FF5D1BDE87040D6
:10A7B000FFF7FEBDC36A012B03D1826D012A15D0BC
:10A7C00083658168FFF724F943697BB102690368F7
:10A7D0001268DA620269036852689A620269036861
:10A7E00092685A6202690368D2681A62B0F84240FD
:10A7F00002234364002C38D00268136843F4C0631A
:10A8000013600268136843F001031360C38F416B48
:10A8100002689BB2002451F823309360C38F416BD0
:10A82000026801339BB2C387C38F9BB251F82330B8
:10A830009360C38F416B026801339BB2C387C38FA0
:10A840009BB251F823309360C38F416B0268013390
:10A850009BB2C387C38F9BB251F823309360C38FE1
:10A8600001339BB2C387204670BD012380F851306D
:10A8700080F85040F7E7BDE87040FFF7E9BB436D53
:10A8800043F0080343650124EDE72C46EBE700BFE6
:10A89000600001004000010073B590F85150012D97
:10A8A000ECB240F0F48090F850600225012E80F860
:10A8B000515000F0F280D0F8045180F85040012D42
:10A8C0004FF000052CD1466CC0F80451042E27D05F
:10A8D000B0F89850C587B0F89C50A0F84050C0E937
:10A8E0000D13436A0BB9920092B2A0F8422002689D
:10A8F000136823F0180343F0100313600268684BD9
:10A9000011680B40602B00F0BD800BD8402B11D09C
:10A91000644B0B4073B1436D43F0200343653EE04D
:10A92000C587DAE7B3F5803FF5D102B0BDE87040E6
:10A93000FFF73EBD00230193C36A012B03D1816D54
:10A9400001294FD083654369402B00F0918090F836
:10A950003030002B40F08480136823F0180343F05C
:10A96000080313608168FFF753F80268136843F027
:10A9700001031360522301930368019A013A019283
:10A98000019979B91A6822F001021A60436D80F8C2
:10A99000501043F010034365012380F851302046E6
:10A9A00002B070BD5A68D207E7D51A6842F080023B
:10A9B0001A600268136823F0180343F01003136051
:10A9C00043697BB1026903681268DA62026903684D
:10A9D00052689A620269036892685A62026903685F
:10A9E000D2681A62B0F8424002234364002C43D07C
:10A9F0000268136843F4C06313600268136843F08D
:10AA000001031360C38F416B02689BB2002451F8AD
:10AA100023309360C38F416B026801339BB2C387BD
:10AA2000C38F9BB251F823309360C38F416B026890
:10AA300001339BB2C387C38F9BB251F8233093601D
:10AA4000C38F416B026801339BB2C387C38F9BB234
:10AA500051F823309360C38F01339BB2C3879EE7C5
:10AA60008168FEF7D5FF0268136843F01803A6E774
:10AA70008168FEF7CDFFA3E7012380F8504080F8FE
:10AA800051308CE702B0BDE87040FFF7E1BA436D8A
:10AA900043F008034365012481E72C467FE700BFAC
:10AAA000600001004000010070B50446002800F07D
:10AAB000A68090F8A430032B40F0A18000F164063A
:10AAC000051D0FCE0FC50FCE0FC596E8070085E810
:10AAD000070094F8A430626FDBB232F0200184F8F2
:10AAE0005130236801D0402A26D194F8081184F807
:10AAF0003010202A01D0402A02D104F1A80222619C
:10AB00001A6822F001021A602046FFF769F9D4F8AA
:10AB1000D800D4F89010B4F8FC20012310F0180FDE
:10AB2000C4F804312046D4F8943065D1FFF7F8FD1D
:10AB3000003818BF012070BDD4F8A0206264B4F8BA
:10AB4000FE20A287D4F80021E2651A6822F00102F3
:10AB50001A602346D4F8B81053F8B82BD165226890
:10AB6000596891652268996851652268D9681165AC
:10AB700022681969D16422685969916422689969C7
:10AB800051642268DB6913642368D4F8D8201A6002
:10AB9000A268B2F5802F04F1DC030ED12268D4F84C
:10ABA000DC10D16322685968916322689968516307
:10ABB0002268DB68136304F1EC0322681968D16131
:10ABC0002268596891612268996851612268DB683E
:10ABD00013612346D4F8A81053F8A82BD162226839
:10ABE000596891622268996851622268DB68136231
:10ABF000012384F851308AE7FFF74EFE98E70120E1
:10AC000099E770477047012373B5044680F86030B8
:10AC100094F8513003F0FD03012BF9D194F8513031
:10AC2000012BD8B200F09E806369602B02D0B3F58F
:10AC3000803F4DD123460022019253F8B82B116872
:10AC400021F07F4121F47E0121F41F4121F0870191
:10AC500044F26000814240F08B8040F6FF71019128
:10AC6000019901390191019900297DD1636D84F821
:10AC7000501043F010036365012384F851302046DF
:10AC8000FFF7C0FFA26804F1DC03002A00F088800F
:10AC9000B2F5802F17D1E2681168C4F8DC10526851
:10ACA0005A60E26892689A60E268D268DA60E268A4
:10ACB00012691A61E26852695A61E26892699A619E
:10ACC000E268D269DA6104F1A8012046FEF7D7FEF6
:10ACD0002546261D55F8642B136823F001031360E5
:10ACE0000FCE0FC50FCE0FC596E8070085E8070009
:10ACF000636BC4F89030A36BC4F89430E38F9BB2BD
:10AD0000C4F89830B4F840309BB2C4F89C30636CFF
:10AD1000C4F8A03094F85130626ADBB284F8A430F1
:10AD2000B4F8423002B99B08A4F8FC30E36DC4F8D3
:10AD3000003194F8303084F80831A38FA4F8FE3045
:10AD4000002384F860306369202B01D0402B04D1AC
:10AD500004F1A8012046FEF792FE23681B68C4F8A0
:10AD6000D830002002B070BD516809073FF578AFB8
:10AD7000D16DC4F8B810926D5A602268526D9A6015
:10AD80002268126DDA602268D26C1A612268926CB5
:10AD90005A612268526C9A612268126CDA6171E71A
:10ADA000E2681168C4F8DC1052685A60E268926880
:10ADB0009A60E268D268DA6085E730B5C38F456B88
:10ADC00002689BB285B055F823309360C38F456B02
:10ADD000026801339BB2C387C38F9BB2044655F808
:10ADE00023309360C38F456B026801339BB2C387E6
:10ADF000C38F9BB255F823309360C38F456B0268B5
:10AE000001339BB2C387C38F9BB255F82330936045
:10AE1000C38F01339BB2C387FEF73EFE88B1226821
:10AE2000136823F001031360636D43F0100363653F
:10AE3000012384F85130002384F850302046FFF776
:10AE4000E1FE2268136843F0800313602368DA6828
:10AE50000092DA680192DA68DB680292039368462E
:10AE60000022B4F84030B4F842109BB20331B3EB87
:10AE7000910F01D2042A01D105B030BDB4F84030A1
:10AE8000A16B50F8045B9BB2013241F82350B4F837
:10AE9000403001339BB2A4F84030E2E7F0B5C36A1A
:10AEA000B0F84250012B85B004460E461FD1826D8A
:10AEB000012A1BD1C36D2B44C365B4F84230AD08E1
:10AEC000180718BF25F00305FAF7C4FC0746E28F00
:10AED000B4F8403092B295429BB201D99D4251D80C
:10AEE000B4F842301A076AD100202EE08365226848
:10AEF000E5650027A787136823F4C0431360A168A2
:10AF00002046FEF785FD226A23681268DA62226A0B
:10AF1000236852689A62226A236892685A62226A97
:10AF20002368D2681A622268136843F00103136031
:10AF30003146FEF7B1FD50B1636D84F8507043F0B7
:10AF400010030120636584F8510005B0F0BD22684C
:10AF5000136843F08003136031462046FEF7B4FDCA
:10AF6000002840F08B80226802236364136823F476
:10AF7000C04343F4804313602268136823F47003D2
:10AF800013609AE731462046FFF717FF711C9ED0E9
:10AF9000FAF760FCC01BB04201D8002E97D122689E
:10AFA000136823F001031360636D43F010036365BE
:10AFB0000120002384F8510084F85030C5E7206850
:10AFC000016801F01801102908BF01684FEA131247
:10AFD00002F1010208BF21F470014FEA021703F1E8
:10AFE0001005C3EB021208BF41EA0251A5EB0705A9
:10AFF00008BF0160AD08930718BF01350022AA42BF
:10B000002BD12B460022032B34D931462046FEF7A4
:10B0100043FD0028C8D12268136843F08003136001
:10B020002368DA680092DA680192DA68DB680292D3
:10B0300003936A46A8423FF457AFB4F84030A16B7F
:10B0400052F8046B9BB2013041F82360B4F84030F1
:10B0500001339BB2A4F84030ECE7E38F606B2168CA
:10B060009BB2013250F823308B60E38F01339BB2E7
:10B07000E387C4E7216801338A60C4E7012064E7FD
:10B08000F0B5C36AB0F84250012B85B004460E46B5
:10B090001FD1826D012A1BD1C36D2B44C365B4F847
:10B0A0004230AD08180718BF25F00305FAF7D2FBA8
:10B0B0000746E28FB4F8403092B295429BB201D974
:10B0C0009D4251D8B4F842301A076AD100202EE0D0
:10B0D00083652268E5650027A787136823F4C043CA
:10B0E0001360A1682046FEF793FC2269236812686A
:10B0F000DA622269236852689A6222692368926838
:10B100005A6222692368D2681A622268136843F07F
:10B11000010313603146FEF7BFFC50B1636D84F844
:10B12000507043F010030120636584F8510005B0AE
:10B13000F0BD2268136843F0800313603146204657
:10B14000FEF7C2FC002840F093802268022363646B
:10B15000136823F4C04343F48043136022681368E8
:10B1600023F4700313609AE731462046FFF725FE6B
:10B17000711C9ED0FAF76EFBC01BB04201D8002EA6
:10B1800097D12268136823F001031360636D43F0C5
:10B19000100363650120002384F8510084F85030C7
:10B1A000C5E72068016811F0180F08BF01684FEA71
:10B1B000131202F1010208BF21F470014FEA0217D5
:10B1C00003F11005C3EB021208BF41EA0251A5EBDF
:10B1D000070508BF0160AD08930718BF01350022BD
:10B1E000AA4234D12B460022032B3DD931462046BA
:10B1F000FEF752FC40B1012384F85130002384F85B
:10B2000050302046FFF7FEFC2268136843F08003AD
:10B2100013602368DA680092DA680192DA68DB6802
:10B220000292039369460022AA423FF44FAFB4F85A
:10B230004030A06B51F8046B9BB2013240F82360A0
:10B24000B4F8403001339BB2A4F84030ECE7E38F10
:10B25000606B21689BB2013250F823308B60E38F22
:10B2600001339BB2E387BBE7216801338A60BBE708
:10B2700001205CE7F8B590F85160069D012E044668
:10B28000F0B27FD194F850700226012F84F85160FB
:10B290007ED0C4E90D13636A84F850000026E68767
:10B2A000A4F840600BB9920092B2A4F84220226840
:10B2B000136823F01803136023681A68354B134092
:10B2C000602B58D009D8402B0FD0334B134063B1BB
:10B2D000636D43F020036365F8BDB3F5803FF7D19C
:10B2E00029462046FFF7DAFD49E0E36A012B03D146
:10B2F000A26D012A16D0A365A1682046FEF788FB3F
:10B3000063697BB1226923681268DA622269236863
:10B3100052689A622269236892685A622269236895
:10B32000D2681A62226802236364136843F001033F
:10B330001360E28FB4F84210B4F8403092B2B2EB2E
:10B34000910F9BB24FEA910001D298420ED8226829
:10B35000136823F001031360012384F851300123A3
:10B36000002084F8513084F85000B5E72946204683
:10B37000FFF723FDDDE729462046FFF781FE002881
:10B38000AAD1ECE7636D43F0080363650120A3E7EE
:10B390003046A1E76000010040000100F8B5044616
:10B3A00090F85100069E0128C5B240F0C38094F881
:10B3B00050700220012F84F8510000F0C180C4E9D0
:10B3C0000D13636A84F850500020E087A4F8400011
:10B3D0000BB9920092B2A4F842202268136823F0BD
:10B3E000180343F0100313602268564B11680B409A
:10B3F000602B00F0978009D8402B0FD0524B0B40A8
:10B4000063B1636D43F02003636536E0B3F5803FBD
:10B41000F7D131462046FFF741FD87E0E36A012B73
:10B4200003D1A16D012946D0A3656369402B6FD07C
:10B4300094F83070002F62D1136823F0180343F0A2
:10B4400008031360A1682046FEF7E2FA2268136839
:10B4500043F0010313603146FEF71EFB23681A68B0
:10B4600068B122F001021A60636D84F8507043F0F5
:10B4700010036365012384F851302846F8BD42F07B
:10B4800080021A602268136823F0180343F0100347
:10B49000136063697BB1226923681268DA622269EA
:10B4A000236852689A622269236892685A62226904
:10B4B0002368D2681A62226802236364136843F027
:10B4C00001031360E28FB4F84210B4F8403092B236
:10B4D000B2EB910F9BB24FEA910001D298421CD877
:10B4E0002268136823F001031360012384F85130AC
:10B4F0000123002584F8513084F85050BDE7A1683D
:10B500002046FEF785FA2268136843F01803BFE768
:10B51000A1682046FEF77CFABBE731462046FFF7DC
:10B520004CFCCFE731462046FFF7AAFD0546002830
:10B53000A3D1DDE7636D43F00803636501259CE754
:10B5400005469AE7600001004000010070B51E4604
:10B55000836C15461B4ADA62826C1B4B5363C26CC8
:10B5600004461A48D062E26C5363636903F06003D7
:10B57000602B1FBF2268136843F001031360226829
:10B58000A06C2B46083201F02DF830B1636D43F00A
:10B59000040363652046FFF735FB2168E06C2B460A
:10B5A00032460C3101F01EF830B1636D43F00403F4
:10B5B00063652046FFF726FB2268136843F4C053F7
:10B5C000136070BD49C10208E9BB020849C2020804
:10B5D0007FB5B0F8423004463BB9012280F85030C4
:10B5E00080F85120002004B070BD0F2B4FEA930566
:10B5F00007D943F6FC72836B416B2A40FFF7A6FF25
:10B60000F0E70168374A08680240602AC3F1100376
:10B6100002D03548824205D10A6822F4700242EA1B
:10B6200003520A60980718BF01350022AA4219D1B7
:10B630002B460022042B22D12046FEF715FC23685E
:10B640004FF49172013A1ED1196821F0010119607D
:10B65000636D84F8502043F010030120636584F883
:10B660005100C0E7E38F606B21689BB2013250F854
:10B6700023308B60E38F01339BB2E387D6E72168E9
:10B6800001338A60D6E75968C907DBD51A6842F0EA
:10B6900080021A602368DA680092DA680192DA6838
:10B6A000DB680292039369460022AA420AD1012371
:10B6B0000025204684F8513084F85050FFF7A1FA55
:10B6C000284690E7B4F84030A06B51F8046B9BB269
:10B6D000013240F82360B4F8403001339BB2A4F843
:10B6E0004030E2E7780001001000010070B54E4ED6
:10B6F00004460FCE8CB06D460FC50FCE0FC596E831
:10B700000F0085E80F00A26AE36902B99B00216877
:10B710000A6822F4C04242F400520A6021680A68B2
:10B7200042F001020A600F2B4FF00202626423D93B
:10B73000A26C3E48A169D062A26C3D4850630622CB
:10B7400062641B092268A06C9B009BB2083200F067
:10B7500049FF50B1636D43F004036365012000238A
:10B7600084F8510084F8503004E02268136843F4F0
:10B77000006313600CB070BD002B42D0980800220B
:10B780009042256816D113F003031FD121680132BE
:10B79000042A8B60FAD14FF491712046FEF77CF9B0
:10B7A000236850B31A6822F001021A60636D43F0F7
:10B7B0001003D2E7A18FA66989B2013256F8211091
:10B7C000A960A18F013189B2A187D9E7A28FA169B0
:10B7D00092B251F82220616803EB41030CA901EBFE
:10B7E000830353F8303C1340AB600022431C042B0E
:10B7F000D1D0216801338A60F9E71A6842F08002EB
:10B800001A602268136823F47003136022681368B7
:10B8100023F4C04343F4804313602046FFF7D8FE6F
:10B82000003818BF0120A5E770B6030849C1020817
:10B83000E9BB020810B5C26AB0F84230012A0446DA
:10B840000CD1816D012908D1C26D1344C365FFF786
:10B85000BFFE003818BF012033E082652268E3652F
:10B860000023A387136823F4C0431360A168204614
:10B87000FEF7CEF8226923681268DA62226923682B
:10B8800052689A622269236892685A622269236820
:10B89000D2681A622268136843F0010313602368B8
:10B8A00040F22B12013A0DD1196821F00101196003
:10B8B000636D84F8502043F010030120636584F821
:10B8C000510010BD5968C907ECD51A6842F08002D2
:10B8D0001A602046FFF70AFFBBE710B5C26AB0F84E
:10B8E0004230012A04460CD1816D012908D1C26D74
:10B8F0001344C365FFF76CFE003818BF012033E026
:10B9000082652268E3650023A387136823F4C0439C
:10B910001360A1682046FEF77BF8226A236812684C
:10B92000DA62226A236852689A62226A23689268FD
:10B930005A62226A2368D2681A622268136843F046
:10B9400001031360236840F22B12013A0DD11968EC
:10B9500021F001011960636D84F8502043F0100359
:10B960000120636584F8510010BD5968C907ECD502
:10B970001A6842F080021A602046FFF7B7FEBBE764
:10B9800070B590F85150012DECB25DD190F8506037
:10B990000225012E80F851505CD0C0E90D13436A96
:10B9A00080F850400025C587A0F840500BB99200A0
:10B9B00092B2A0F842200268136823F018031360C3
:10B9C00003681A68244B1340602B39D009D8402BE8
:10B9D0000ED0224B13405BB1436D43F0200343650F
:10B9E0002CE0B3F5803FF7D1BDE87040FFF775BF9D
:10B9F000C36A012B03D1826D012A15D0836581684A
:10BA0000FEF706F843697BB1026903681268DA62DF
:10BA10000269036852689A620269036892685A620E
:10BA200002690368D2681A62B0F84220416B0223AF
:10BA300043649208836BFFF789FD0024204670BDA4
:10BA4000BDE87040FFF7F6BE436D43F00803436561
:10BA50000124F3E72C46F1E76000010040000100FB
:10BA600073B590F85150012DECB240F0B08090F8D1
:10BA700050600225012E80F8515000F0AE80C0E9E0
:10BA80000D13436A80F850400025C587A0F8405048
:10BA90000BB9920092B2A0F842200268136823F01A
:10BAA000180343F01003136002684D4B11680B40FC
:10BAB000602B00F0878009D8402B0FD0494B0B40FA
:10BAC00063B1436D43F0200343653AE0B3F5803F33
:10BAD000F7D102B0BDE87040FFF7FFBE002301932D
:10BAE000C36A012B03D1816D01294DD08365436960
:10BAF000402B5DD090F83030002B51D1136823F0EB
:10BB0000180343F0080313608168FDF781FF0268A2
:10BB1000136843F001031360522301930368019AF1
:10BB2000013A0192019979B91A6822F001021A606A
:10BB3000436D80F8501043F010034365012380F8F3
:10BB40005130204602B070BD5A68D207E7D51A6856
:10BB500042F080021A600268136823F0180343F071
:10BB60001003136043697BB1026903681268DA62EB
:10BB70000269036852689A620269036892685A62AD
:10BB800002690368D2681A62B0F842400223436433
:10BB900094B1A208836B416BFFF7D8FC0024D0E777
:10BBA0008168FDF735FF0268136843F01803D8E792
:10BBB0008168FDF72DFFD5E7012380F8504080F81C
:10BBC0005130BEE702B0BDE87040FFF733BE436DB1
:10BBD00043F0080343650124B3E72C46B1E700BFF7
:10BBE000600001004000010008B5806A012380F870
:10BBF0005130436D026843F004034365136843F01A
:10BC000080031360FEF7FEFF08BD0000F0B5036877
:10BC10001A68044650058DB00DD55A68510742BFC9
:10BC2000626D42F0010262655A68920742BF626D1E
:10BC300042F0020262655A68D70749D51A6896052C
:10BC400046D51A6842F080021A606369602B03D0FF
:10BC5000B3F5803F40F0D58127683A6812F400526E
:10BC600000F02E81954E0FCE6D460FC50FCE0FC53D
:10BC700096E80F0085E80F00A26AE36902B99B000D
:10BC8000A28F92B2B3EB820F00F28D800223636425
:10BC90003B6823F4C04343F480433B60226813684D
:10BCA00023F47003136060692268B0F5803F01BF20
:10BCB000A38F01339BB2A387B4F8423053B9116804
:10BCC00021F4C0611160012284F8512084F85030C1
:10BCD0000DB0F0BD0F2B34D9E38F616B9BB251F8DF
:10BCE00023309360E38F616B226801339BB2E3875B
:10BCF000E38F9BB251F823309360E38F616B22682E
:10BD000001339BB2E387E38F9BB251F823309360FA
:10BD1000E38F616B226801339BB2E387E38F9BB2B1
:10BD200051F823309360E38FB4F8422001339BB283
:10BD3000E387E38F9BB2B3EB920FC9D11007C7D152
:10BD400017E0116811F01801C3F1100515D1602832
:10BD500001BF116821F4700141EA055111609B088F
:10BD6000AD0718BF0133002199420BD10022042BEB
:10BD700015D12046FEF778F8AAE71029EFD1B0F5E3
:10BD8000803FE5E7E28F656B206892B2013155F89C
:10BD900022208260E28F013292B2E287E4E72168DA
:10BDA00001338A60E3E7A28F92B2C2EB9302032AC7
:10BDB0004FEA930560D994F86030012B13D13B68AA
:10BDC00043F080033B602168002284F860200B6808
:10BDD00023F4C0630B60032384F8513004236364AD
:10BDE00084F8502074E7A38FA2699BB252F82330E5
:10BDF000BB60A38FA169226801339BB2A387A38F85
:10BE00009BB251F823309360A38FA169226801335C
:10BE10009BB2A387A38F9BB251F823309360A38F6B
:10BE2000A169226801339BB2A387A38F9BB251F80B
:10BE300023309360A38F01339BB2A38748E7A28F7F
:10BE4000A66992B2013156F822208260A28F013297
:10BE500092B2A28705F0030291422068EFD313F05B
:10BE600003030BD121688B60A18F0132013189B2AC
:10BE7000042AA187F6D12BE70021EBE7A18FA56962
:10BE800089B255F82110656803EB45030CAD05EB4D
:10BE9000830353F8303C0B408360A38F01339BB284
:10BEA000A38700210132032A3FF612AF236899606D
:10BEB000A38F01339BB2A387F4E700BF70B60308DA
:10BEC000FB680093FB680193FB680293FB68039394
:10BED00069461046B4F84050B4F84230ADB2DE1CAA
:10BEE000B5EB960F01D2042822D1E08FB4F8405070
:10BEF000ADB2B5EB930F80B24FEA930128D3B3EB09
:10BF0000800F25D86369B3F5803F02D1A36D012B63
:10BF100004D02268136823F4C0631360012384F8FB
:10BF20005130002384F850302046FEF76AFECFE6F9
:10BF3000B4F84030A56B51F8046B9BB2013045F862
:10BF40002360B4F8403001339BB2A4F84030C1E71D
:10BF5000E08F256880B2091A03291BD994F8603054
:10BF6000012B10D12B6843F080032B602168002245
:10BF700084F860200B6823F4C0630B60032384F80B
:10BF8000513005232BE7E38F626B9BB252F82330CD
:10BF9000AB60A7E628681909013110F018004FEAD4
:10BFA0000116C3EB011119D16069602801BF28682F
:10BFB00020F4700040EA0150286010339B1B890771
:10BFC0004FEA930300D001339A420DD10022032B94
:10BFD0003FF6CFAE216801338A60F8E71028ECD134
:10BFE0006069B0F5803FE1E7E18F656B206889B259
:10BFF000013255F821108160E18F013189B2E1876A
:10C00000E2E794F85130022B76D12368DA68009287
:10C01000DA680192DA68DB680292039368460022CC
:10C02000B4F84030B4F842109BB2CD1CB3EB950F7E
:10C0300001D2042A13D1B4F84020236892B2B2EBA3
:10C04000910F1CD11A6822F4C0621A602268012381
:10C0500084F85130136823F00103136061E7B4F8EA
:10C060004030A16B50F8045B9BB2013241F8235081
:10C07000B4F8403001339BB2A4F84030D0E794F8D4
:10C080006020012A04D11A6842F080021A606DE72C
:10C09000E28F616B92B251F822209A60E38F616B5C
:10C0A000226801339BB2E387E38F9BB251F82330C0
:10C0B0009360E38F616B226801339BB2E387E38F68
:10C0C0009BB251F823309360E38F616B2268013398
:10C0D0009BB2E387E38F9BB251F823309360E38FE9
:10C0E000B4F8422001339BB2E387E38F9BB2B3EBFA
:10C0F000920F7FF4EDAD3CE6636D43F0080363659A
:10C100002046FEF77FFDE3E570B504464FF49175D8
:10C110000126013D0FD12268136823F0010313604B
:10C12000636D84F8505043F010036365204684F833
:10C130005160FEF767FD23685A68D207E9D51A688F
:10C1400042F080021A6070BD70B53D4E846A0FCE19
:10C150008CB06D460FC50FCE0FC596E80F0085E871
:10C160000F002268136823F400631360636C062BCE
:10C1700054D12046FFF7C8FFA26A02236364E36933
:10C1800002B99B001A0714D01A09920092B2A28732
:10C190000021C3F381028A4225681CD113F00303F6
:10C1A00025D12268013104299360FAD12046FFF796
:10C1B000ABFF2268136823F47003136022681368CE
:10C1C00023F4C04343F48043204613600CB0BDE821
:10C1D0007040FFF7FDB9A08FA66980B2013156F813
:10C1E0002000A860A08F013080B2A087D3E7A18F84
:10C1F000A06989B250F82110606803EB40030CA8D5
:10C2000000EB830353F8303C0B40AB60531C00221F
:10C21000042BCBD0216801338A60F9E723681A68C0
:10C22000084B1340602B02D0B3F5803F03D1B4F824
:10C2300042301B0702D12046FDF716FE0CB070BD40
:10C2400070B60308600001007FB5846A2268136835
:10C2500023F4805313602268136843F08003136053
:10C26000B4F8422011070FD1636903F06002602A1D
:10C2700075D1012384F85130002384F850302046D2
:10C28000FEF7BFFC04B070BD11098B00E387E38F9C
:10C2900025689BB2A4F840302868013110F01800DE
:10C2A0004FEA0116C2EB011142D16369602B01BF55
:10C2B000286820F4700040EA0150286002F1100361
:10C2C0009B1B8A074FEA930318BF01330021994251
:10C2D00034D10022032B3ED92046FDF7C5FD204670
:10C2E000FFF712FF2368DA680092DA680192DA68D1
:10C2F000DB680292039368460022B4F84030B4F839
:10C3000042109BB20331B3EB910FADD2042AABD0F4
:10C31000B4F84030A16B50F8045B9BB2013241F895
:10C320002350B4F8403001339BB2A4F84030E4E726
:10C330001028C3D16369B3F5803FB8E7E28F656B1E
:10C34000206892B2013155F822208260E28F0132DA
:10C3500092B2E287BBE7216801338A60BAE7DB0368
:10C360005FBF2268136823F00103136081E770B593
:10C37000D0E913456560446D14B1D0E91645656098
:10C38000D0E9105404F01C060124B4406C60046829
:10C3900063608368102B03680BBF9A609960036821
:10C3A00003680CBFD960DA6070BD00000268416CA0
:10C3B000D3B210B5083B1424B3FBF4F30B4CA242E8
:10C3C00088BF0B4A21F0030199BF01F1804202F5B9
:10C3D0000232521807338264064AC26403F01F0314
:10C3E000012202FA03F3036510BD00BF07040240F7
:10C3F0001C0802408008024010B5002860D0016887
:10C40000304B99424FF014044DD82F4A0A44B2FBE6
:10C41000F4F292004264A3F207430364022380F81B
:10C4200025300B6823F4FF4323F070030B60D0E941
:10C430000234234304690268234344691168234397
:10C4400084692343C4692343046A23430B43136071
:10C45000FFF7ACFF8368826CB3F5804F04BF002305
:10C460004360436803F07F031360D0E913325A60DE
:10C470004268511E03291ED8144B1344144A826586
:10C4800001229B008A40C265002243651A60D0E900
:10C4900016325A6000230122C36380F8243080F8EA
:10C4A0002520184610BD0B4B0B44B3FBF4F39B0047
:10C4B0004364094BB1E70023C0E91533C365E9E7DD
:10C4C0000120EFE707040240F8FFFDBF3F820010A4
:10C4D00040090240F8FBFDBF0004024038B50028C7
:10C4E0004AD00268136823F0010313600168234BEC
:10C4F00099424FF0140437D8214A0A44B2FBF4F2AF
:10C5000092004264A3F20743002503640D60D0E962
:10C510001023012403F01C0304FA03F35360FFF714
:10C5200045FF836C1D60D0E913325A6041684A1E92
:10C53000032A0AD8134B0B449B009440124981658F
:10C54000C4651D60D0E916325A600023C363C0E998
:10C550001533C0E90B33C0E90D33C36580F82530CE
:10C5600080F82430184638BD084B0B44B3FBF4F375
:10C570009B004364064BC7E70120F4E70704024031
:10C58000F8FFFDBF3F82001040090240F8FBFDBFED
:10C5900000040240F8B590F82450012D20D090F806
:10C5A00025600125AE4280F824504FF0000611D1DD
:10C5B0000768022580F82550C6633D6825F001050F
:10C5C0003D60FFF7D4FE0268136843F00103136077
:10C5D0003046F8BD8023C36380F824602846F8E71E
:10C5E0000220F6E770B590F82450012D04463FD0A4
:10C5F00090F825600125AE4280F824504FF00006E7
:10C6000030D1022580F82550C6630668356825F0CC
:10C6100001053560FFF7ABFE026B0368C2B11A6813
:10C6200042F00E021A60A36C1A68D20342BF1A6865
:10C6300042F480721A60636D1BB11A6842F4807212
:10C640001A602268136843F001031360002070BD74
:10C650001A6822F004021A600268136843F00A03A1
:10C660001360E0E78023C36380F824602846EEE788
:10C670000220ECE740B190F82530022B06D00423CD
:10C68000C363002380F824300120704702681368D8
:10C6900023F00E031360826C136823F4807313601D
:10C6A0000268136823F001031360D0E9101303F04C
:10C6B0001C02012393404B60D0E913325A60436D52
:10C6C00033B11A6822F480721A60D0E916325A60C7
:10C6D000012380F82530002380F824301846704765
:10C6E00010B590F82530022B03D00423C36301203A
:10C6F00010BD0268136823F00E031360026813680C
:10C7000023F001031360826C136823F480731360B9
:10C71000D0E9101303F01C02012393404B60D0E9D1
:10C7200013325A60436D33B11A6822F480721A6072
:10C73000D0E916325A60012380F82530836B00243B
:10C7400080F8244013B198472046D1E71846CFE738
:10C750002DE9F84390F82530022B174604460D4684
:10C76000DAB208D00423C363002380F82430012503
:10C770002846BDE8F88303681B68990603D54FF483
:10C780008073C363F3E7466C06F01C06002D36D1B8
:10C7900002FA06F6F9F75EF84FF008098046216CB8
:10C7A0000A6832402FD0636D7BB1A26D1168E26DD3
:10C7B00011420AD01A6842F480721A60D4E9163223
:10C7C0005A60E36B43F48063E363E36C226D1968A2
:10C7D00011421CBF5A60E36B216C1CBF43F4007311
:10C7E000E363636C03F01C039DBB022202FA03F3B4
:10C7F0004B60012384F8245084F82530B8E70423E3
:10C8000003FA06F6C6E7636C086803F01C0309FA2E
:10C8100003FC1CEA000F09D0012505FA03F34B6065
:10C82000E56384F8242084F82550A1E77B1CB7D069
:10C83000F9F710F8A0EB0800B84201D8002FAED1EC
:10C840002023E3630125002384F8255084F8243055
:10C850008EE7042202FA03F34B60002588E700000C
:10C8600030B4036C426C1C68036802F01C0204259F
:10C8700095402542196814D04D0712D51A689206C2
:10C880005EBF1A6822F004021A60D0E9101303F0A8
:10C890001C02042393404B60036B002B3ED030BC42
:10C8A00018470225954025421DD08D071BD51A68D3
:10C8B000910606D41A6822F00A021A60012380F851
:10C8C0002530436C016803F01C0202239340144A94
:10C8D000914296BF134AC2F884335360002380F814
:10C8E0002430C36AD9E7082505FA02F2224215D09E
:10C8F0000A0713D51A6822F00E021A60D0E9101345
:10C90000012203F01C0302FA03F34B600023C2630D
:10C9100080F8243080F82520436BBEE730BC704798
:10C92000800002400000024010B5034690F8240049
:10C93000012819D093F82540012CE0B212D1032927
:10C9400005D8DFE801F002080B0DDA620846002284
:10C9500083F8242010BD1A630020F8E75A63FBE730
:10C960009A63F9E70120F2E70220F3E710B590F8A7
:10C970002420012A034621D090F825400122944228
:10C9800080F82420E0B217D10022042906D8DFE87D
:10C9900001F003090C110E00DA620846002283F848
:10C9A000242010BD1A630020F8E75A63FBE7C3E9AF
:10C9B0000B225A639A63F6E71046EFE70220F0E78E
:10C9C00090F825007047C06B70470000074B08497E
:10C9D0001A6843F2390001FB020018606FF000434F
:10C9E000B0FBF3F3C3EBC373C01A7047F40000202D
:10C9F0006D4EC641014B1860704700BFF400002027
:10CA000038B505460C46FFF7E1FF611B013190FB8D
:10CA1000F1F303FB1100284438BD01380A44914268
:10CA200000D1704711F8013B00F8013FF7E71044CF
:10CA30000A44914200D1704711F8013B00F8013DD2
:10CA4000F7E70244904200D1704700F8011BF9E774
:10CA5000092802D8303040B270470F2801D837304B
:10CA6000F9E73F207047000030B530B10A4D01446E
:10CA70004FF0FF33814201D1D84330BD10F8012B74
:10CA80005340082243F30004013A2C4092B284EA56
:10CA90005303002AF6D1EDE72083B8ED4FF0FF30C5
:10CAA0007047000030B591B10A4D0A44914200D15F
:10CAB00030BD11F8013B5840082340F30004013B0E
:10CAC0002C409BB284EA5000002BF6D1EEE70846DA
:10CAD000EEE700BF2083B8EDC043704710B51022C9
:10CAE00004460021F130FFF7ACFF0021C4F8141117
:10CAF0002046F022BDE81040FFF7A3BF02460846DB
:10CB00001021F6F743B92DE9F0430446D0F814019B
:10CB100085B00E46154604F2011788B3C0F110091E
:10CB20009145C84628BF90461FFA88F23844FFF75F
:10CB300074FFD4F8143143440F2BC4F8143128D9AE
:10CB4000A94526D204F1F103994613F8012BD97BAC
:10CB5000BB4282EA010203F8012CF6D110224946B9
:10CB60006846FFF75AFF224669466846F6F713F90A
:10CB7000102269464846FFF750FF4644A5EB0805DA
:10CB8000102D09D8AAB231463846FFF746FFC4F83F
:10CB9000145105B0BDE8F08304F1F103711E98460D
:10CBA0001A7811F8010F424003F8012BBB42F7D16C
:10CBB000102241466846FFF730FF22466946684624
:10CBC000F6F7E9F8102269464046FFF726FF1036CF
:10CBD000103DD5E770B588B00C46102200210546FF
:10CBE0006846FFF72EFF224669466846F6F7D3F8F7
:10CBF0009DF90030002B6A464FF0000141DA1378AE
:10CC000012F8010F01315B0043EAD0130F2902F83B
:10CC1000013CF4D19DF80F305B0083F087038DF861
:10CC20000F30D4F81431102B3AD104F201136946B5
:10CC300004F211101A7811F8016B724003F8012BFD
:10CC40009842F7D104F1F10304F20110194613F8E8
:10CC5000012BDE7B984282EA060203F8012CF6D112
:10CC600010220DEB0200FFF7D8FE2246294604A849
:10CC7000F6F791F8102200216846FFF7E2FE08B0AF
:10CC800070BD137812F8010F01315B0043EAD01335
:10CC90000F2902F8013CF4D19DF80F305B00BEE78C
:10CCA0009DF90020002A69464FF0000036DA0A7824
:10CCB00011F8016F0130520042EAD6120F2801F834
:10CCC000012CF4D19DF80F20520082F087028DF8DC
:10CCD0000F20E218802182F801116FF4807003F5B3
:10CCE00081722244001B002681180F2925D95A1C65
:10CCF000102AC3F10F0388BF00231344C4F8143172
:10CD0000694604F2011304F211101A7811F8016B4C
:10CD1000724003F8012B9842F7D193E70A7811F893
:10CD2000016F0130520042EAD6120F2801F8012C9F
:10CD3000F4D19DF80F205200C9E702F8016BD3E748
:10CD4000F2F7E6B82DE9F043CBB00646DDF848919E
:10CD5000174698460D4689B3B9F1000F2ED004A8A6
:10CD6000FFF7BCFE164B1968002401F1140304EB15
:10CD700004101A5C424513D11530014404A8FFF792
:10CD8000BDFEA6B93A46294604A8FFF7BCFE684690
:10CD900004A9FFF71FFF009BC9F80030002003E043
:10CDA0000134172CE3D103204BB0BDE8F0831022EF
:10CDB00031460DEB0200FFF7A6FEE3E70220F3E7A2
:10CDC000B848002070B5E8B04FF4D0720021044696
:10CDD00068460EF0A7FB444A0DF1150102F110035D
:10CDE00052F8040B41F8040B9A42F9D101228DF854
:10CDF00025203D4A0DF1260152F8040B41F8040BA1
:10CE00009A42F9D102228DF8362003228DF847206C
:10CE100004228DF85820344A0DF1590152F8040BC0
:10CE200041F8040B9A42F9D105228DF869202E4A67
:10CE30000DF16A0152F8040B41F8040B9A42F9D142
:10CE400006228DF87A20284A0DF17B0152F8040B56
:10CE500041F8040B9A42F9D107228DF88B20224A1F
:10CE600023AE10685168354603C508329A422E46F3
:10CE7000F7D108238DF89C307F238DF8AD308023C7
:10CE80008DF8BE3081238DF8CF3082238DF8E030CD
:10CE900083238DF8F13084238DF8023185238DF8BA
:10CEA000133186238DF8243187238DF8353188237B
:10CEB0008DF8463189238DF857318A238DF86831F2
:10CEC0008B238DF879318C238DF88A3154B1074B3F
:10CED00020464FF4D07269461C60FFF79EFD00208B
:10CEE00068B070BD0220FBE771BB0308B8480020A2
:10CEF0007E2B01D8FFF726BF0320704730B50D46C3
:10CF000085B01446014668B103AA002000922A4663
:10CF10000390FFF717FF18B90398001B18BF0120F3
:10CF200005B030BD0220FBE72DE9F0410D46BEB053
:10CF300016469846074670B36BB311F00F042CD118
:10CF4000F022214601A8FFF77CFD154B1868214609
:10CF500000F1140201EB0113D45CB4420BD1153380
:10CF600001AA10211844F5F711FF2C462E1BF6B22A
:10CF700044B9204603E001311729EBD103203EB02C
:10CF8000BDE8F08101AA08EB0601B819103CF5F7DD
:10CF900002FFA4B2EAE70220F1E70520EFE700BFB5
:10CFA000B8480020F0B51C4D2C68034685B00846F3
:10CFB000002204F1140102EB02168F5D9F4226D17C
:10CFC00083F08002092A06F1150619D840F2492398
:10CFD000D340DB4313F0010312D1CDE90033CDE997
:10CFE00002337F2210216B46FFF79EFF044628681C
:10CFF000102269463044FFF710FD204605B0F0BD11
:10D0000001461022A019FFF708FD0024F5E70132C0
:10D01000172AD0D10324F0E7B848002009B1FFF760
:10D02000C1BF022070471FB51446A0B100237F2A5C
:10D03000CDE90033CDE9023301D108290DD10A46EB
:10D040006B461021FFF770FF18B969462046FFF7BD
:10D05000A9FF04B010BD0220FBE70320F9E72DE98A
:10D06000F04F91B081469DF868401B9E8A46174656
:10D070009846002B73D0002E71D01C9B002B6ED0D5
:10D08000212C6FD8A5B2FF282A46414630460CBF56
:10D090004FF0010B4FF0030BFFF7BFFC691E5A4620
:10D0A000731C89B208F10100FFF73EFF8346002898
:10D0B0005BD196F80B801C9B4FEAD81883F8008050
:10D0C000331913F8024C13F8031C13F8042C13F84B
:10D0D000013C240444EA0124144344EA0364B8F103
:10D0E000000F0FD1291F0123224689B23046FFF7D6
:10D0F00005FFB0F1000818BF4FF00108404611B01D
:10D10000BDE8F08FCDE901000390082251460DF1F2
:10D1100005008DF80490FFF78AFC8DF80D70292228
:10D1200059463F0A05A88DF80E70CDF810B00EF0E4
:10D13000F9F90C2201A904A8FFF76FFC2A46314631
:10D140000DF11B00FFF769FC02232246E91D04A82C
:10D15000FFF7D4FE002808BF4FF00008CEE74FF0DD
:10D160000208CBE74FF00508C8E74FF00708C5E70E
:10D1700008B5014630B1044B08221868FFF74DFC92
:10D18000002008BD0220FCE7B8480020014B1868C9
:10D19000704700BFB848002008B5014638B1054BBC
:10D1A000186808221044FFF738FC002008BD022050
:10D1B000FCE700BFB8480020014B186808307047F2
:10D1C000B848002008B5014638B1054B186804225C
:10D1D0001030FFF722FC002008BD0220FCE700BF52
:10D1E000B8480020014B186810307047B84800203C
:10D1F0002DE9F04F8BB08B460093149B416890F95A
:10D200000C8090F90D6090F80E90196047780446F4
:10D210009246002F57D002238DF8103004A9C37B0B
:10D22000007C8DF8123007F0C2FAB4F808C06189AA
:10D2300043B26068984545466144B8BF1D466045A5
:10D2400034BF00270127884209D30A218DF8101026
:10D25000207C019304A907F0AAFA019B46B2B4F816
:10D2600008C0608961680CEB400E714520D3A1EBCA
:10D270000C01B1FBF0FC00FB1C11C9B998450ADC9C
:10D28000237833B10223207C8DF8243006A907F0DF
:10D29000E2FA4FF0010920238DF81030207CE37B67
:10D2A0008DF8115004A98DF8123007F080FA45B2BC
:10D2B000009B8BF8005038468AF8006083F8009095
:10D2C0000BB0BDE8F08F4546F2E70000044B054A7D
:10D2D00093F8A831022B18BF062382F888347047D0
:10D2E000404E0020C0480020034BD3F8483313B110
:10D2F000DB6803B118477047C0480020034A137821
:10D3000043F002031370FFF7EFBF00BFBC480020DB
:10D31000034A137843F008031370FFF7E5BF00BF1B
:10D32000BC480020034A137843F004031370FFF74E
:10D33000DBBF00BFBC480020074BD3F8402322F4DA
:10D340008072C3F8402393F8892442F0100283F8D6
:10D350008924FFF7C9BF00BFC04800202DE9F04174
:10D3600016461D4680460F46F7F794FD084A094CBD
:10D370001378278123F0110343F011031370C4E9DC
:10D38000000866812573BDE8F041FFF7ADBF00BF1F
:10D39000BC480020205700201FB5094B8DF809001C
:10D3A00093F88C208DF80A2093F858000D2202A9DA
:10D3B0008DF8082007F0FBF9C0B205B05DF804FB5A
:10D3C000404E002010B5174C94F8C92194F8503005
:10D3D000012A4FF0010294BF84F8D52184F8D721A7
:10D3E000013394F8C821DBB29A4284F850300DD84A
:10D3F0000D48F7F74BFD10B10B48F7F7B7FD0023C9
:10D4000084F85030BDE81040FFF76EBF074CD4F8E9
:10D41000DC1404F2BC40F7F74BFE04F2BC40F7F713
:10D42000F5FDEFE7404E00207C4D0020C048002075
:10D4300008B50948F7F72AFD10B10748F7F796FD38
:10D44000064B93F8162412B1012283F81524BDE887
:10D450000840FFF749BF00BFBC4C0020C048002077
:10D4600010B50C4CD4F8403343F08003C4F840337B
:10D4700094F8163413B10020FFF7DAFF94F88934DA
:10D4800023F0120343F0120384F88934BDE81040FE
:10D49000FFF71CBFC04800202DE9F0414F4C90B071
:10D4A00008B984F8C001B4F8DC30A4F8483094F826
:10D4B000B93084F879304A4B4A4ED3E9100183E8F9
:10D4C0000300D3E9120103F1080282E80300B4F873
:10D4D000CC20A4F88C20D4F8D420C4F89420D4F81C
:10D4E000D820D4F8D010C4F8982000254FF00108B7
:10D4F00003F5407203F54573C4F89010A56384F8F2
:10D50000AB51A4F8B08184F84A5084F8AD5184F846
:10D51000AE51C4F8C451A4F8C85103A9C6F8E454E4
:10D52000A6F8145486F81654C4E9735594F85800B4
:10D53000A4F8D65104932C4B84F8D551039205934B
:10D540008DF8188007F087F9E36FC6F8D83394F8A0
:10D550008D3086F8E43386F8D45394F8C03186F8D9
:10D56000E73306F575770FCF06F57A740FC486F8A2
:10D57000E55386F8E6833B682360022386F8FA3396
:10D58000D6F8483386F81754CDE9015586F8F98363
:10D590001BB15A68DB6801920293144B0793A3F105
:10D5A0004C020892A3F114020992114A0B92213302
:10D5B0000A93A2F18C030C93A2F188030D93131D1F
:10D5C0000E9301A902F1DC0307A802F254720F9333
:10D5D00003F0C4FC10B0BDE8F08100BF404E002055
:10D5E000BC4E0020C048002090560020284D00204E
:10D5F000244F002013B5F7F74DFC0A4B6C4618601A
:10D600002046F7F75FFF94E80300074A074B83E8DB
:10D610000300137843F02003137002B0BDE81040FC
:10D62000FFF762BE30570020BC480020F84B0020B6
:10D630002DE9F041DFF8B48098F8A831022B0646B6
:10D640000D4602D02A4BDB6A984703F0C3FD04461F
:10D6500028B1022003F0EAFD002003F0CBFA98F88D
:10D66000A831012B17D103F0C5FD074630B10020CA
:10D6700003F0B2FC002003F093FA3C4603F0C4FD33
:10D6800048B1002003F0AEFC002003F093FABDE89F
:10D69000F041FFF71BBE002CF9D1164C94F88824FA
:10D6A00094F81634DAB90BB184F84164304604F0CA
:10D6B00023FDD8F83C00F7F7F7FBD4F8BC339842C9
:10D6C000E5D30D48F7F7E2FB10B10B48F7F74EFC36
:10D6D00094F8893443F0100384F88934D7E70BB108
:10D6E00084F84154284604F007FDF1E7404E00203D
:10D6F000D0B90308C0480020604C002073B5154C19
:10D70000154D04F57A76EB6D95F8602095F9881043
:10D7100095F85800009607F02DF9022384F8FA33A3
:10D7200095F8C03184F8FB3395F85800012304F5CF
:10D730008462314684F8F93307F04FF938B1074B6A
:10D7400000205B6B984794F8FA3384F8883402B071
:10D7500070BD00BFC0480020404E0020D0B9030873
:10D76000F8B53B4C94F8A861012E05465DD0022E19
:10D7700062D066B938B9D4E91F0104F1840383E8A3
:10D7800003000020F8BD01284FD0022801D003205B
:10D79000F8E7304F84F8A80107F5757EBEE80F0062
:10D7A00007F57A7CACE80F00DEF80030CCF80030EA
:10D7B00087F8FA53234693F8E92082B393F80021BF
:10D7C000022A2CD1302303FB0646D6F80431C4F8D4
:10D7D0008430C7F8EC3394F88D3096F8082187F838
:10D7E000F833032384F8882087F8FA3397F817244E
:10D7F00087F8E823012387F8F933002387F81634E4
:10D80000154BDB6A9847FFF779FF94F8BE31002B80
:10D81000B7D012490122202004F0BEFAB1E7013648
:10D82000042E03F13003C6D1E7E703F0FDFE002824
:10D83000A8D184F8A851A5E70028A8D1054B84F801
:10D84000A801062283F88824034BDB6A9847DCE7AB
:10D85000404E0020C0480020D0B90308E84F002007
:10D86000F8B505460C46F7F711FB10B12846F7F757
:10D870007DFB0A4F0A4D0B4E3B6B984796F85800BC
:10D8800005F58462214607F0A8F828B17B6B706E1D
:10D890009847A37C85F88834F8BD00BFD0B9030849
:10D8A000C0480020404E00200E4890F8173480F801
:10D8B000C0330D4B93F8792080F8C32393F88D2063
:10D8C00080F8D02393F8C03180F8D333002280F859
:10D8D000D12380F8D22300F5707100F56270FFF754
:10D8E000BFBF00BFC0480020404E0020104890F845
:10D8F0008834DBB190F8173480F8D4330D4BDA6FED
:10D90000C0F8D82393F88D2080F8E423002280F813
:10D91000E52393F8C03180F8E733012280F8E6234D
:10D9200000F5757100F56870FFF79ABF704700BF8A
:10D93000C0480020404E00202DE9F04F91B04FF03C
:10D940000008012B05460F4602928DF81180ADF8B4
:10D95000148005D8C64EC14606F28C4BB94502D399
:10D9600011B0BDE8F08F15F8090004F017FB48442A
:10D97000B842F5DC15F8093009F10104013BE4B2C5
:10D980001F2BEDD801A252F823F000BF0DDA0208D8
:10D9900039DA020869DA02087DDB0208A9DB02082D
:10D9A00049DC020879DC0208EDDC020819DD020816
:10D9B000C5DD0208A9DD020825DE02083BDF0208FA
:10D9C0004DDE0208B5DE020807E002082DE002087D
:10D9D00071E00208AFE0020861D9020861D90208CB
:10D9E00061D9020861D9020861D9020861D9020827
:10D9F00061D9020861D9020861D9020861D9020817
:10DA000061D9020861D902081FDF0208994B2A5D1B
:10DA100093F8BE3109F102099A425FFA89F900F2DE
:10DA2000C18007A9012004F041FA002840F0BA8023
:10DA3000079804F011FAB5E0052004F07FFB88B1E7
:10DA40000521002004F036FB2B5D86F85C3409F1DB
:10DA5000030409F102095FFA89F9E4B215F8093003
:10DA600086F85D34A14679E700238DF812308DF8F1
:10DA700013308DF818308DF82030B8F1000F78D1C0
:10DA8000DFF8F0814FF0050A98F88C208DF83920E6
:10DA9000631E98F849208DF83B202B4498F84820C5
:10DAA0000D938DF83C2098F8AA3198F878208DF8DD
:10DAB0003D20D8F8BC218DF83A300C92DBB17B1CAC
:10DAC0001B1BDBB28DF8383008AB019306AB00931B
:10DAD00098F858000DF113030DF112020CA906F08D
:10DAE000D4FF98F8AA318DF8110033B98DF81130B0
:10DAF0004FF0000922E00523E4E700F007000728C3
:10DB0000F6D198F949209DF9123088F849309A42A7
:10DB10009DF8133088F84830B8BF01229DF81830BE
:10DB2000B8BF88F8AD2188F87830E1E701220DF11F
:10DB30001101032004F030F909F101095FFA89F2BB
:10DB40009DF82030B3FBFAF19142EFD81C44E4B2C7
:10DB500004F1FF395FFA89F94F4506D915F8093004
:10DB6000032B91D0A74298BFA1464C464FF0010825
:10DB700078E709F105095FFA89F9F6E72B5D3D4978
:10DB800003F00F03012281F8AB3109F1020902FA17
:10DB900003F3A1F8B0315FFA89F9002205A9042046
:10DBA00004F0FAF84C465DE707238DF811302B5D41
:10DBB000DFF8C0A0C3F3021203F00F030F2B8DF8A0
:10DBC000303004BF9AF880308DF830308DF8312035
:10DBD00009F1050409F1020209F1030309F104093D
:10DBE000DBB25FFA89F9E95C15F809309AF8580058
:10DBF000D2B21B04AA5C43EA0123134364225343B9
:10DC00000CA90D9306F081FF00F00703072BE4B287
:10DC10008DF8110010D19DF830309DF831208AF830
:10DC200080308AF888300D9BCAF87C30CAF884307E
:10DC30008AF87920C6F8EC338DF81400012205A982
:10DC4000052004F0A9F80DE7D6F848336BB11B683E
:10DC50005BB19847029B8DF8140003F03F038DF8E9
:10DC60001530022205A90620EBE7FF20F2E700BFEE
:10DC7000C0480020404E002003238DF811302B5D5A
:10DC80008DF824300CAB089309F1040209F1030369
:10DC9000DBB2D2B2E95CAB5C09F10202D2B21B0486
:10DCA000AA5C43EA0123134309F10604642209F143
:10DCB000050953435FFA89F90C9300230D9315F876
:10DCC00009308DF83830CA4B08A993F8580006F08F
:10DCD00040FFC3B20028E4B28DF81130FFF6C2AEA7
:10DCE0008DF81430012205A90720AAE72B5D03F067
:10DCF0000F03012B4FF47A7238BF01235343BC4A00
:10DD000009F10209936603F57A73D3665FFA89F91C
:10DD1000002205A9082043E72B5DB54C00228DF8B1
:10DD2000182013F0200218BF01228DF81920DA06FE
:10DD300048BF012203F00F0394F8580048BF8DF844
:10DD4000182006A98DF81A3006F03EFF09F10209E5
:10DD500001305FFA89F93FF425AF9DF81930A54AE3
:10DD600084F88D309DF81A309DF818A0D05C84F8A6
:10DD70008CA0F0F76FFC0223C4F890000CA994F873
:10DD800058008DF830308DF832A006F010FD94F96F
:10DD90004930089040B29842B8BF184684F849000C
:10DDA000002205A90920FBE6914B2A5D93F8BE31BC
:10DDB00009F102099A425FFA89F93FF6F3AE07A921
:10DDC0000B2030E603238DF811302B5D8DF83030B9
:10DDD00009F1040209F10303DBB2D2B209F105042F
:10DDE00009F10209E95CAB5C5FFA89F91B0415F8DB
:10DDF000092043EA01231343642253430D937C4BD0
:10DE00000CA993F8580006F003FFC3B20028E4B24F
:10DE10008DF81130FFF626AE8DF81430012205A9D9
:10DE20000A200EE72A5D724802F00F010123120951
:10DE300003FA01F109F102049340A0F89A10A0F846
:10DE40009830E4B2002205A90C20FAE62B5DDFF839
:10DE5000A0A1039303F007028AF8C82109F1020286
:10DE6000D2B20020A95CC1F302118AF8C911AA5CE0
:10DE7000202102F00F028AF84920FEF7C1FD039B22
:10DE8000C3F3C2022023934018440023C6F8DC34B5
:10DE90008AF85030584B98429CBF4FF47A735843DD
:10DEA00009F1030498BFC6F8DC040020E4B2FFF7D0
:10DEB00089FAD7E52B5D00201A090A3201218DF875
:10DEC00014004D4801FA02FC09F102048445E4B251
:10DED00021DC03F00F03043345488DF8141001FAD8
:10DEE00003F39BB2C0F8C4314FF47A73C0F8CCC1CD
:10DEF00003FA02F25846C6F8D424F6F7C7FF10B169
:10DF00003E48F7F733F8D6F8D4143C48F7F7D0F882
:10DF10003A48F7F77BF8012205A90F2091E609F1AD
:10DF2000020407A92020E4B203F0C0FF00287FF418
:10DF300099AD079803F090FF94E5092004F0FEF8EE
:10DF400000285DD00921002004F0B4F80023ADF8CA
:10DF5000263009F1030209F10203DBB2D2B2E95C17
:10DF6000AB5C2A5D1B0443EA0123134309F104025D
:10DF7000D2B209F1060409F10509AA5C5FFA89F930
:10DF800043EA026315F8092003934FF47A714A4378
:10DF90000DF1300A12125046ADF82420F7F792FA2C
:10DFA000039B03F1965303F5A91303F5EC53089370
:10DFB000D6F83C3300930DF1200999E80600D6F815
:10DFC00038330AA8F7F73AFA0B9B00939AE8060051
:10DFD0000A9B4846F7F717FA99E80300F7F74AFA59
:10DFE00003F02CFA0123E4B286F838343AE500BF96
:10DFF000404E002082BB0308378941004C4D002071
:10E0000086F838042EE50C2004F098F800283FF438
:10E0100029AD0C21002004F04DF896F88834043B1B
:10E02000012B7FF61FAD03F075F91BE509F1020323
:10E0300009F10302D2B2DBB2295DE85CAB5C09F105
:10E04000050409F104095FFA89F91B0443EA002376
:10E0500015F809000B436421594300F00F0003F049
:10E060006BF9E4B28DF81400012205A91120E8E54E
:10E070000D2004F063F800283FF4F4AC0D210020DB
:10E0800004F018F809F10203DBB2174AE85C2B5DD3
:10E09000126809F1040409F103095FFA89F943EAF6
:10E0A000002015F80910E4B203F08EF9DAE4285DD7
:10E0B00009F1020309F1040409F10309DBB25FFA73
:10E0C00089F9EA5C15F809301B0443EA022303438B
:10E0D0006420584303F00EFAE4B28DF814000122D4
:10E0E00005A91320ADE500BF2057002037B5214C0E
:10E0F000D4F8C43113B1E36C0133E36494F8BE3156
:10E100001D4DCBB101A90B2003F0D0FEA0B9B4F88E
:10E110005230B4F8982001339BB29A42A4F852309E
:10E120000AD195F8893484F8C00143F0080385F8D2
:10E1300089340F2385F8683495F88934990703D515
:10E1400095F82D34012B07D994F8AA3123B1A36B8C
:10E150005A1C18BF0133A3630023A5F8143485F8B3
:10E160001634D5F8403323F00203C5F8403303B02A
:10E1700030BD00BF404E0020C048002038B51148D7
:10E18000F6F784FE10B10F48F6F7F0FE0E4D0F4A79
:10E19000D5F8D0310E4C93429EBF4FF47A72534360
:10E1A000C4F8D834FFF7A0F80123D4F8D8140548F0
:10E1B00085F8D631F6F77CFFBDE838400148F6F720
:10E1C00025BF00BF644D0020404E0020378941002C
:10E1D000C048002038B51148F6F758FE10B10F4876
:10E1E000F6F7C4FE0E4D0F4AD5F8CC310E4C9342D3
:10E1F0009EBF4FF47A725343C4F8D434FFF774F8D7
:10E200000123D4F8D414054885F8D531F6F750FF2A
:10E21000BDE838400148F6F7F9BE00BF4C4D00207C
:10E22000404E002037894100C0480020094BD3F8F8
:10E230004023012A0AD008490978C90708D43AB905
:10E2400093F88A04013818BF0120704700207047F6
:10E2500001207047C0480020BC48002007B50023BB
:10E2600001A8019303F05CFE054B93F94900FFF709
:10E2700093F8019BC01A80B203B05DF804FB00BFA5
:10E28000404E00202DE9F347504CBDF828A01E1E3B
:10E290004FF0000508BFAA4680460F46914631461A
:10E2A000524604F59C70CDE90055258084F816543B
:10E2B000FEF7B3FB5FFA8AF284F8372298F8003051
:10E2C000A37098F800305B09042B07D0072B6ED0A1
:10E2D000022B06D0022002B0BDE8F087012384F8AB
:10E2E0001634042384F80431394DC4F80851FF234F
:10E2F00084F80C31374E98F8003084F80D31D6F898
:10E30000E43084F82891C4F810313B7884F8143153
:10E31000684605F59B7384F83021C4F82C3104F06D
:10E3200091F9002850D1009BA4F8440401A8A4F856
:10E330001631C4F84C3403F0F3FD08B11320CAE7DA
:10E34000019B0BB90020C6E796F94900FFF724F8B6
:10E3500094F83732DBB1019B0F2B0FD805F58B7288
:10E3600001A90F2003F0E8FD0028E7D13B78019ACE
:10E3700062F303033B7084F81431ACE705F2FE420C
:10E3800001A903F0D9FD0028D8D10A20A3E705F29E
:10E39000FE452A4601A903F0CFFD0028CED1019BFE
:10E3A00084F82801C4F82C5184F8303193E7002E0A
:10E3B000C8D0002AC6D03146E01CFEF72EFB94F8E8
:10E3C000373201332380BDE7122084E7C0480020A4
:10E3D000C2480020404E002070B54C4D4C4C86B0D9
:10E3E00000238DF8033095F849308DF8093095F801
:10E3F00048308DF80A30D5F890300393D5F8943032
:10E40000049323888DF808000646ADF8143095F87B
:10E41000580004F583630DF1030202A906F002FB24
:10E42000012384F8413495F8493084F842349DF84A
:10E43000033084F84334D4F81834C4F85064C4F872
:10E440004834C4F8583402F013FFB0B995F8A83135
:10E45000012B01D103F096F803F0B8F800230193E3
:10E4600094F8043195F9495094F81764042B0CD8AA
:10E47000DFE803F00E2E320B3600D4F8180403F058
:10E480005BF80028E2D0102000E0032006B070BD49
:10E49000204804F033F9002833D194F80C3123805C
:10E4A000D4F840331C48217843F00203C4F84033C9
:10E4B00094F814340133DBB284F8143484F845340E
:10E4C000164B00259B6AC4F8E45498472846DDE7BC
:10E4D000104804F067F9DEE70E4804F08FF9DAE738
:10E4E00001A804F0AFF870B994F8143413B1019B8B
:10E4F000013B0193074B01983246E9B204F0A8F9B9
:10E50000C9E71120C2E71220C0E700BF404E00203B
:10E51000C0480020C8490020C2480020D0B90308E4
:10E520002DE9F0418EB0064602F054FE002840F07E
:10E53000E180724C94F8A831012B0CD0236C704D03
:10E54000ABB195F80431042B00F2D680DFE803F07C
:10E55000171D21D4250002F04DFE18B10F200EB07A
:10E56000BDE8F08102F050FE0028E7D0F6E7B4F8ED
:10E57000B031D5F81824013B53432364E1E76148E7
:10E5800004F0BFFC68B11120E9E75E4804F0EDFC3F
:10E59000F8E75C4804F021FDF4E75A4804F055FD23
:10E5A000F0E795F80C312B80236C08930DF11808D7
:10E5B00094F849308DF82830404694F8AC318DF805
:10E5C0002A30F6F7A5FFD4F8B831009302AF98E8E7
:10E5D0000600D4F8B4313846F6F730FF97E8030068
:10E5E0000BAB83E80300E36B099300238DF8343011
:10E5F0002B88ADF8363094F8C03101228DF82920EF
:10E600001BB98DF834208DF829303F4B00933F4BD8
:10E6100094F85800A3F1C90208A906F059FBA0B16B
:10E620000B289CD1D5F8E01479B1002E97D0D5F8FD
:10E630004033374843F02003C5F84033F6F738FD40
:10E640003348F6F7E3FC002089E794F8587094F912
:10E65000793094F9492094F88D102E4E384606F002
:10E66000B3FBE36D94F86020009641B2143638464F
:10E6700006F080F9E36D94F9801094F85800009644
:10E6800094F8602006F076F9D5F8CC63A36ED5F83F
:10E69000E003E16E3344C5F8B83395F80431014422
:10E6A000042BC5F8BC1307D0226F636F32440344B8
:10E6B000C5F8B823C5F8BC330023059394F8C031DE
:10E6C0007BB105A803F02CFC90B994F9490095F8AA
:10E6D00037629DF81470FEF75FFE3E4480B2B04290
:10E6E00004D395F81704FFF777FE38E7082036E7DC
:10E6F000132034E70E2032E7032030E7404E00209D
:10E70000C0480020C8490020804E0020A04D0020B5
:10E71000304C0020804C002010B51A48F6F7B6FBAC
:10E7200010B11848F6F722FC174CD4F84033D4F84F
:10E73000E40423F02003C4F8403348B1F6F7B4FBF7
:10E74000B0F5FA5F04D9114B002283F84A2010BDBE
:10E750000120FFF7E5FE0028F9D00B28F7D00B4B7E
:10E7600093F8493084F84234092094F8143484F83A
:10E77000453484F8410403F0BFFCBDE81040FFF7C6
:10E78000B5BC00BF304C0020C0480020404E0020E7
:10E790002DE9F0433B4C8BB01746994694F8C021C5
:10E7A000B4F84830B4F848800E46A16B0491054691
:10E7B0005BBA002A63D094F8AB2102B9226494F8C2
:10E7C000AA014FF0000260F3C7128DF80C2094F8F4
:10E7D000A821012A02BF9DF80C2042F010028DF8FA
:10E7E0000C2094F84A202AB19DF80C2042F0200217
:10E7F0008DF80C20ADF8203094F878308DF8223068
:10E8000094F88C308DF8233094F858308DF82430FB
:10E8100004AB012200931C4B8DF81420D4F89820EF
:10E820008DF8150006910792A3F12F01A3F1300294
:10E8300005A8FEF7DDFC9DF80C30CDF8009060F3E4
:10E8400086138DF80C3032463B4603A92846FFF765
:10E8500019FD08B10A2803D10020FFF761FE20B19D
:10E86000A4F848800BB0BDE8F083049B84F84A000C
:10E87000A36303F029FB002818BF1320F2E7072049
:10E88000F0E700BF404E0020B84E0020022870B5CF
:10E89000054601D027D868BB3A4B3B4C012283F890
:10E8A000D4210222D3F8E03084F80421A218C4F85D
:10E8B00008214CF2FF02A4F80C2184F80F311A0A47
:10E8C0001B0C84F8102184F8113184F80E51FEF7E6
:10E8D0005DFC0822014604F58970FEF79EF804F5F8
:10E8E0008D71082029E0FF282DD00120BDE870405F
:10E8F000FFF716BE244C234A012382F8D431A21C10
:10E90000C4F808214CF2FF02A4F80C2184F8043169
:10E9100084F80E31FEF750FC0822014604F20F1075
:10E92000FEF77BF8FEF732FC0822014604F21710CE
:10E93000FEF773F804F59071092003F0B1FE00288A
:10E94000D3D0112070BD104E0020FEF709FF002427
:10E95000B31CC6F8083186F80441A6F80C51FEF73E
:10E960002BFC0822014606F58770FEF756F8FEF7E5
:10E970000DFC0822014606F58B70FEF74EF8204686
:10E98000B4E700BF404E0020C0480020084B10B53F
:10E99000044608461146DB6B224649B29847054AB1
:10E9A000D2F8403343F00203C2F84033002010BDD8
:10E9B000D0B90308C04800200346D0B1C9B1027BDA
:10E9C00012F00F0205D090F8200010B1002008705E
:10E9D000704793F8280010B901230B70704752B9A3
:10E9E00093F8200008B90223F7E703230B701046C1
:10E9F0007047032070471720704700002DE9F04F43
:10EA000089468DB090460746002800F0A68100296F
:10EA100000F0A3810368002B00F09F814368002B66
:10EA200000F09B818368002B00F09781C368002B66
:10EA300000F09381104605F0B5FE002800F08F81AC
:10EA4000C94CCA4E384603F0CFFA4FF40562002194
:10EA50002046FDF7F6FF4FF4B06200213046FDF787
:10EA6000F0FFC34BC4F8BC3104F55F73089304F5A1
:10EA7000647300254046099308A9BE4B84F858806A
:10EA80000A9384F8A8518DF82C5005F0E4FE0E236B
:10EA900006A994F858008DF8183005F088FE401B40
:10EAA00018BF01204FF00A0B84F8AC0106A994F8B6
:10EAB00058008DF818B005F07AFE4FF0060A84F879
:10EAC000DC0006A994F858008DF818A005F06FFE38
:10EAD0000F2384F8DD0006A994F858008DF818304B
:10EAE00005F065FE1023C4F8A40006A994F85800A8
:10EAF0008DF8183005F05BFE1123C4F8A80006A9B4
:10EB000094F858008DF8183005F051FE1223C4F81F
:10EB1000AC0006A994F858008DF8183005F047FEAF
:10EB20001323C4F8B00006A994F858008DF81830E3
:10EB300005F03DFE1523C4F8B40006A994F858006A
:10EB40008DF8183005F033FE162384F8B90006A9B5
:10EB500094F858008DF8183005F029FE1723C4F8F2
:10EB6000BC00C4F8C40006A994F858008DF8183009
:10EB700005F01DFEC0B21C2384F8C00084F8C80054
:10EB800006A994F858008DF8183005F010FE1D23E2
:10EB900084F8CC0006A994F858008DF8183005F0D8
:10EBA00006FE1E2384F8CD0006A994F858008DF8BF
:10EBB000183005F0FCFD1F23C4F8D00006A994F816
:10EBC00058008DF8183005F0F2FD0B23C4F8D4007E
:10EBD00006A994F858008DF8183005F0E8FD0C23CC
:10EBE00006A9A4F8D80094F858008DF8183005F05C
:10EBF000DEFDD4F8A4306366D4F8A830A366D4F858
:10EC0000AC30E366D4F8B03005904FF00108A4F8BA
:10EC1000DA0023672846D4F8B430636784F8B880F4
:10EC2000C4F89CB084F8A0A0C4F85CB084F860A0DC
:10EC300084F8788084F8AF81FEF72EFC4E4B009567
:10EC40002A464FF0FF3106F55C70C6E9D179C4E978
:10EC50000F5584F8A98186F88954C6F84083F6F7E1
:10EC6000F5F8464B00952A464FF0FF3106F56270E5
:10EC7000F6F7ECF8424B00952A464FF0FF3106F5C7
:10EC80006870F6F7E3F83F4B00952A464FF0FF31E6
:10EC900006F57F70F6F7DAF83B4B00952A464FF001
:10ECA000FF3106F28C40F6F7D1F8384B00952A4632
:10ECB0004FF0FF3106F2A440F6F7C8F802AF344B2C
:10ECC00000952A464FF0FF3106F2BC40F6F7BEF839
:10ECD0003846F6F71DFC97E8030004F5DA7383E87D
:10ECE00003002C4B2C4F1D602C4BC6F84C332C4B87
:10ECF000C6F854332B4BC6F85C332B4BC6F8503355
:10ED00002A4BC6F8583306F553703B68984704F50C
:10ED1000EE70FEF757F820B1112528460DB0BDE87A
:10ED2000F08F204603F068FC0028F5D103F026F8A8
:10ED3000B8B91F4803F0CCFC05460028ECD17B692C
:10ED40009847FDF757FEBB6D94F8A9019847FB6AF9
:10ED50009847012386F88A34DFE70325DDE7092594
:10ED6000DBE71325D9E700BF404E0020C048002054
:10ED7000000101019056002019E70208A9D80208F5
:10ED8000EDD8020831D40208D5E102087DE102087D
:10ED9000C5D30208BC480020D0B90308F5D5020845
:10EDA0005DD3020825D3020811D30208FDD2020860
:10EDB000284F002008B5034B0020C3F84003FEF79E
:10EDC00085FA08BDC048002010B5FFF72FFA0A4C9D
:10EDD00060B90A4B93F8A831022B02D1084BDB6AC9
:10EDE00098470123C4F84033002010BDD4F84003F5
:10EDF000013818BF0120F8E7C0480020404E00202D
:10EE0000D0B9030870B52D4B8AB0054693F8DD00E4
:10EE10008DF8090093F8DC008DF80A0028489A6BF9
:10EE200090F81404039200268DF80B0004960C460B
:10EE300000293ED00692D3F898200792B3F84820D4
:10EE400093F8AA118DF8151052BAADF8202093F856
:10EE50008C2093F858308DF8243003AB8DF82200C5
:10EE60008DF8232000930DF10A020DF10B030DF133
:10EE7000090105A88DF81460FEF7BAF99DF909009B
:10EE8000FEF78AFA607004A803F04AF898B9049B68
:10EE90000F2B0AD86278934207D8D11A2B442170DD
:10EEA0009A4238BF08200AB070BD002323700820A2
:10EEB000F9E70320F7E71320F5E700BF404E0020F5
:10EEC000C04800201FB50446002800F03A810078B1
:10EED0004C2800F23081DFE810F04D00530058005C
:10EEE0005D006000630067006C002E012E012E01A2
:10EEF0002E012E012E01F200DE002E012E012E0128
:10EF00002E012E012E012E012E012E012E012E0189
:10EF10002E012E01700074007E00850088008B0099
:10EF200090008E009200960099009C009F00A20025
:10EF3000A500B400B800C000BC00C400C700CB00EE
:10EF4000D200D0002E01D600030107012E012E01B0
:10EF50002E012E012E012E012E012E012E012E0139
:10EF60002E012E012E01FF000B01100114011801CA
:10EF70001C012501754B93F8A831237104B010BD15
:10EF8000724B93F8C031237102E0FEF7FFF8606026
:10EF90000020F3E7FEF710F9F9E7FEF723F9F6E7AB
:10EFA0006A4B93F8AA31EEE7684BD3F8E030636020
:10EFB000EEE7664BD3F8E430F9E7644B93F8A931F8
:10EFC000E1E71B238DF80830604B02A993F8580045
:10EFD00005F0EDFBDBE75E4B043493E8030084E8C7
:10EFE0000300D5E75B4B0434F7E75B4B0434F4E7ED
:10EFF0005A4B0434F1E71923E4E71823E2E7534BB3
:10F0000093F87830BFE7514B5B6ED0E74F4B9B6E68
:10F01000CDE74E4BDB6ECAE74C4B1B6FC7E74B4B44
:10F020005B6FC4E702238DF80830484B02A993F8C0
:10F030008C2093F858008DF80A2005F0B8FB207159
:10F04000A6E7424B93F9DD309DE7404B93F94930F9
:10F0500099E73E4B93F9DC3095E73C4B93F9483008
:10F0600091E73A4BDB6DA2E7384B93F860308AE7C3
:10F07000364BD3F8943063608AE7344B97E7334BD1
:10F08000D3F8D430F7E7314BD3F8BC31636005F0E7
:10F09000F3FEA0607CE72D4A0023114692F8F001B0
:10F0A000072805D103EB031303F2F1130B447EE7AA
:10F0B0000133172B02F11102F0D102205EE7234A3F
:10F0C0000023114692F8F0010628EBD00133172BEC
:10F0D00002F11102F6D1F0E71C4B93F8AF3152E781
:10F0E0001A4BD3F8CC3162E7184BD3F8D0315EE736
:10F0F000164BB3F89830A3804AE7144BB3F89A3014
:10F10000F9E7124BB3F8D830F5E7104BB3F8DA3023
:10F11000F1E70E4B93F858200AB1062A13D1B3F940
:10F120002C38E8E7094B93F858200AB1062A0AD18F
:10F13000D3F830383BE7204604B0BDE8104002F079
:10F14000CFB803201AE7172018E700BF404E002071
:10F15000BC4E0020FC4E0020C44E0020044F002076
:10F16000F0B5044685B010B9032005B0F0BD9B4D45
:10F17000D5F840339A0700F1368302784C2A00F222
:10F180002F83DFE812F04D005300610067006B0031
:10F190006F00740079007E0089008F0095009B004D
:10F1A000A100A700AD00B300B900BF00C500CB00AF
:10F1B000D100D700DD00E300E900EF00F500FB001F
:10F1C00001012D030901310144016B018D017E0113
:10F1D00091019A019E01A201A601AA012D03AE018F
:10F1E000C001E801D601FA0104020B021002150267
:10F1F000A2022D03C202E4022D032D032D032D03D1
:10F200002D032D032D032D032D032D032D032D037E
:10F210002D03BD02040309030E0313031803230384
:10F220000079FEF79DFA00289FD105E00379022BB3
:10F230009AD06B4A82F8C03195F8893443F02003A4
:10F2400085F88934002090E74068FDF791FF002899
:10F250008AD1F1E74068FDF79FFFF8E74068FDF7C6
:10F26000B1FFF4E75E4B027983F8AA21E4E75C4B37
:10F270004268C3F8E020DFE7594B4268C3F8E42056
:10F28000DAE7416800293FF46FAF002003F06AFC21
:10F290000028D1D0112068E7416800293FF464AF0D
:10F2A0000120F3E7416800293FF45EAF0220EDE75B
:10F2B000416800293FF458AF0320E7E7416800297F
:10F2C0003FF452AF0420E1E7416800293FF44CAF1E
:10F2D0000520DBE7416800293FF446AF0620D5E76B
:10F2E000416800293FF440AF0720CFE7416800297B
:10F2F0003FF43AAF7F20C9E7416800293FF434AFBB
:10F300008020C3E7416800293FF42EAF8120BDE78C
:10F31000416800293FF428AF8220B7E741680029FF
:10F320003FF422AF8320B1E7416800293FF41CAFCE
:10F330008420ABE7416800293FF416AF8520A5E79C
:10F34000416800293FF410AF86209FE741680029FB
:10F350003FF40AAF872099E7416800293FF404AFE2
:10F36000882093E7416800293FF4FEAE89208DE7AD
:10F37000416800293FF4F8AE8A2087E741680029F8
:10F380003FF4F2AE8B2081E7154B007983F8A90199
:10F39000144B9B6D98474FE7114E037A8DF804305C
:10F3A00096F8580096F88D308DF80530072201A99F
:10F3B00005F074FA00283FF4D7AE636896F8580059
:10F3C0000193002201A905F069FA00283FF4CCAEB0
:10F3D0007C36D4E9010186E803002DE7C04800200F
:10F3E000404E0020D0B90308BE4E037A8DF8043099
:10F3F00096F8580096F88D308DF80530072201A94F
:10F4000005F04CFA00283FF4AFAEBC36E1E7B54E4C
:10F41000037A8DF8043096F8580096F88D308DF800
:10F420000530072201A905F039FA00283FF49CAE07
:10F43000D4E9010106F1840383E8030096F8A831BA
:10F44000022B7FF4F9AE96F8C031002B3FF4F4AEF6
:10F45000A54BDB6A9847FEF751F9EDE6A14E037A1A
:10F460008DF8043096F8580096F88D308DF80530F8
:10F47000072201A905F012FA00283FF475AEC43640
:10F48000A7E74368029301238DF80C30954B02A93E
:10F4900093F8580005F04AFA00287FF4CDAE63E6F1
:10F4A000436802930023EFE703795A1E0E2A3FF6C2
:10F4B0005BAE8C4A82F87830BEE68A4B42685A6668
:10F4C000BAE6884B42689A66B6E6864B4268DA66C8
:10F4D000B2E6844B42681A67AEE6824B42685A67CE
:10F4E000AAE6804C037994F858008DF8043006227F
:10F4F00001A905F0D3F900283FF436AE9DF8043099
:10F5000084F8DD3098E6774C03798DF8043094F870
:10F51000580094F88C308DF80630052201A905F0CA
:10F52000BDF900283FF420AE9DF8043084F849303E
:10F5300082E66C4C037994F858008DF804300A2266
:10F5400001A905F0ABF900283FF40EAE9DF8043098
:10F5500084F8DC3070E6634C037994F858008DF839
:10F560000430092201A905F099F900283FF4FCAD07
:10F570009DF8043084F848305EE64368B3F5FA7FBE
:10F580003FF6F2AD574AC2F89C30D36554E6554B6E
:10F59000027983F8A02083F860204DE6514B426841
:10F5A000C3F8942048E64F4B4268C3F8D42043E6A2
:10F5B0004468002C3FF4D8AD012B40F01481342175
:10F5C0002046FDF751FA636B984204D14548382232
:10F5D0002146FDF722FA04F138061C213046FDF7DA
:10F5E00043FA636D984204D1404820223146FDF72A
:10F5F00014FA04F158074FF4C0713846FDF734FA95
:10F60000D4F8D83198421ED1364E4FF4C27206F16A
:10F6100058003946FDF701FA95F8173485F8E833B4
:10F62000D6F88430C5F8EC3396F88D3085F8F83389
:10F63000012385F8F933022385F8FA332A4B96F82B
:10F64000A9019B6D984704F5EE764FF4CE713046D4
:10F65000FDF70AFAD4F87833984205D124484FF4DC
:10F66000D0723146FDF7D9F904F55F7610213046A6
:10F67000FDF7FAF9D4F88C33984204D11D481422CE
:10F680003146FDF7CAF904F5647640F2A4413046EC
:10F69000FDF7EAF9D4F83438984205D116484FF40A
:10F6A00095623146FDF7B9F904F638061421304663
:10F6B000FDF7DAF9D4F84C3898427FF4BDAD0F4825
:10F6C00018223146FDF7A9F9B6E58379012B3FF6FB
:10F6D0004BAD044B4268C3F8BC21406802F0AAFF5E
:10F6E000D6E500BF404E0020D0B90308784E002078
:10F6F0001C500020BC510020D05100207856002022
:10F700003B4B027983F8AF2196E54368394A93422F
:10F710003FF62AAD364A92F8C01102297FF424AD93
:10F72000C2F8CC314FF47A7253433348C5F8D4341D
:10F73000F5F7ACFB10B13048F5F718FCD5F8D41448
:10F740002D48F5F7B5FC2C48F5F760FC74E54368E7
:10F75000284A93423FF608AD254A92F8C011022983
:10F760007FF402ADC2F8D0314FF47A72534323488C
:10F77000C5F8D434F5F78AFB10B12048F5F7F6FB4D
:10F78000D5F8D8141D48F5F793FC1C48DCE7184B56
:10F790008288A3F898204FE5154B8288A3F89A2019
:10F7A0004AE5134B8288A3F8D82045E5104B8288A0
:10F7B000A3F8DA2040E50E4B93F858200AB1062A48
:10F7C00013D1B4F90420A3F82C2835E5084B93F89D
:10F7D00058200AB1062A08D16268C3F830282BE500
:10F7E00001F08AFD1FE50120BFE41720BDE400BF42
:10F7F000404E0020378941004C4D0020644D0020D0
:10F8000010B586B001AC84E80E000A4BD3F8403343
:10F810009A0701D55B060AD5074B8DF8140004A999
:10F8200093F85800049405F087FA06B010BD012043
:10F83000FBE700BFC0480020404E002007B50C4B3E
:10F84000D3F840339A0701D55B060ED5094B8DF8E6
:10F85000040001A993F8580005F092FA002814BF9B
:10F860000020032003B05DF804FB0120FAE700BF8D
:10F87000C0480020404E0020F7B5DFF8E8C0DCF8B3
:10F8800040339B07054668D48478032C67D8364FED
:10F890003023064603FB04740FCEE8340FC40FCEAA
:10F8A0000FC4336823609CF8893443F020038CF83C
:10F8B00089342A78AB78DAB180228DF8042083224B
:10F8C0008DF8052086228DF8062089228DF80720E4
:10F8D00002AA1344A96813F8040C03F043F920B9F1
:10F8E0006968A87803F01AFA60B3112003B0F0BD7C
:10F8F00081228DF8002084228DF8012087228DF846
:10F9000002208A228DF8032082228DF8042085228D
:10F910008DF8052088228DF806208B228DF807208F
:10F9200002AA1344A96813F8080C03F01BF9002875
:10F93000DBD1AB78E96802AA134413F8040C03F096
:10F9400011F9D1E7AB78302202FB03734FF0FF329D
:10F95000D3F80C3100201A60C8E70120C6E7162052
:10F96000C4E700BFC0480020404E0020F0B5154F4E
:10F97000D7F8406316F002068BB01ED103281ED8BC
:10F98000114C302303FB004494F8E930BBB124222E
:10F99000314601A801ADFDF754F80FCDE8340FC48E
:10F9A0000FCD0FC42B68236097F8893443F02003F0
:10F9B00087F8893430460BB0F0BD0120FBE71620F4
:10F9C000F9E700BFC0480020404E002010B5074AAC
:10F9D00001460023D2F8EC408C42D8B205D0013366
:10F9E000042B02F13002F5D1FF2010BD404E002063
:10F9F0002DE9F04700F0030A534E0AF11C0313707F
:10FA00001746D6F8402312F002098CB080460D4606
:10FA100040F096800A78013A012A03D903200CB0FD
:10FA2000BDE8F087032800F28D80484C302202FBAD
:10FA3000004292F8E920002A00F0848003F00F03CE
:10FA40003B7091F908308DF8043094F8580094F820
:10FA50008D308DF80530072201A904F01FFF18B181
:10FA60003B7823F004033B706B6894F858000193D3
:10FA7000002201A904F012FF18B13B7823F008031B
:10FA80003B703B785345C9D195E80700302303FB11
:10FA9000084303F5807383E8070096F8893443F040
:10FAA000200386F8893402A800238DF80830FFF778
:10FAB00009FA9DF80C30022B2FD1012302A88DF8F2
:10FAC0000830FFF7FFF99DF80C3033B31F4B93F864
:10FAD000E9206AB3302303FB0949D9F80431C4F89B
:10FAE0008430C6F8EC3394F88D3086F8F83303236D
:10FAF00086F8FA33012386F8F933002399F80821B0
:10FB000086F81634124B84F8882096F81724DB6A9E
:10FB100086F8E8239847FDF7F1FD2B78012B05D1F6
:10FB2000302000FB0840E83001F010FE002076E7AE
:10FB300009F10109B9F1040F03F13003C7D1ECE772
:10FB400001206CE716206AE7C0480020404E0020E4
:10FB5000D0B903082DE9F04188B00023ADF8083092
:10FB60000546002800F0FC800361FEF75FFB20B132
:10FB70000124204608B0BDE8F08102F025FB0746CD
:10FB80000028F5D102F01AFB20B976481422394634
:10FB9000FCF757FF744E96F88934012243F00403B2
:10FBA00086F8552486F889342B788DF80C3000219E
:10FBB000013B8DF80D208DF80F108DF80E100C2BD9
:10FBC00000F2A280DFE803F0075A62676C76A0A01B
:10FBD0007CA093808F00D6F8404314F02004C7D156
:10FBE00095F80480B8F1020F30D1DFF8808120460B
:10FBF000FDF752FC224695F9051098F8580005F0DB
:10FC000042F8072388F84900FF208DF80D30FEF7F1
:10FC10003DFE044640B195F9051098F858000122C0
:10FC200005F031F888F84900D6F8E0342B61002C53
:10FC30006ED002F0C3FA00289BD196F8893486F87A
:10FC4000160460F3820386F8893492E7B8F1010F55
:10FC50004FF0020058D1454F8DF81C0004A997F8C9
:10FC6000580087F8AD4104F0F6FD2B7987F8C031D4
:10FC70008DF80D408DF80E804746D5E7022386F8B3
:10FC800054340020FEF702FE0446CDE7032386F835
:10FC900054340120F6E7042386F854340220F1E7B7
:10FCA000002202A9022002F077F808B90024BBE77D
:10FCB0001324B9E72A7BA968A888FEF767FEE3E763
:10FCC000002202A90D20EEE7284B93F8A831DBB9FA
:10FCD0002C7904F0070001F0D9FA8DF808400122D0
:10FCE00002A91020DFE7002202A91220DBE78DF82D
:10FCF0000F2001F0B3FA044640B901F097FA20460C
:10FD000000F078FF27468FE702248DE701248BE778
:10FD100003A802F07DF9002F3FF42BAF144B1A78A3
:10FD20004AB901221A701348134B009422464FF02F
:10FD3000FF31F5F78BF8D6F840330E4843F4807363
:10FD4000C6F84033F5F7A2F810B10A48F5F70EF9F6
:10FD50000A210848F5F7ACF90648F5F757F908E71E
:10FD6000032406E7144D0020C0480020404E002028
:10FD700034570020A84D002039D302082DE9F04F58
:10FD8000DFF8F8A2BE4CABB00AA8EFF7C2F8DAF879
:10FD9000005000230AA8CAF80030EFF7BCF8002D85
:10FDA00000F0EB80EBB2A806039365D5B54D95F84E
:10FDB000A831022B02D0B44BDB6A984711A8B34F8D
:10FDC000EFF7A7F8F5F766F83E68D4F8B813361AD7
:10FDD0003144AF48F5F76CF9AD48F5F717F9D4F8A9
:10FDE000BC13AC483144F5F763F9AA48F5F70EF9AE
:10FDF00011A8EFF790F894F81634002B00F0EF817B
:10FE0000142314A995F858008DF8503004F0CFFC55
:10FE1000D4F8BC130D9001449F48F5F749F99E486A
:10FE2000F5F7F4F83B6894F81724EB630FAF384606
:10FE30008DF878201F93F5F76BFBD5F8B831009358
:10FE400006AE97E80600D5F8B4313046F5F7F6FA75
:10FE500096E8030021AB83E80300D4F8183420931C
:10FE600095F8C03195F85800002B18BF01231EA942
:10FE70008DF8793004F0CCFC039BD90651D5814D27
:10FE8000DFF81892D5F8E420B9F90A3005929AF80B
:10FE900000200493002363F300020C93ADF8243098
:10FEA0008AF8002084F84434049AA4F81E3484F8B4
:10FEB0002134C4F82434A4F8283484F82E34C4F847
:10FEC000303484F81C34C4F8343484F83834C4F83A
:10FED0003C346D4B99F90C80A4F82A2494F88824BA
:10FEE000DB6A84F82C8484F82D24D9F80470B9F8DE
:10FEF0000860984794F82D3433B96648F4F7C6FF84
:10FF000010B16448F5F732F83146384601F070F820
:10FF10008346002800F06681049BA4F87A3484F8B4
:10FF20007C84039B19071AD5564B93F8A831022BF2
:10FF300002D0554BDB6A98470220FDF7C7F984F8D9
:10FF4000410402F0D9F894F8163413B1012384F86F
:10FF5000153494F8893443F0100384F88934039BF2
:10FF60005A0703D506210520FDF762FB039B9B077B
:10FF700003D504210320FDF75BFB01F013FC94F88B
:10FF80008924D7065FD5002384F88A34D4F8403317
:10FF90001E0644BF23F08203C4F8403312F0050F5D
:10FFA00000F001840B2002F0C9F8002800F0FB8368
:10FFB00094F88934DD0700F1F683580740F119847D
:10FFC000D4F8403323F00203C4F84033D4F840237C
:10FFD00082BB94F8895415F001011EBF2B4662F3D1
:10FFE000000384F8893494F889345E0744BF6FF3C2
:10FFF000820384F88934012384F88A3421B1D4F847
:020000040803EF
:10000000443327481B6898476D070BD5254802F0F5
:10001000A1F802F0D3F828B194F8893443F004032E
:1000200084F8893401F042F994F889346FF30413A9
:1000300084F88934012384F88A3494F8893443F0AD
:10004000200384F8893494F88934180708D56FF3AD
:10005000C30384F88934D4F844331348DB689847E1
:1000600094F88934990723D56FF3410384F88934D0
:10007000D4F844330D485B68984719E0BC48002029
:10008000C0480020404E0020D0B90308305700205F
:10009000484C0020604C0020BC4C00202057002021
:1000A000004D0020144D0020284D0020DC4C002085
:1000B000D4F84033ABB98F4DD5F8C421E96C8A42EE
:1000C00040F0E08395F8BE11002900F0DB83002AA0
:1000D00000F0D883EB641EA802238DF87830FFF778
:1000E00039FD94F88834022B01D1FDF707FB94F811
:1000F00089349A0640F1F683D4F840536FF34513E0
:1001000084F88934002D40F0ED837A4E3421304656
:10011000FCF7AAFC736B984218BF70634FF01C0188
:10012000754818BF0125FCF79FFC736D984218BFF6
:1001300070654FF4C071714818BF45F00205FCF7B7
:1001400093FCD6F8D831984218BFC6F8D8014FF4BE
:10015000CE716B4818BF45F00405FCF785FCD6F856
:100160007833984218BFC6F878034FF010016548FD
:1001700018BF45F00805FCF777FCD6F88C33984299
:1001800018BFC6F88C0340F2A4415F4818BF45F081
:100190001005FCF769FCD6F83438984218BFC6F849
:1001A00034084FF01401594818BF45F02005FCF7FA
:1001B0005BFCD6F84C389842D4F848331CBFC6F8DC
:1001C0004C0845F04005002B00F08C839B68002B09
:1001D00000F0888328462BB0BDE8F04F184784F81C
:1001E00041341FE695F8A821012A0CD101F002F84C
:1001F000824668B1584600F0EFFE584600F0D0FC49
:10020000042384F82D347EB9012384F81D34B3E12E
:1002100000F0FAFF0028F6D0504600F0E3FE50460A
:1002200000F0C8FC0523ECE73B7804939A07EBD178
:100230005B09013B062B00F2A282DFE813F0070006
:10024000A002F200A002EF00A0029102102EDBD962
:1002500095F8C0311497F6B28DF854601BB195F83B
:10026000D431002BD0D0FCF7A7FF14AA0146FF2001
:1002700002F08EFCC0B3FCF79FFF14AA01460020D9
:1002800002F086FC90B3FCF797FF14AA0146012008
:1002900002F07EFC60B3FCF78FFF14AA0146022037
:1002A00002F076FCA8B904279DF8603003F00F0235
:1002B0000F2A2DD0C3F303038DF8783095F858003A
:1002C00095F88D308DF8793007221EA904F0E6FAF2
:1002D000F0B9012001F032FF002800F08A800121EE
:1002E000072001F0E7FE84E00127DDE70227DBE7D6
:1002F0000327D9E7404E0020784E0020984E00207A
:100300001C500020BC510020D05100207856002005
:100310009DF85B309DF85A209DF860101B0443EA5D
:1003200002239DF859201343C5F8E030179BC5F808
:10033000E430C1F3021385F8793001F00F030F2B7D
:100340001EBFC1F3030385F8803085F888309DF81F
:100350006130002B60D0AB66AB6E95F858004FF45F
:100360007A725343AB661344B84AEB6611F0800FC0
:10037000B74B18BF1346C5F8BC310DF16203129399
:100380004FF0010894F817348DF84430113E11A94C
:1003900085F878808DF84C6004F0A5FA022385F882
:1003A000C03195F8BE314BB10022A5F8522009A901
:1003B00042460B208DF8243001F0EEFC384601F067
:1003C000BDFE18B13946002001F074FE95F8D43115
:1003D0004BB100239F4885F8D431F4F757FD10B195
:1003E0009C48F4F7C3FD023F012F02D80120FDF71E
:1003F00053F894F82D34012B00F2CF8194F8163481
:10040000002B40F0C28194F8893443F0100384F843
:100410008934FCF75BFF84E501239CE7012384F822
:100420001C3495F88D308DF8363094F820348DF8E2
:10043000353095F858000D230DA98DF8343004F0AF
:10044000B6F9A6F10D031BB20B9023EAE37300B2D9
:1004500083423FF7D9AE0B2E7FF6D6AE7E4B279365
:100460000DF1780BFF2358461E978DF87C608DF8B0
:10047000A03002F0EBFC074600287FF4C5AE95F8EB
:10048000A831012B14D100F0B5FE0646002843D058
:10049000384600F0A1FD384600F082FB04239DF8A9
:1004A0008410209884F82D34C1F3001101F05CF918
:1004B000209BC4F8343411A95846FEF77DFA07464C
:1004C00000287FF4A1AE2099644B0C908246D3F8AB
:1004D000EC208A422CD193F8E90048B3302303FB87
:1004E0000A5393F8EAA0D3F80C311B680C9395F8E3
:1004F000A831022B02D1032384F82D349DF8443017
:10050000032B7FF481AE9DF8843013F0600F7FF4ED
:100510007BAE0592012712E000F076FE0028C7D0DE
:10052000304600F05FFD304600F044FB0523B6E79F
:100530000AF1010ABAF1040F03F13003C7D19DF8A3
:10054000443095F8BE61BAF1040F29D8DFE80AF00B
:1005500022031E2017000526BDF886100CAA30467F
:1005600002F07CF8F0B107280CBF0823012384F8BF
:100570001D340C9BC4F83034FCF772FFD1E4012E1B
:100580000AD15BB1032B08BF0226E5E70626E3E7A5
:100590000726E1E70426DFE70326DDE70226DBE79F
:1005A0000123E4E70C9B0599CDF800B03246504694
:1005B00002F01CFA20B102280CBF0A230B2324E608
:1005C0000C9BC4F830349DF8843084F81D04C3F3C8
:1005D000401384F82E3484F8443494F82D3484F88D
:1005E0001E74012B9EBF0122A86385F8AE21012F46
:1005F000C4F8240484F8280484F8410430D1022289
:1006000084F81C2495F84A20002A42D19DF88420C1
:10061000D7063ED4D4F83C2412B1012284F8212418
:10062000012B94F840149DF8842005D8012901D1AC
:10063000960601D501F056FC9DF84430032B00F2DC
:100640008980DFE803F0314A803B00BF00010101EF
:10065000000400017C4D0020F84A0020404E00209C
:10066000049A02F0E002A02A18D195F8BE110122E6
:1006700085F84A2009B929996964012B84F81C245A
:1006800007D94FF4FA52C4F83C24D9F80020C4F832
:10069000E42495F8A821002ABFD0BBE7002285F802
:1006A0004A2084F81C24B1E79DF8841094F82D3476
:1006B000424601F00F0122A8FDF73EF99DF898305F
:1006C00084F81F34279BC4F824349DF8A03084F8A4
:1006D0002834012384F829340DE09DF8841094F81F
:1006E0002D34424601F00F0122A8FDF725F99DF8AF
:1006F000983084F81F3495F8D43183B100237B48B7
:1007000085F8D431F4F7C2FB10B17848F4F72EFC29
:1007100094F88934580744BF002384F855349DF871
:100720009820E02A08D195F8AF312BB984F81F241E
:10073000C4F82434A4F8283494F8893443F002032C
:1007400084F8893455E694F82D349DF8A010279844
:100750004246CAE7012384F81D34FCF781FECAE74C
:10076000634D013EB2B2791C2846FCF756F90323CB
:10077000A4F81C34C4F8245484F82864DCE701236A
:1007800084F81D34FCF76CFE33E694F84434002BF7
:100790003FF439AE0020FCF74BFE94F82D34022BC9
:1007A0003FF437AE2FE694F88934590721D501205C
:1007B00001F0C4FC48B1002384F81434D4F8403369
:1007C00023F00203C4F8403313E0022001F0B6FC2A
:1007D0000028F0D1032001F0B1FC0028EBD1042067
:1007E00001F0ACFC0028E6D1062001F0A7FC0028AF
:1007F000E4D194F88934DA077FF5E8AB94F8402423
:100800000AB1032A1DD13B4A94F8141492F87820B7
:10081000914205D29B0728D594F82D34012B24D87A
:100820003548F4F733FB10B13348F4F79FFBD4F8A5
:10083000403323F02003C4F84033FDF757FCFFF7A3
:10084000C5BB012A11D194F81524002A3FF4BEAB90
:10085000284A94F8141492F878209142E0D29F0725
:1008600003D594F84434002BDAD194F8893400206D
:100870006FF3041384F8893484F81504FDF74CFFF2
:10088000FFF7A4BB95F8D5315BB102231EA88DF804
:100890007830FFF75FF900287FF423AC85F8D501A5
:1008A0001FE495F8D6315BB103231EA88DF878308C
:1008B000FFF750F900287FF414AC85F8D60110E456
:1008C00095F8D731002B3FF40CAC04231EA88DF80B
:1008D0007830FFF73FF900287FF403AC85F8D701A3
:1008E000FFF7FFBB2BB0BDE8F08F00BF7C4D0020B1
:1008F000F84A0020404E0020304C00202DE9F04FF7
:1009000006468DB018B903200DB0BDE8F08F002366
:100910000361FDF78BFC0546002873D137460FCFE6
:10092000564F96F8008096F90EB08DF8085007AC37
:100930000FC4B389524C01931422294607F58860ED
:10094000FCF77FF8012287F8412494F8C021022A9D
:100950000BD194F8A821022A07D194F8AE2122B92C
:10096000B8F1010F38BF4FF00108B8F1010F2CD0DA
:10097000B8F1030F2DD0B8F1000F3BD19DF808203E
:10098000022161F347129DF82090DDF824A08DF834
:100990000820012594F88C108DF81610022205A964
:1009A00094F858008DF8142003F001FF94F8AA1170
:1009B00040B2022259B394F8C01194F8AD31012924
:1009C00022D10BBB45BB104654E09DF80820042102
:1009D000D7E79DF80830DDF820A09DF926B043F058
:1009E000E0038DF80830BDF82430019301254FF065
:1009F0000009CFE74FF0000BD946CBE7002387F87B
:100A0000163437E001207FE7CDB9022032E0002D17
:100A1000D9D05845B8BF584694F88C308DF810009E
:100A2000052294F858008DF8123004A903F036FF1F
:100A300000283FF468AF9DF8103084F84930D7F8AB
:100A4000E40438B1F4F730FAB0F5FA5F84BF00235C
:100A500084F84A30019B5246494602A8FDF798FEA9
:100A60000028CBD197F8893487F8408443F00103FC
:100A700087F88934D7F8E034336145E7C04800206F
:100A8000404E002037B50B4D8DF8040004460E2271
:100A900095F8580001A903F001FF40B1064A85F816
:100AA000AC4192F8893443F0200382F8893403B0D2
:100AB00030BD00BF404E0020C048002010B5FEF7FA
:100AC00083F90446F0B91048F4F7E0F910B10E4884
:100AD000F4F74CFA0D48F4F7D9F910B10B48F4F7D4
:100AE00045FA0B48F4F7D2F910B10948F4F73EFA89
:100AF00000F06CFD0020FCF7CFFC064BDB6A98474A
:100B0000204610BD0124FBE7304C0020484C00205B
:100B1000604C0020D0B9030810B5164CD4F840330F
:100B200023F00203C4F8403394F8893404F55C7070
:100B300043F0100384F88934F4F7A8F918B104F5E8
:100B40005C70F4F713FA0C48F4F7A0F910B10A48F6
:100B5000F4F70CFA0948F4F799F910B10748F4F7DB
:100B600005FA074B93F8783084F81434BDE8104048
:100B7000FCF7BABBC0480020484C0020604C002065
:100B8000404E0020014BC3E9D1017047C04800200E
:100B9000024BD3F89C3003B1184770473C570020F4
:100BA000034A137843F002031370FFF7F1BF00BF4D
:100BB00000580020034A137843F004031370FFF732
:100BC000E7BF00BF005800201FB571B933238DF86F
:100BD0000830074B8DF80C00D3F8B43002A9187810
:100BE00003F0E5FD05B05DF804FB2E23EFE700BF41
:100BF0003C57002010B5F4F74DF90A4C206404F17D
:100C00005000F4F743F918B104F15000F4F7AEF9CD
:100C1000054A137843F001031370BDE81040FFF755
:100C2000B7BF00BF3C570020005800202DE9F84313
:100C300081460D4617461E46F4F72CF91D4B80469B
:100C400093E80300F4F77AFCA8EB00044FF4FA30C1
:100C5000B4FBF0F300FB13441E2303FB098000F6F2
:100C60004800A0EB0409C8450FD9241A03FB05F27C
:100C70004444B4FBF2F40134E4B2654303FB059948
:100C8000BC4204D30020BDE8F8830024F8E70A4BF7
:100C900093E80300F4F752FCA0F6D6304845F1D3B0
:100CA000064BDB6D9847A9EB0808A8EB0000306005
:100CB0000120E8E75857002060570020D0B903080A
:100CC00070B588B0054614466846102200211E46BD
:100CD000FBF7B7FE10220DEB02000021FBF7B1FE7F
:100CE0002B0A8DF801302B0C8DF80230230A8DF879
:100CF0000530230C8DF800508DF804408DF8063037
:100D00002D0E04AB240E8C22102168468DF8035062
:100D10008DF80740FCF708F99DF811309DF8102078
:100D200002EB0322B2FBF6F306FB13220C9B1A80A4
:100D300008B070BD30B5B8B10446014441F2210598
:100D4000002014F8013B082280EA032010F4004F31
:100D50004FEA400302F1FF3218BF6B4092B298B2E3
:100D6000002AF3D1A142ECD130BD000070B50023C0
:100D7000124D8160C3602B7B13F0120F86B00446C6
:100D80001AD030238DF81030D5F8B43004A9187873
:100D900003F00DFDD5F8B820B5F94860136803904D
:100DA0000146D5F8B400127900780094B34238BFF8
:100DB000334649B203F0DEFD06B070BD3C5700205B
:100DC0002DE9FF4105460F46164632BB3523DFF8B5
:100DD00054808DF80830D8F8B43002A9187803F0A0
:100DE000E6FCC4B2012C019019D932238DF80830E9
:100DF000D8F8B43002A9187803F0D9FC05EBD71362
:100E0000B3FBF4F104FB113353FA80F03146C0B266
:100E1000FFF7DAFE04B0BDE8F0813123D7E7002008
:100E2000F4E700BF3C570020F0B506461B4D85B0E7
:100E30001746084661B301210020FFF7C5FE184B95
:100E40001B681A7BD107044648BF1C692B7B1A0715
:100E500008D56FF3C30395F838002B730121FFF712
:100E6000B3FE0446CDE90264D5F8B430D5F8A42029
:100E7000ADF804701878043201A903F0D8FFD5F852
:100E8000A030DC60D5E9283212791A7405B0F0BDC3
:100E9000696901228031FFF793FFD0E73C570020BA
:100EA000385700207FB5174E174B184C3068002577
:100EB000182229461D60FBF7C4FD0C222946204656
:100EC000FBF7BFFD4022294604F10C00FBF7B9FDFA
:100ED0000F4B2361D4F898300BB19847206134232D
:100EE0008DF80830D4F8B43002A9187803F05FFC0C
:100EF0003268002310725372A4F84C3084F84E30DC
:100F000004B070BD38570020005800203C57002026
:100F10000000C8412DE9F8430F4E33681D7BD3F81C
:100F200010901C78D3F8048093F90870FFF7BAFF8B
:100F300033681A7BC3F8109005F0010565F30002D1
:100F40001A731A78C3F80480C4F3400464F34102AE
:100F50001A701F72BDE8F8833857002073B5044635
:100F600072B303C9174E184B86E803001A600FCC02
:100F700006F108050FC50FCC0FC523682B600024B0
:100F80002246124B00944FF0FF31A6F14800F3F7D0
:100F90005DFF22460E4B00944FF0FF31A6F130006A
:100FA000F3F754FF0B4B009422464FF0FF31A6F1AC
:100FB0001800F3F74BFF02B0BDE87040FFF772BFB7
:100FC00002B070BDD457002038570020F50B03083D
:100FD000A10B0308B50B0308014B83F84D007047C4
:100FE0003C570020014B83F84E0070473C570020CF
:100FF0002DE9F047714C8CB02F238DF81830D4F8C0
:10100000B43005460E46187806A903F0D0FB94F8D4
:101010004C300590092B04D0207B10F0100000F01C
:10102000C7809DF81430B34240F0B7809DF815702A
:101030002846791DFFF77EFEEA199179537943EA34
:101040000123834240F0B780D4F8A030E95D5975A0
:10105000D4F8A0105A484B7DC35CA4F848305378AC
:101060006361907843EA00236361D07843EA0043E8
:101070006361127943EA02636361524A0023238366
:101080000B1D92E8030083E803004FF001099DF86F
:10109000161007F10E0807F1070A884405EB0A004D
:1010A0000731FFF747FE05EB08035A7815F80830BB
:1010B00043EA022383420DD1D4F8A03015F80A2068
:1010C0009A75D4F8A00007F10801062229441730C8
:1010D000FBF7A3FCB9F1000F5FD030238DF8183077
:1010E000D4F8B43006A9187803F061FB36238DF8E4
:1010F0001830D4F8B4308DF81900059006A9187886
:1011000003F055FB37238DF81830D4F8B430059030
:10111000074606A9187803F04AFBF6B202962A4E53
:101120000590012300250A22CDE900230146766AB5
:1011300003953A461846B0474FF47A73B0FBF3F381
:10114000C3EB431203EB8202A0EBC2001F4AADF8CF
:10115000240012E9030082E803001D49E06901440C
:10116000E161099900910AAE06CA3046F4F74BF9DD
:1011700096E80300F4F77EF9237B23F0030343F0A2
:101180000303237308232386E38002236363284633
:10119000052384F84C30FFF72DFD94F84C30092BD3
:1011A00005D10223002084F84C30FFF723FD0120F5
:1011B0000CB0BDE8F0874FF0000968E73C5700200D
:1011C00092BB030850570020D0B90308585700209D
:1011D000803DD512064B1A7BD20606D493F84C00FC
:1011E000A0F109035842584170470120704700BFE1
:1011F0003C570020034B93F84D00C31E5842584102
:10120000704700BF3C570020034B93F84E00C31EAD
:1012100058425841704700BF3C570020024B187B92
:10122000C0F30010704700BF3C57002008B50A4AC1
:1012300058B9137B5B0706D5FFF7F0FF18B90123F8
:1012400082F84C3008BD0023FAE792F84C30012BAD
:1012500088BF82F84C00F5E73C570020034B93F819
:101260004C00012801D0FFF7D9BF70473C57002040
:10127000054B1A7BD20705D493F84C00431E584205
:1012800058417047012070473C570020064B1A68B0
:10129000802343FA00F050704FF48053C0B2B3FB88
:1012A000F0F05080704700BF385700200B4B93F888
:1012B0004C20062A11D11A7B42F020021A739207A1
:1012C0004FF0050158BF04224FF0000083F84C1086
:1012D00058BF83F84C20FFF78DBC70473C57002067
:1012E0000378452B01BF034B1B6893F9083003714A
:1012F00002207047385700200378452B02BF044B6B
:1013000090F904201B684FF0020008BF1A72704762
:101310003857002008B50C2000F010FF48B10C2110
:10132000002000F0C7FE034B1A68137843F0010356
:10133000137008BD385700202DE9F341204E0546B3
:10134000884629B3D6F8B43001911878002201A953
:1013500003F0A4FA0028074619BF03240746012713
:101360000224D6F8B83093F831308DF805306DB2DC
:10137000D6F8B4308DF804501878072201A903F08C
:101380008DFA40B904F0FD04204602B0BDE8F081BA
:101390000F460324E5E7032C0FD10A4B1A68137894
:1013A00037B143F002031370C2F804801572EBE703
:1013B00067F3410313705760F8E70224E4E700BFC6
:1013C0003C5700203857002073B51E231A4C584351
:1013D000E0630D20164684F8381000F0AFFEA0B18F
:1013E000E16BB1F5FA3F12D90023E36384F838309A
:1013F0000D210F2000F05EFED4F8A830E26BDA6019
:10140000D4F8A83094F838201A7402B070BD237B49
:101410006D4623F00C0343F00C033144284623733C
:10142000F4F7AEF895E8030004F1240383E8030021
:101430000D210020DEE700BF3C5700202DE9F043DE
:1014400089B004AF3846F4F73DF8049C97E80300F0
:10145000F4F774F824F07F0808F180030025049362
:10146000ADF81450214CADF81C50814697E80300AC
:1014700004F1240686E80300079B009302AF96E878
:10148000060080233846F3F7D9FF97E8030004F1FC
:101490001C0383E80300092000F050FE10B396E817
:1014A0000300F4F74BF848450AD2E56125846562EC
:1014B000258509210F2009B0BDE8F04300F0FABDF1
:1014C000237B96E8030043F004032373F4F736F814
:1014D000074B2583A0EB09004344E06363610921C6
:1014E0002846E8E709B0BDE8F08300BF3C5700207C
:1014F00080C22AED13B5044690B10D4B0190D3F88C
:10150000B4300022187801A903F0C8F930B1094BB2
:101510001B681A7B1C6142F001021A7302B010BDF5
:10152000044B1B681A7B60F300021A730120F5E775
:101530003C5700203857002070B50546F3F7AAFC49
:101540000F4E0446D6E90901F3F7F8FFD6F8B810B4
:10155000D1E903310B44C3F17F4303F57F0303F566
:10156000744348335B1B03449C4207D300F6480294
:1015700040F64800A24298BF002070BD0020FCE762
:101580003C57002007B50E48F3F780FC10B10C481B
:10159000F3F7ECFC0B48F3F779FC10B10948F3F7CB
:1015A000E5FC01A8EDF7B5FC074A137823F0060324
:1015B000137001A8EDF7AFFC03B05DF804FB00BFAA
:1015C000A4570020BC5700200058002013B5134C2E
:1015D000237BDB071FD594F84C3003F0F703022B75
:1015E00002D10020FFF706FB01A8EDF792FC0C4B9F
:1015F0001A7801A86FF300021A70EDF78CFC094805
:10160000F3F744FC10B10748F3F7B0FC062384F865
:101610004C30FFF7B7FF02B010BD00BF3C570020B1
:10162000005800208C570020012810B504460DD129
:101630000A4B1B7BDB070FD5094B1B681B7813F08C
:10164000010F0CBF02240024204610BD20B9FFF773
:10165000BDFFFFF75FFCF7E70224F5E73C570020EA
:101660003857002038B5104B1B681B78DB0719D59D
:101670000E4C0025012104F1680084F84D50F3F769
:1016800017FD04F16800F3F7C1FC04F180000121AB
:1016900084F84E50F3F70CFD04F18000BDE83840AB
:1016A000F3F7B4BC38BD00BF385700203C570020CA
:1016B0002DE9F743234D8846074695E80300164673
:1016C000F3F73CFF341A4FF4FA30B4FBF0F300FBAD
:1016D0001344041BE94631194846F3F751FF99E8D2
:1016E0000300A04505F1080538BFA4EB080485E810
:1016F0000300154D2644EE62FFF7B4FF2B7B9B06DB
:1017000012D4D5F8A0300A221A70D5F8A0305F7034
:10171000D5F8AC20137843F008031370D5F8AC204B
:10172000137843F0100313702B7B6FF345132B7367
:1017300040F6B8339C4288BFA4F6B834204603B0C4
:10174000BDE8F083585700203C57002050B1428C30
:101750008023134180F828304FF48052DBB2B2FB73
:10176000F3F343857047000010B50C4BD3F8B0205D
:101770001268824203D10A4B1B68597210BDD3F81C
:10178000BC3003F1C00223B15C68844208BF83F817
:101790002E1030339342F6D1F0E700BF3C570020C3
:1017A000385700202DE9F04188B002A8EDF7B1FBD1
:1017B000AA4B1C68002202A81A60EDF7ACFB002CB3
:1017C00000F06682E6B2E4075BD5A54C94F84C3095
:1017D000256C0A2B00F27D81DFE813F0AC000B00D2
:1017E000C5007B01E300FB007B01180137017B0191
:1017F0005401237B13F0100804D09A4BDB6A9847FE
:101800000A2393E00821022213F004032186E180D9
:10181000626300F0888003A8FFF7A8FAE16B21B3A8
:10182000F3F738FB904F054697E80300F3F786FE81
:10183000854212D297E80300F3F780FE069B451B12
:10184000AB4200DA1D440023E36329468748F3F7DF
:101850002FFC8648F3F7DAFB13E0237B84F84C80F7
:1018600023F00C0323730125EDE7237BBDF814203F
:1018700023F0140343F01003237340F64800FFF7EE
:10188000D3FAB10740F17881754C94F84D100023DC
:101890000129039313D0022900F01F81002940F091
:1018A000E781734BD4F8B0201B68201D5B88009043
:1018B00012686069FFF704FA012384F84D306C4D1B
:1018C000A088296803AB4A784988FFF7AFF9002858
:1018D00000F05281237B9A071AD5D4F8B820B4F9C6
:1018E000487013682968D4F8B400624D127991F9F0
:1018F000081000780095BB4238BF3B4603F03AF829
:10190000AB68039AE380EB689342BCBF9B180393D8
:101910000223039984F84D305748F3F7C9FB564822
:10192000F3F774FB28E163622385E36384F84C30AA
:1019300001258AE7237B13F010057FF45EAF0821B1
:10194000022243F0100303A82186E180626323731F
:10195000FFF70CFA2846BDF814200121FFF764FABE
:101960004FF4FA3571E763698033636100232383A1
:10197000636B5B00B3F5807F88BF4FF48073636354
:10198000238E5B009BB2FF2B88BFFF232386E38857
:101990005B009BB21E2B88BF1E23E380042384F8C8
:1019A0004C30237B6FF341032373344B93E80300E4
:1019B000F3F7C4FD324B281A98423FF621AF2A466E
:1019C000616B0E20FFF774FE0546072384F84C3048
:1019D0003BE7237B2A466FF3041300210D2023737A
:1019E000FFF766FED4F8AC301B7805465807ECD5F7
:1019F0000B2000F0A3FB0028E7D00B21002000F013
:101A000059FBD4F8A83000225A60DEE7D4F89830A9
:101A10000BB198472061134BE76ADB6D98473F1A7B
:101A2000F3F738FA218E054603A8FFF79FF9AF4276
:101A300009D9082384F84C30069B7D1BAB42BFF6C6
:101A400004AF1D4401E7042370E7092384F84C30F8
:101A5000FFF798FDBDF8142000210EE70058002084
:101A60003C570020D0B90308605700208C57002055
:101A70003857002018580020A4570020585700203D
:101A800000DD6D00D4F8AC301B7813F0040312D0E5
:101A90000B2000F053FB18B10B210F2000F00AFBC4
:101AA000FFF770FDFFF736FAD4F8AC20137843F057
:101AB00010031370E5E6D4F8A0200E211170D4F8BD
:101AC000A0205370D4F8AC20137843F008031370AF
:101AD000E6E7002384F84C30D3E6984F3B681A7849
:101AE00012F0020200F0B680D3F80480A3683BB184
:101AF0003A6893F82E30527A9A428CBF0023012321
:101B000094F84E20032A0FD1002B00F0AD808C4BAF
:101B10001B6B984700238B4884F84E301E21F3F747
:101B2000C7FA8848F3F772FA032384F84D303B680C
:101B3000854D1B7A6B70D4F8B830C5F8048093F8E3
:101B400031302B740423AB740027D4F8C0306F7489
:101B50001B78EB74D4F8A420D4F8B430043218788D
:101B6000294602F03AFF764B6A7C5B6B002A79D1FA
:101B7000D4F8B82090689847730740F18980734C77
:101B8000D4F8BC6000210391002E00F0818094F80D
:101B90004E20032A7CD0012A19D0022A6BD0002AB9
:101BA00040F0C98006F12C05EC3615F82B3C43B10A
:101BB00035F8023C009555F8282C60690021FFF7A4
:101BC0007FF83035AE42F0D1012384F84E30D4F89E
:101BD000BC500026A66005F1C0076B786BB195F884
:101BE0002820698DA88D03ABFFF720F828B1039B4F
:101BF0000EB1B34201D21E46A5603035BD42ECD1D4
:101C0000A368002B44D0237B514D13F0020F14D056
:101C1000D4F8B82049491368B4F948700968D4F871
:101C2000B400127991F9081000780095BB4238BFD2
:101C30003B4602F09FFEAB68E380EB68B342B8BF5F
:101C4000F618022384F84E3031463E48F3F730FA56
:101C50003C481BE0D4F8B03061691868FFF7B0F871
:101C6000804643E7384686E784F84D301E2153E628
:101C700084F84D3080E7A3686BB9012104F180003E
:101C800084F84E30F3F714FA04F18000F3F7BEF94C
:101C900008B0BDE8F081DE692EB932466169586846
:101CA000FFF78EF8064694F84D30032B15D1234BE1
:101CB000A2681B6892F82E205B7A9A424FF00005CA
:101CC00035D21F4B1B6B9847224884F84D501E217C
:101CD000F3F7EEF91F48F3F799F9032384F84E3030
:101CE000A3681B4D93F820306B70D4F8B8306E6049
:101CF00093F831302B740523AB740026D4F8C03030
:101D00006E741B78EB74D4F8A420D4F8B430043289
:101D10001878294602F061FE094B6A7C5B6B22B998
:101D2000D4F8B82090689847B2E73046FBE784F8CB
:101D30004E501E2189E784F84E10A9E7385700203D
:101D4000D0B90308BC570020185800203C57002089
:101D500004580020A457002001280CD00538C0B238
:101D60001B2807D80123834003481840003818BFB8
:101D700001207047002070477910000810B5054C0D
:101D80004FF4037220460021FAF75BFE0020C4E9FD
:101D9000000010BD2C5800202DE9F0478146164662
:101DA00000294BD0294B002503F1010C1A462801CC
:101DB000103312F8017F002F42D19A42F9D1DFF897
:101DC0009080D8F800300BB9C8F800C0D8F80430BB
:101DD0000BB1C3F800C008EB0003002401359C6080
:101DE00083F80C900D302B01B2B2404448F80360E8
:101DF000C8F804C0FAF711FE484609F1FF395FFA46
:101E000089F9FFF7A9FFB9F11F0F98BF114CD8F856
:101E1000083208EB051A98BF24FA09F408EB0515F7
:101E200003F1010398BF04F001041E448AF8040082
:101E30006C71C8F808623846BDE8F0870127FAE7F8
:101E40000135202DB0D10227F5E700BF335800201F
:101E50002C5800200104008010B510B3124A1368FA
:101E6000984204D103681360002304E00B4613B1C9
:101E700019688842FAD15168884208BF53600BB193
:101E80000168196000240460D2F808328168013BBF
:101E90005B1AC2F8083221461022FAF7D2FD20461A
:101EA00010BD0120FCE700BF2C580020054B1B682B
:101EB00013B11A798242FAD1002B0B600CBF0320B8
:101EC000002070472C58002010B5054B186800B949
:101ED00010BD037B04680BB9FFF7BEFF2046F6E791
:101EE0002C58002038B50C4B0C4C196809B9084621
:101EF00038BD0A790D681046FFF72EFF50B1013A40
:101F0000D2B21F2A03D824FA02F2D30702D4084619
:101F1000FFF7A2FF2946E9E72C58002001040080C2
:101F200028B1044BD3F80832036000207047012029
:101F3000704700BF2C5800202DE9F04107460E469F
:101F4000154632B329B3144B1C6800232CB9304614
:101F5000FFF7E6FF0020BDE8F081A268F91A013220
:101F600091420FD32279EA54581C22895FFA80F8F3
:101F7000611D55FA80F0FAF750FDA36824684344C8
:101F8000DBB2E3E720462468FFF766FF002CF9D1B7
:101F9000DDE70120DFE700BF2C5800200138C0B288
:101FA0001F289ABF014B185C0020704796BB03089E
:101FB00030B50B4B93F820200446084672B100213F
:101FC0001C330578A54208D001319842CDB20CBF30
:101FD00004480430AA42F4D8002030BD1046FCE783
:101FE000385A0020445A002010B5084C00232060C5
:101FF000142204F10C00FF2184F82030C4E9010010
:10200000FAF71FFD012384F8213010BD385A002053
:10201000114B93F82020042A1BD89A68017811707C
:102020009A68417851709A68C178D1709A688178BD
:10203000917093F82020013283F820209A6803F1F0
:102040001C018A4214BF043203F10C029A60012081
:1020500070470020704700BF385A0020094B93F8A2
:10206000200068B19A6803F10C018A4200F1FF3048
:1020700014BF043A03F11C0283F820009A60012087
:10208000704700BF385A0020094B93F8200068B110
:102090005A6803F11C018A4200F1FF3014BF043278
:1020A00003F10C0283F820005A600120704700BF42
:1020B000385A002010B5074B93F8202004460846F4
:1020C00032B15968FFF774FF10B101234470837077
:1020D00010BD00BF385A002008B5064B93F82020E9
:1020E0002AB15968FFF764FF08B1407808BD0120A4
:1020F000FCE700BF385A002030B50B4A92F8201098
:10210000536882F8210071B1012502F11C04D978CD
:10211000587001B99D70A34208BF044B916818BF65
:1021200004339942F3D130BD385A0020445A00207C
:10213000014B93F821007047385A002008B5044B32
:102140005968FFF735FF003818BF012008BD00BFF0
:10215000385A00202DE9F3410422174D044600218E
:102160000DEB020095F82080FAF76BFC0026F3B225
:10217000984502D802B0BDE8F0816B681B782370E7
:102180006B685B7863706B689F785FB12B682046E3
:102190009B689847FFF778FF17B901A8FFF738FF4A
:1021A0000136E4E71A788DF804205A78DB788DF848
:1021B00005208DF80730EDE7385A0020014B93F8E1
:1021C00020007047385A0020034B93F82000042861
:1021D00094BF002001207047385A0020F0B50D460A
:1021E00085B006461F4611469AB300240628CDE95D
:1021F0000144039426D0072829D005284FF0010474
:102200001CD08DF800402B0A8DF80150082201A83F
:102210002D0C8DF802308DF80350FAF708FC8DF87C
:102220000C7032463F0A214668468DF80D70FAF769
:10223000FAFE002818BF0E2005B0F0BD03238DF86C
:102240000030E0E704238DF800300124DBE70223AF
:10225000F5E70920F0E71FB507284FF00004CDE9A6
:1022600002440CBF022401248DF800408DF80110B7
:102270000C0A090C8DF803108DF80420110A120CB9
:102280008DF805108DF806208DF8073002461B0AE0
:10229000012168468DF802408DF80830FAF7C3FE38
:1022A000002818BF0E2004B010BD2DE9F04188B001
:1022B00017460D460F9A0646002853D000240121E8
:1022C000CDE904448DF810109DF838108DF81510E4
:1022D000190A8DF816308DF81710190C1B0E8DF891
:1022E0001930CDE90044130ACDE902448DF81A20D3
:1022F0008DF81B30130C120E07948DF818108DF802
:102300001C308DF81D20E3B24FEA0318002D5FFA50
:1023100088F803DC002008B0BDE8F081013310210B
:102320008DF81F303A466B460DEB0100FAF7FCFDC5
:102330000346C8B9102DAC46A8BF4FF0100CDAB256
:10234000624503F1010303DB103D2DB20134DAE7EE
:1023500008A908EB02000A44315C12F8202C4A401C
:102360003254ECE70920D6E70E20D4E7F0B500247C
:1023700089B006462C48CDE90444CDE90044CDE9B6
:102380000244CDE906440068284C4FF0010C8DF85A
:1023900010C0D0F800E0A645DDE90E5708D9634526
:1023A00004D9022B26D0082009B0F0BD8DF814C046
:1023B0000B0A8DF817300B0C8DF818302B0A8DF89E
:1023C00016108DF81A508DF81B30090E2B0C2D0E9F
:1023D0008DF81C308DF815208DF819108DF81D50D2
:1023E000124B02689A4284BF01238DF81F3026B930
:1023F0000020D9E78DF81430DAE710216B46062269
:102400000DEB0100FAF790FD58B908AB1A183B5CC8
:1024100012F8202C53403B54431CD8B2B042F4D3A2
:10242000E6E70E20C0E700BF5C5A00200000010173
:102430001FB500237F2208216846CDE90033CDE98E
:102440000233FAF7F0FD002818BF0E2005B05DF842
:1024500004FB00000138062823D8DFE800F0040A56
:102460000E12161A1E00104B1B681B690B60002011
:1024700070470D4B1B685B69F8E70B4B1B689B694A
:10248000F4E7094B1B68DB69F0E7074B1B681B6A25
:10249000ECE7054B1B685B6AE8E7034B1B689B6A2C
:1024A000E4E70520704700BF5C5A00202DE9F043A7
:1024B000C5B0DDE94C650C4690461F4681460028B4
:1024C00051D0B1F5807F50D84FF488720021684612
:1024D000FAF7B7FA49238DF80030002F3ED0244B8D
:1024E0001B68DB688DF80130C3F307238DF80230D9
:1024F00001228DF80520320A8DF80720320C8DF864
:1025000008202A0A8DF80B202A0C00238DF806607B
:102510008DF80A508DF80C204946224604A8360E44
:102520002D0E8DF803308DF804308DF80E308DF8B7
:1025300009608DF80D508DF80F40FAF76EFA04F12E
:1025400010014E9A434689B26846FAF7D7FC10B19B
:10255000012818BF0E2045B0BDE8F0838DF801704A
:102560008DF80270C4E70920F5E70D20F3E700BFFE
:102570005C5A0020F0B587B00F46DDE90C651346C4
:102580000146A8B3B7F5807F34D849228DF80820DA
:10259000320A8DF80F20320C8DF810202A0A8DF89F
:1025A00013202A0C8DF814200E9A8DF80E6000244A
:1025B0008DF812500092360E2D0E3A4602A88DF874
:1025C00009408DF80A408DF80B408DF80C408DF8CD
:1025D0000D408DF811608DF815508DF816408DF86E
:1025E0001770FAF785FC002818BF0E2007B0F0BD61
:1025F0000920FBE70D20F9E710B5A8B10B4C3822F4
:1026000000212060FAF71DFA2368094A1A600020A9
:102610004FF0FF32C3E90302C3E90522C3E90722F1
:10262000C3E909221A6310BD0820FCE75C5A0020A8
:1026300000010101024B1B6818600020704700BFB9
:102640005C5A002030B1044B1B68DB680133036027
:1026500000207047092070475C5A002013B5002302
:102660000C460193D2B101A9FFF7F4FE18B9019B02
:10267000591C02D1146002B010BD99B2611A002930
:1026800002DD0B441360F6E702D113600720F2E786
:102690001B0C1B0403F580332344F3E70920EAE70E
:1026A00079B1082803D0092807D005207047064BC8
:1026B0001B8801330B8000207047044B1B689B8DE7
:1026C000F7E70920704700BF605A00205C5A0020DD
:1026D00080B1094B1B6803F11C02426203F1200226
:1026E000426503F124022833C0F88420C0F8B430D6
:1026F00000207047092070475C5A002030B504461E
:1027000087B0002847D0264B1A68938801339BB2C4
:10271000938000F10E05C3820023CDE90233CDE999
:1027200004330822062329460DF109008DF80830EC
:10273000FAF77DF90222012102A8FAF774FC90B998
:10274000CDE90200CDE904000523082229460DF158
:1027500009008DF80830FAF76AF90322012102A86E
:10276000FAF761FC10B1122007B030BD204600F02E
:10277000C8FB08B11020F7E704F1180300932168A3
:1027800001231322FAF7B4FB38B9204600F0B9FB55
:102790000028E9D0EEE70920E6E70E20E4E700BFD5
:1027A0005C5A002037B50446F8B1134D2B689A8D5A
:1027B0004FF6FF739A421AD000F0D7FB10B11020E9
:1027C00003B030BD04F11C030093216802231422DE
:1027D000FAF78EFB68B9204600F0C7FB0028EED15F
:1027E0002A68938D01339385EAE70920E8E71120F1
:1027F000E6E70E20E4E700BF5C5A002037B5044648
:10280000E8B1124D2A884FF6FF739A4219D000F0B2
:10281000E4FB10B1102003B030BD04F114030093A9
:10282000216805230F22FAF763FB60B9204600F008
:10283000D4FB0028EED12B8801332B80EBE7092055
:10284000E9E70420E7E70E20E5E700BF605A002033
:102850002DE9F04704468AB0884617461E46002BED
:1028600046D0614D2B68DB68834200F2BB8096F84E
:102870002020002A14BF07220622834206D33046B6
:1028800000F0E3FB034608B310201CE00023019096
:102890000093B36896F82810706AFFF706FD90B9A8
:1028A0002B689B78012BEAD106F1100396F80CC037
:1028B000CDE9004302460346B1680CF00F00FFF774
:1028C00055FD0028DBD00AB0BDE8F087D5F800E060
:1028D00096F804C09EF802903068B268ACF1040C1F
:1028E000B9F1010F1FFA8CF171D1CDE9043308B9A8
:1028F0000920E8E7B1F5807F01D90D20E3E796F8DC
:102900000C908DF81C7019F0200FC9F340134FEA9A
:10291000122718BFDEF830308DF81E208DF81F709A
:102920004FEA12474FEA126218BF8DF819308DF83E
:10293000212018BFC3F307234FEA142208BF8DF8E4
:1029400019308DF81A308DF823200023220C8DF8D1
:102950001D308DF824208DF82630220E04AB4FF068
:10296000490A8DF8252000930A460523014606A84A
:102970008DF818A08DF81B808DF820708DF82240FE
:102980008DF827C0FAF7B4FAF8B905AA337B317984
:10299000CDE90142B268009204393068C3F34013B4
:1029A000042289B2FFF7E6FD00288CD1BDF8103073
:1029B000059A43EA0243F362304600F046FB0028E2
:1029C0007FF462AF2B68DC607DE70E207BE706F1C9
:1029D0002C070092CDE901470622FFF7CBFD002826
:1029E000EAD070E706206EE75C5A00202DE9F04F30
:1029F00087B08246109E894690461C46002E00F005
:102A00008C80002305A910460593FFF723FD20B114
:102A10000625284607B0BDE8F08F059B9C4201D8EB
:102A20000133F5D1304600F011FA0546002876D181
:102A30003C4810F82530534504D1B3684B4506D0C7
:102A40000225E6E70135052DF3D10B25E1E7364FE9
:102A5000337B3A683179927800EB8505002AF26A77
:102A600095F801B0CDF80090CDE90142A1F1040143
:102A7000AA783068C3F3401389B208BF0023FFF778
:102A800015FD05460028C4D196F820300194002B8E
:102A90004FF00103009396F82810706A4B4614BF5C
:102AA0005A460622FFF701FC05460028B1D13B68D3
:102AB0009A78012A0AD008F1FF38B8F1060FA8D891
:102AC000DFE808F015191C1F22252800BAF1040FB1
:102AD000F1D1307B1036CDE900464346494600F03F
:102AE0000F00FFF743FC0028E5D0054691E73B685F
:102AF0001C611C638DE73B685C61FAE73B689C6185
:102B0000F7E73B68DC6184E73B681C6281E73B6870
:102B10005C627EE73B689C627BE7092579E70F25CD
:102B200077E700BFF80000205C5A00201FB5B1B95C
:102B30000128CDE9001108BF2023CDE902114FF093
:102B400008024FF00001684608BF8DF80030FAF720
:102B50006AFA002818BF0E2005B05DF804FB0A20B1
:102B6000FAE7000038B50546FAF758FA044650B9B6
:102B700055B9064B1B6801469878FFF7D7FF10B987
:102B8000FFF756FC00B10E24204638BD5C5A0020E9
:102B90002DE9F04304468FB089461646002A00F01E
:102BA000AB80002900F0A8800025DFF85C81059546
:102BB0001D22294606A808F0B5FCD8F800308DF88B
:102BC0001350FF2C9F8805D014F0FD0F0ABF4F4B08
:102BD0009F8D1F880DF1130305AD02930195337985
:102BE000009333683A4649462046FAF738FA0028F7
:102BF00040F08480306832792946F9F70EFF30467C
:102C000000F0D6F800287BD1357AF279B3799DF8B7
:102C100013002D0445EA02251D43D8F80030012891
:102C20009A6803D1954203D803243EE09542FBD035
:102C30009D600021FFF77AFF0446002835D1FFF799
:102C4000F7FB044688BB9DF81330012B31D13B467E
:102C50004A4629460420FFF7C1FA002852D13B46D4
:102C60004A4629460520FFF7B9FA00284AD13B46D3
:102C70004A4629460620FFF7B1FA002842D13B46D2
:102C80004A4629460720FFF7A9FA00283AD1D8F882
:102C900000309DF813201D499A7000220A80DA60E6
:102CA0004FF0FF32C3E904229A6120460FB0BDE81D
:102CB000F083727AB37AF67A360446EA032616432C
:102CC0003B46324629460720FFF7C5FAD0B93B46B6
:102CD000324629460620FFF7BEFA98B93B463246EF
:102CE00029460420FFF7B7FA60B93B463246294629
:102CF0000520FFF7B0FAC8E70924D6E70E24D4E789
:102D00000F24D2E70446D0E75C5A0020605A002026
:102D1000082801D1FFF78CBB0A20704770B588B036
:102D2000002940D0214C002214F8223083422CD1BB
:102D30000023CDE90133CDE9053304EB820403938D
:102D400007930123C1F30720CDB28DF80030C1F302
:102D50000743090E8DF802008DF8041002268DF845
:102D600012008DF814106278E1788DF801506846F1
:102D70008DF803308DF810608DF811508DF81330F8
:102D8000FAF751F938B10E2003E00132052ACBD110
:102D90000B2008B070BDA278E17804A8FAF743F9D7
:102DA0000028F6D0EFE70920F3E700BFF800002085
:102DB00010B50446002845D00168002942D011F81A
:102DC000013B437103220630F9F727FE2046032218
:102DD00050F8091B0431F9F720FE2168CB79E36034
:102DE0000A7A43EA0223E3604A7A43EA0243E36051
:102DF0008A7A43EA0263E360CB7A23740B7B6374C1
:102E00002379212B1AD110220D3104F11200F9F788
:102E100004FE1D222168501C8B5C6362085C43EA3F
:102E20000023901C6362085C033243EA0043636240
:102E30008A5C43EA02636362002010BD112B03DC4D
:102E40000D22E7E70220F8E70120F6E710B5044677
:102E5000002854D00168002951D00B7843714B7879
:102E600083608A7843EA02238360CA7843EA024394
:102E700083600A7943EA026383604B7903738B7939
:102E8000C381CA7943EA0223027BC38102F00F02A5
:102E900008311030F9F7C1FD237B002203F00F0346
:102EA00084F8202084F82820227903F10800111AE0
:102EB00004290DDD21680933043AD21A085C84F82C
:102EC0002000D2B2606A84F828201944F9F7A5FDE1
:102ED000237922681A44002012F8043CE36212F8B5
:102EE000031C43EA0123E36212F8021C43EA014394
:102EF000E36212F8012C43EA0263E36210BD022090
:102F0000FCE710B5044660B3036853B30279162A90
:102F100029D942791A700146082251F8060B01306E
:102F2000F9F785FD2146082251F80E0B0930F9F713
:102F30007EFD2368E28A5A74E38A22681B0A93742E
:102F40002368A269DA74A36922681B0A13752368CF
:102F5000628B5A752368E27E9A75172323710020CD
:102F600010BD0120FCE70220FAE710B50446002856
:102F70002FD003686BB30279172A2CD942791A70C3
:102F8000036882795A700146082251F8070B023013
:102F9000F9F74DFD2146082251F80F0B0A30F9F7D9
:102FA00046FD2368228B9A74238B22681B0AD374F4
:102FB0002368E2691A75E36922681B0A537523685E
:102FC000E28B9A752368E27FDA751823237100205B
:102FD00010BD0120FCE70220FAE710B504460028E6
:102FE0002FD003686BB30279122A2CD942791A7058
:102FF000036882795A700146032251F8070B0230A8
:10300000F9F70BFD2146082251F80A0B0530F9F7B4
:103010000EFD2368628A5A73638A22681B0A9373BF
:1030200023686269DA73636922681B0A1374236870
:10303000E28A5A742368E27D9A7413232371002074
:1030400010BD0120FCE70220FAE738B5044600284D
:1030500063D00168002960D0037B90F8282003F03A
:103060000F03002A57D108332079043213449842C1
:1030700055D363790B702368A2685A70A3682268DD
:103080001B0A937023686289DA702368E27A1A71E6
:103090002368227B5A712368E2899A71E389226846
:1030A0001B0A2146D371227B51F8100B02F00F024C
:1030B0000830F9F7B2FC237B94F8282003F00F03C3
:1030C00003F108052AB1226894F82010515503F144
:1030D0000905206894F82820616A2844F9F79DFCC6
:1030E00094F828302268E16A2B44D1545A1CE16AD2
:1030F000206892B2090A81549A1C2168E08D92B22C
:103100008854DA1C216894F82F0092B20433885452
:103110002371002038BD0933A6E70120FAE7022019
:10312000F8E70000064B10B51B6A0446984730B11B
:103130000448054B204498428CBF0020012010BD5C
:10314000D0B90308403576C9405DC600F0B5114BD3
:1031500085B00C4610491F56054603F0D7FD0F4BAE
:10316000E4B25E6A072D4FF00103CDE90243014648
:103170000AD105220023CDE900234FF47A727A4365
:103180001846B04705B0F0BD08220020CDE9002068
:103190003A46F5E7DFBB0308B8BB0308D0B903081C
:1031A00004289CBF014B1870704700BF625A002072
:1031B000014B1878704700BF625A00201FB50023EA
:1031C00000930378013B362B7ED8DFE803F01C2206
:1031D0007D7D7D1F7D7D7D7D3F41437D4C4F5255E3
:1031E000585B7D631F696E7375787D7A7D247D7D64
:1031F0007D7D7D7D7D7D7D7D7D7D7D81858A7D7DE6
:103200008C8A7D909400C378002B5DD002230093BC
:103210005AE08378F8E743788DF8043007238DF877
:1032200005308378002B0CBF002302238DF8063075
:1032300010238DF80730334B1B6801A803F590620B
:10324000CDE9022303F042FD00903DE04023DEE79C
:103250002023DCE7827890F9013012B92A4AD35C46
:10326000D5E72A4AFBE740F6B833D0E74FF47A7344
:10327000CDE74FF4FA63CAE741F28833C7E741F27A
:103280007073C4E722484FF47A71F9F7B9FB00F57F
:10329000FA60D9E71F4B1A781F4B53F82230B6E774
:1032A000184B1B6803F59063B1E7164B1B6803F2DC
:1032B0008C43ACE71023AAE7124B1B68A7E7012356
:1032C000A5E74FF083430093009805B05DF804FB39
:1032D000104B1A78114BE0E740F21113ADF80030B3
:1032E000F2E7032393E70B4B1A780D4BD5E790F9E0
:1032F00001300C4AB3E70C4990F9010003F006FDD8
:10330000A2E700BF685A002067BC03086FBC03082F
:1033100018FCFFFF625A0020340100200C0100203D
:1033200020010020DFBB0308B8BB030837B50B4BF7
:1033300002781B680C2101FB02335B7A03EB430428
:10334000074B1D6803690093C3684278816805EBE9
:10335000C40003F0B8FA03B030BD00BF685A0020C3
:10336000645A002010B586B0027B6423ADF80030AB
:10337000012A4FF00003CDE90133CDE903338DF885
:1033800002308DF814302CD0022A33D03ABB0368B7
:103390002BB343681BB31C4C806823601B4B182263
:1033A00069461860F9F739FB194B1A7823680C2421
:1033B0005443184A224407CA83E80700164A2244A5
:1033C00007CA03F10C0484E807000322A3F88C2445
:1033D00003F28C41012203F5906003F065FA06B018
:1033E00010BD094908684360036100F28C4100F593
:1033F0009060F2E7044B1B68B3F88024B3F88C1498
:103400000A43A3F88024EAE7685A0020645A00209F
:10341000625A0020480100208401002008B50346BC
:103420000A2924D8DFE801F006232323230B161BE7
:1034300023212100BDE808400068FFF773BE90F922
:1034400000009978072271B903F0EEF9003818BF2F
:10345000012008BD052293F900000021F4E790F94E
:1034600000005978EEE70221EEE70722F3E700209B
:10347000EFE7000010B504791CB1012C0BD000203F
:1034800010BD0A4B01681B68012203F5906003F030
:103490000BFA0120F4E7054B01681B68224603F292
:1034A0008C4003F001FA2046EAE700BF685A00208A
:1034B000F7B50728144D1C46A8BF072058700E46C4
:1034C0002946174603F022FC94F90130A070072B1F
:1034D00013D1322003F0EAFA0C4BDB6D0546984716
:1034E00004F10C0208340346019200943A46314636
:1034F000284603F0E0FA03B0F0BD054A55F8231062
:10350000D05C03F0CBFAE7E7B8BB0308D0B90308F7
:10351000DFBB03082DE9F04FDFF8CC9090F9018074
:10352000D9F8043046688BB005468A469847044669
:10353000002856D1AB7C63B92C4A2B78126803EB78
:10354000430302EB830152F823604B68002B18BF42
:103550001E46274B304613F908B0D9F80C3098476F
:10356000D9F81830AF689C46B8F1070F6B7C099307
:1035700025D100230121CDE904311E4906930522FE
:10358000CDE90733CDE90012BFB24FF47A7203934D
:10359000029702FB0BF24CF2503118466546A847E1
:1035A000154B13F80810D9F854300D312046C9B224
:1035B00098478AF8008001200BB0BDE8F08F002604
:1035C00001240823CDE90063CDE90764CDE9056650
:1035D000CDE90366BFB20297A97823465A46204632
:1035E000DCE70020E8E700BFD0B90308685A0020F4
:1035F000DFBB03088545010067BC03082DE9F04FD8
:10360000DFF8EC9090F9013092463A4A12F903B093
:103610000278D9F800300C2505FB0233364A5B7A74
:10362000126803EB43038DB002EBC30304460B9116
:1036300090F9020093F9021003F063FB2F4906464C
:1036400094F9010003F062FBA2686168804630468D
:1036500003F05AFA2378D9F80020DFF8A4905D43EC
:103660000746D9F80C3050599847D9F81C309C4679
:1036700094F901300025072B4FF47A63CDE9075305
:10368000CDE9055523D10123CDE903530523CDE928
:1036900001534FF47A7303FB0BF30093394643460F
:1036A00046F2A81228466746B847A18994F9010056
:1036B000FFF74CFDCAF80000D9F85430217B2846AA
:1036C00098470B9B01201E700DB0BDE8F08F0120C4
:1036D0000823CDE90350CDE901032A46CDF800B017
:1036E000654643463946A84701200546DDE700BF49
:1036F000685A0020DFBB0308645A0020B8BB0308E7
:10370000D0B903082DE9F04F8FB00024DFF850B195
:1037100004940546894690461F46ADF81440ADF81E
:10372000024007264FF00C0A2B7AA34206D968689C
:1037300004A9204403F04CF900285CD102238DF841
:10374000083002A86B7A8DF80A30FFF737FDAB7AA4
:103750008DF81D309DF811308DF81E309DF8123017
:103760008DF81F309DF810308DF82030EB7A8DF8F1
:1037700021302B7B8DF822306B7B8DF8233010238A
:103780008DF81C608DF82430354E8DF82C000DF12D
:1037900002030A93072332688DF82D30ADF83430D8
:1037A0002B680C9206930DF1120204AB0DF111017E
:1037B00006A803F027F9072805460BD130680C222C
:1037C000002100F59060F9F73CF93368BDF802205C
:1037D000A3F880249DF8113089F800309DF812304C
:1037E00088F800309DF810303B70189B28461C70FC
:1037F0000FB0BDE8F08F9DF81320BDF81430ADF880
:1038000002300444E4B2C2B9E3B1DBF80010002096
:1038100007264FF0010C062A16D10AFB00F3CB58FD
:103820003BB1BDF802E00CFA00F343EA0E03ADF839
:10383000023001301028EED176E7531E042B01D957
:10384000062AE2D006266FE7BDF802300341DB0707
:10385000EFD50AFB00F3CB58002B08BF0626E8E79C
:10386000685A002038B505464068FFF75BFC072220
:1038700000284FF0000195F9000014BF072406242A
:1038800002F0D2FF08B904F0050495F901000722FF
:10389000002102F0C9FF08B904F0FB04204638BD3E
:1038A0000020704710B503780F2B04461AD84068E3
:1038B000FFF738FC22780C4902EB42020968002825
:1038C00001EB820051F8222014BF032302231AB90E
:1038D00003F0010358B210BD032B06BF62684260BB
:1038E0000223F7E70020F6E7685A0020022070471D
:1038F0002DE9F04F564F0446386899B088469146F6
:1039000000211D460122032300F59060CDE9061138
:10391000CDE908118DF814108DF81510ADF816309A
:1039200002F0A4FF30B93A68B2F8803443F00303E0
:10393000A2F880343A68637A8DF8283002F59061F5
:10394000CDE90B12434A94F9083012680D920DF13B
:1039500016020F922268109262681192D4E9030154
:10396000A27A8DF8482001228DF8492013AA82E816
:1039700003001026227DE18A8DF8293018468DF843
:103980005420ADF83860FFF7E1FB0AAB17930DF157
:103990001503169000932946CDF8049005AB06AAAE
:1039A00010A803F04FF90546002846D1EBF7C3FCF9
:1039B000012835D1EBF7C3FC8346EBF7C4FC9DF837
:1039C0001410814601392846F9F71AF8224B234989
:1039D0001B690393C4B218AB23449DF8140013F879
:1039E00048AC0134B4FBF0F300FB13440C2303FB9D
:1039F0000AFC38684B4650F80C00DDF80CC05A46FB
:103A0000E047E4B2154928B188F800A0284619B06B
:103A1000BDE8F08F013E16F0FF06DCD10D25F5E77D
:103A20009DF8141028460139F8F7EAFF18AB18443E
:103A300010F8483C88F80030E8E70C2801BF3A68E5
:103A4000B2F8803443F00303A2F88034DEE700BF0D
:103A5000685A0020645A0020D0B90308400D0300C2
:103A6000F8B50679012E054601D80620F8BD0F2EBF
:103A70002BD80368187A40F303000722002140B2D4
:103A800002F0D2FE2B680446187A40F30310072296
:103A9000002140B202F0C8FEA8B1B4FA84F464096F
:103AA00029680B7A086843F3030243F3031352B205
:103AB0005BB29A42C8BF0124FFF734FB48B9002C1F
:103AC000D3D10420D2E70124EAE70320CEE7052082
:103AD000CCE7002CFBD10C4F29683B6806EB460075
:103AE00003EB80000C22F8F798FF3A680C2303FBE5
:103AF000062320465C72012303FA06F6B2F88034EE
:103B00001E43A2F88064B1E7685A002010B401781F
:103B100001290ED9084B18680C234B43C418002206
:103B2000C250C4E9012200F5906010BC102202F0DE
:103B300084BE002010BC7047685A00202DE9F04177
:103B400086B050238DF81430037A102B074630D1FD
:103B50004368DD7B6DBB0224A8466426062C14D87E
:103B60007A68535D03932A44517843EA012303930F
:103B7000927843EA02437343CDE9033863B9684658
:103B80008DF80040FFF7C2FF0DE0CDF80C808DF8F6
:103B90001480CDF81080F2E703AB01A801938DF8F3
:103BA0000840FFF75DFF0134E4B2102C05F1030576
:103BB000D4D106B0BDE8F0811FB502680379116861
:103BC00051B901A88DF80430FFF7A0FF78B90020A3
:103BD00040B205B05DF804FB02A802928DF80C30EB
:103BE000FFF73EFF0628F2D8024B185CF0E70320EF
:103BF000EEE700BFD8BB0308C90020B9034B194446
:103C00008856C0B27047024BF9E700BFE7BB030814
:103C100027BC030810B586B00B4B01938368029351
:103C200040F21133ADF80C3000238DF80E304368AC
:103C300004930388ADF8143001A80C4602F07AFF13
:103C40000323237006B010BDDFBB030830B50B4B58
:103C500085B00C460A491D5603F058F80822014663
:103C60000020CDE90020074A0123E4B20294039327
:103C7000546A18462A46A04705B030BDE2BC030886
:103C800078BC0308D0B903080B4B10B51B6A044677
:103C9000984768B1094B0A4A2344934209D8094A14
:103CA000534341F6F632B2EBB31F2CBF0120002084
:103CB00010BD0020FCE700BFD0B90308608FF7C833
:103CC000401640005FF743591FB500230093037867
:103CD000013B362B25D8DFE803F01C2024242422C6
:103CE0002424242443454724505356595C5F2467B9
:103CF0001E696E737578247A2428242424242424AD
:103D0000242424242424247D831E1E247D1E1E8B13
:103D10008F00C3781BB9082302E083780BB102231C
:103D20000093009805B05DF804FB43788DF80430EB
:103D30000D238DF805308378002B0CBF0023022360
:103D40008DF8063048238DF807302E4B1B6801A8EC
:103D500003F59062CDE9022302F0B8FF0090E0E79E
:103D60004023DDE72023DBE7827890F9013012B9A8
:103D7000254AD35CD4E7254AFBE740F6B833CFE7C2
:103D80004FF47A73CCE74FF4FA63C9E741F2883312
:103D9000C6E741F27073C3E71D484FF47A71F8F734
:103DA0002FFE00F5FA60D9E71A4BB9E7154B1B68EF
:103DB00003F59063B4E7134B1B6803F28C43AFE742
:103DC0004823ADE70F4B1B68AAE70123A8E7124B76
:103DD0000093A6E7114A0F49007900F0E0FCBDE727
:103DE00040F21743ADF8003003238DF8023098E716
:103DF00090F901300A4ABCE70A4990F9010002F043
:103E000085FFABE77C5A0020F2BC030800BD030825
:103E100018FCFFFFA07008370000F041C027090020
:103E2000E2BC030878BC030837B50B4B02781B686B
:103E30000C2101FB02335B7A03EB4304074B1D6843
:103E400003690093C3684278816805EBC40002F0FF
:103E50003AFD03B030BD00BF7C5A0020745A0020E8
:103E6000F0B587B00123047BADF800300023CDE925
:103E70000133CDE903338DF802308DF8143024B1CD
:103E8000013C012C50D907B0F0BD0368002BFAD0DB
:103E90004268002AF7D0314E80683260304A314D96
:103EA00010609C81182269462B60F8F7B6FD3068D7
:103EB0002D4B2E4F024601464FF0500C0B6003F580
:103EC000433303F5A073BB4281F808C04C7201F183
:103ED0000C01F3D1264B274966270024C2F8003392
:103EE00003F5C31303F520638B4282F8087382F84D
:103EF000094302F10C02F1D14FF0FF33C0F88C34CA
:103F0000C0F89034FF23C0F8943400F28C410622AC
:103F100000F5906002F0C8FC31682868062201F5BF
:103F2000906102F0C1FCAEE70C4C2068062200F262
:103F30008C4100F5906002F0B7FC0A4B21681B68C9
:103F400001F590619A1E0A3332F8024F31F8020BE4
:103F50009A4200EA04001080F6D194E77C5A0020CF
:103F6000745A0020785A002000D88C360028503728
:103F70006086973660D65A3708B503460A2921D895
:103F8000DFE801F006202020200B0B18201D1D006B
:103F9000BDE808400068FFF777BE997890F9000007
:103FA0000D2229B902F040FC003818BF012008BDDD
:103FB0000221F7E70D22082193F90000F2E70E2213
:103FC0000021F9E70020F2E7F8B51C4B1B68044616
:103FD00083BB237A102B30D16368DB7B012B2CD180
:103FE000174B1868174B1D6800F59066023D0022BC
:103FF0003146636813F812303380676807EB420775
:10400000042A7F7843EA072326F8023B04BFDBB289
:10401000A0F8883435F8023F36F8027C01323B4084
:10402000052A2B80E5D1BDE8F840062200F28C403D
:1040300002F03ABC98470028CBD0F8BD6C5A00205B
:104040007C5A0020785A002038B504791CB1012C24
:1040500021D0002038BD154D01682B68062203F5DC
:10406000906002F021FC2B6893F89424A3F8942428
:104070000F4AA3F89644126803F59063911E0A3222
:1040800031F8024F33F8020B914200EA0400088035
:10409000F6D10120DEE7054B01681B68062203F21A
:1040A0008C4002F001FC2046D4E700BF7C5A00207F
:1040B000785A0020F7B50D28114DA8BF0D201C46D9
:1040C0000E4658702946174602F020FE94F901303A
:1040D0000C4A55F82310A070D05C02F0DFFC0A4BAC
:1040E000DB6D0546984704F10C0208340346019243
:1040F00000943A463146284602F0DDFC03B0F0BD9C
:1041000078BC0308E2BC0308D0B903082DE9F047E6
:104110001F4E90F90190736845688AB0044688463E
:104120009847002831D1A37C33B92578194A05F086
:104130000703194D02FB0355184B284613F909A034
:10414000F3689847637C2289099301250023029232
:104150000822CDE90032CDE90735CDE90533CDE9B7
:104160000333A178B7692B4652462846B8470C4B13
:1041700013F80910736D0D312846C9B2984788F8B5
:10418000009028460AB0BDE8F0870020FAE700BF9B
:10419000D0B90308C0270900A0700837E2BC0308A3
:1041A000F2BC03082DE9F04FDFF8B0A090F9013020
:1041B00091462B4AD7560278DAF800300C2505FBD9
:1041C0000233284A5B7A126803EB430302EBC30312
:1041D0008DB00446884690F9020093F9021002F06F
:1041E00090FD2149064694F9010002F08FFDA26876
:1041F00061680B90304602F087FC2278DAF80010F4
:10420000DFF868A055438346DAF80C2048599047F8
:10421000012500224FF47A630821CDE90723CDE977
:104220000522CDE90325CDE901510B9B00975946A5
:104230002846DAF81C70B847DAF85430217B284653
:104240009847A18994F90100FFF700FDC9F8000023
:10425000284688F800600DB0BDE8F08F7C5A002039
:10426000E2BC0308745A002078BC0308D0B90308E4
:104270002DE9F04F8B4F95B0CDE9011239680393CA
:1042800009AE00240546062201F590613046C6E9D4
:1042900001440794ADF82040099402F005FBA046C4
:1042A0004FF6FF792B7AA34207D9686807A9204403
:1042B00002F08EFB002840F083809DF91D30052B15
:1042C00007DC0422002109A802F0D0FA012840F2FC
:1042D000E6804FF0070802238DF8143005A86B7AAA
:1042E0008DF81630FFF7F0FCAB7A8DF835309DF87D
:1042F0001D308DF836309DF81E308DF837309DF822
:104300001C308DF83830EB7A8DF839302B7B8DF8F6
:104310003A306B7B8DF83B3048238DF83C300D23D1
:104320008DF845303B6812930E23ADF84C302B6866
:1043300004908DF844000C930DF11E0207AB0DF1B3
:104340001D010CA88DF83480109602F05BFB072845
:10435000054623D138680622314600F5906002F008
:10436000A3FA514B3A681B68B2F8800419880140DF
:104370001980B2F88204598801405980B2F8840447
:10438000998801409980B2F88604D9880140D98083
:10439000B2F888141981B2F88A245A81019A9DF8DA
:1043A0001D301370029A9DF81E301370039A9DF809
:1043B0001C3013701E9B28461C7015B0BDE8F08F92
:1043C0009DF81F30BDF820200444062BE4B20BD129
:1043D000ADF82490ADF82690ADF82890ADF82A906D
:1043E000D2B2ADF82C205DE7072B08D1ADF82480C0
:1043F000ADF82680ADF82880ADF82A80F0E7052BCF
:1044000047D14FF0000CD2B26146012303FA0CFAF7
:104410000CEA030B14AB03EB410E12EA0A0F3EF851
:104420002C3C0FFA8AF01DD0BBF1000F0ED143F0E7
:10443000FF032EF82C3CBDF82C300343ADF82C3094
:104440000CF1010CBCF1080FDFD12BE763F0FF0387
:104450002EF82C3CBDF82C300343ADF82C30013144
:10446000C9B2EDE7C043BBF1000F09D123F0FF0350
:104470002EF82C3CBDF82C301840ADF82C00DFE7AE
:10448000DBB22EF82C3CBDF82C301840ADF82C00D7
:10449000E5E714A901EB430323F82C2C02E74FF0C6
:1044A000060818E77C5A0020785A002038B50546DF
:1044B0004068FFF7E9FB0D2200284FF0080195F94D
:1044C000000014BF0724062402F0AEF908B904F076
:1044D000050495F90030072B01D00D2B01DD04F008
:1044E000FD0495F901000522002102F09DF908B9AB
:1044F00004F0FB04204638BD4FF0FF307047002029
:1045000070474FF0FF30704710B50E4B5B680C469C
:104510002BB90D4B1A68537B34B1013B05E098472A
:1045200040B20028F5D010BD01335373537BC3EB69
:10453000C30203EBC203DBB21D2B34BF06200220F3
:10454000F1E700BF6C5A0020785A00202DE9F047AF
:104550000025A4B0494E8DF80E5004460F469146F2
:104560002946442213A898468DF80F50129506F05C
:10457000D9FF29463068DFF808A1042202F076F955
:10458000054648B9DAF800103068042201F5906158
:1045900002F08AF933681D7394F908203368DAF859
:1045A0000010052A04DD1A7A12B9B1F888241A819C
:1045B000CDE90531334B627A1B6807934823ADF888
:1045C00020300023099323680A9363680B93D4E98E
:1045D0000301A37A8DF810208DF8303094F908206B
:1045E0008DF8112001238DF831300DAB83E80300E5
:1045F000237DE18A8DF83C301046FFF727FB04ABA2
:1046000011930DF10F0310900093CDF804900DF16C
:104610000E0312AA41460AA802F014FB054680B90F
:10462000637A93B19DF80E100139F8F7E9F924ABDC
:10463000184410F8483C3B7039783068482202F042
:10464000FCF8284624B0BDE8F08794F908303068BB
:10465000022B0AD0007A2A46D3B240FA03F1C907E6
:1046600002F10102F8D54033E5E73A4600F10C01CA
:1046700000F042F80328DFD10546E2E7785A00202F
:104680007C5A0020745A0020032070470120704794
:10469000064B10B5062404FB01339B56002B03DAAE
:1046A00000280CBF00230223D8B210BDB8BC0308F9
:1046B00010B586B00B4B01938368029340F6170345
:1046C000ADF80C3002238DF80E3043680493038854
:1046D000ADF8143001A80C4602F02CFA0823237020
:1046E00006B010BDE2BC030803C8024B83E8030018
:1046F000704700BF6C5A00202DE9F3410023CDE93B
:1047000000330E469046074618B9032002B0BDE8B4
:10471000F0810029F9D0002AF7D00C786308E0076F
:1047200037F813104FF0000354BFC9B2090A1D46F1
:1047300041FA03F2D207D8B205D502AA2A440135BC
:1047400002F8080CEDB20133082BF1D15DB1691EFE
:104750000020F8F755F902AB184410F8083C03EBB9
:10476000C40388F800300134E4B2082C28BF0024C8
:104770001DB93378A342D1D1C7E734700020C5E713
:1047800088420AD3904208D8401AB0FBF3F103FBE9
:104790001100B0FA80F0400970470020704702FB1A
:1047A000001070470A288CBF002001207047034684
:1047B00082B008460A2B28D8DFE803F006090C0F60
:1047C0001215181B1E21240002B0FEF7F7BC02B020
:1047D000FFF77ABA02B000F06BBD02B001F026BB61
:1047E00002B002F0E3BA02B003F020B802B004F065
:1047F00067BA02B003F042BD02B006F063B902B07E
:1048000005F05EBC02B004F073BF002002B0704738
:10481000034608460A2B1DD8DFE803F006080A0CF9
:104820000E10121416181A00FEF780BDFFF7FCBA1E
:1048300000F03CBE01F08CBB02F046BB03F084B834
:1048400004F0CEBA03F0AABD06F0D8B905F0CABC90
:1048500004F0DEBF7047034608460A2B1DD8DFE888
:1048600003F006080A0C0E10121416181A00FEF7B0
:1048700079BDFFF7F5BA00F035BE01F085BB02F057
:104880003FBB03F07DB804F0C7BA03F0A3BD06F048
:10489000D1B905F0C3BC04F0D3BF70470346084646
:1048A00011460A2B1DD8DFE803F006080A0C0E108B
:1048B000121416181A00FEF7B1BDFFF75DBB00F029
:1048C0009BBE01F0BDBB02F077BB03F0BFB804F0A4
:1048D00009BB03F0DBBD06F039BA05F0F3BC05F007
:1048E00021B800207047034608460A2B1DD8DFE890
:1048F00003F006080A0C0E10121416181A00FFF71F
:104900001DB9FFF761BB00F095BE01F0DBBE02F000
:1049100095BE03F0F5BB04F02DBE04F009B906F016
:1049200039BA06F011B805F029B8704703460846B1
:104930000A2B1DD8DFE803F006080A0C0E1012142B
:1049400016181A00FEF796BDFFF77EBB00F050BFA9
:1049500001F098BB02F052BB03F0A0B804F0DEBA3D
:1049600003F0BABD06F056BA05F0CEBC05F02EB87D
:104970000020704710B40446084611461A46019BB1
:104980000A2C28D8DFE804F006090C0F1215181BB2
:104990001E21240010BCFEF78BBD10BCFFF78ABBA4
:1049A00010BC00F055BF10BC01F08ABB10BC02F077
:1049B00043BB10BC03F090B810BC04F0CDBA10BCDF
:1049C00003F0A8BD10BC06F061BA10BC05F0BABC7B
:1049D00010BC05F02BB810BC7047034608461146C2
:1049E0000A2B1DD8DFE803F006080A0C0E1012147B
:1049F00016181A00FEF78EBDFFF788BB00F054BFF3
:104A000001F090BB02F04ABB03F098B804F0D0BAB2
:104A100003F0B2BD06F066BA05F0C6BC05F03EB8BC
:104A20000020704710B40446084611461A460A2C66
:104A300028D8DFE804F006090C0F1215181B1E21F8
:104A4000240010BCFEF7DABD10BCFFF7ABBB10BCF6
:104A500000F08CBF10BC01F0D9BB10BC02F092BBBF
:104A600010BC03F0DFB810BC04F0F2BA10BC03F0C5
:104A7000F7BD10BC06F082BA10BC05F009BD10BC31
:104A800005F050B8002010BC704730B40546084609
:104A900011461A46DDE902340A2D33D8DFE805F065
:104AA000060A0E12161A1E22262A2E00029430BC66
:104AB000FEF728BE029430BCFFF7DABB029430BC8C
:104AC00000F0D2BF029430BC01F024BC029430BC90
:104AD00002F0DCBB029430BC03F028B9029430BC75
:104AE00004F036BB029430BC03F03EBE029430BCEE
:104AF00006F0C2BA029430BC05F04EBD029430BC40
:104B000005F078B8002030BC7047034608460A2BF1
:104B10001DD8DFE803F006080A0C0E101214161850
:104B20001A00FEF79FBEFFF7C1BC01F05DB801F0AF
:104B300099BC02F053BC03F0A1B904F0B1BB03F07F
:104B4000C3BE06F0A9BB05F0CFBD05F055B90020E6
:104B5000704708B5034608460A2B33D8DFE803F050
:104B6000060A0E12161A1E22262A2E00BDE808403A
:104B7000FFF722B8BDE80840FFF7BEBCBDE808401B
:104B800001F050B8BDE8084001F0DABDBDE80840CA
:104B900002F092BDBDE8084003F0F0BABDE808405D
:104BA00004F026BDBDE8084004F000B8BDE80840A8
:104BB00006F09EBBBDE8084005F004BF05F042F9D1
:104BC00040B208BD0020FCE7034608460A2B1DD86A
:104BD000DFE803F006080A0C0E10121416181A006B
:104BE000FEF75EBEFFF78BBC01F01FB801F058BCAA
:104BF00002F012BC03F065B904F070BB03F086BE8E
:104C000006F079BB05F08EBD05F01EB90020704797
:104C100008B5034608460A2B33D8DFE803F0060A36
:104C20000E12161A1E22262A2E00BDE80840FEF794
:104C300039BEBDE80840FFF764BCBDE8084000F09D
:104C4000F7BFBDE8084001F02FBCBDE8084002F006
:104C5000E7BBBDE8084003F037B9BDE8084004F001
:104C600041BBBDE8084003F055BEBDE8084006F072
:104C700045BBBDE8084005F059BD05F0E7F840B276
:104C800008BD0020FCE70346084611460A2B1DD844
:104C9000DFE803F006080A0C0E10121416181A00AA
:104CA000FEF724BEFFF730BC00F0C5BF01F020BC0A
:104CB00002F0DABB03F032B904F038BB03F04EBEA9
:104CC00006F020BB05F056BD05F0C2B800207047C5
:104CD00010B40446084611461A46019B0A2C28D8EF
:104CE000DFE804F006090C0F1215181B1E21240022
:104CF00010BCFEF7FDBD10BCFFF728BC10BC00F0D7
:104D00009BBF10BC01F0F6BB10BC02F0AFBB10BCE7
:104D100003F006B910BC04F00BBB10BC03F020BEBE
:104D200010BC06F011BB10BC05F026BD10BC05F090
:104D3000A3B8092010BC7047034608460A2B1DD8AB
:104D4000DFE803F006080A0C0E10121416181A00F9
:104D5000FEF786BEFFF798BC00F0FEBF01F044BC32
:104D600002F0FEBB03F056B904F096BB03F072BE2E
:104D700006F088BB05F07ABD05F034B90320704712
:104D8000034608460A2B1DD8DFE803F006080A0C84
:104D90000E10121416181A00FEF7B8BEFFF776BCF4
:104DA00000F0DCBF01F076BC02F030BC03F090B93B
:104DB00004F0C8BB03F0A4BE06F066BB05F0ACBDB2
:104DC00005F012B90020704710B404460846114699
:104DD0001A460A2C28D8DFE804F006090C0F121531
:104DE000181B1E21240010BCFEF706BF10BCFFF7E5
:104DF0004FBC10BC00F0B4BF10BC01F0C1BC10BC73
:104E000002F07ABC10BC03F0D9B910BC04F010BC9D
:104E100010BC03F0EBBE10BC06F038BB10BC05F0B4
:104E2000F1BD10BC05F0E2B8C8B210BC7047034633
:104E3000084611460A2B1DD8DFE803F006080A0CC5
:104E40000E10121416181A00FEF7E4BEFFF730BC5D
:104E500000F092BF01F09ABC02F054BC03F0B4B968
:104E600004F0ECBB03F0D2BE06F01ABB05F0D0BDD7
:104E700005F0CCB8704700000048704703000102FD
:104E8000C00000F0F8007047F0B50446081F012884
:104E90002CD906290AD14FF6FF7323806380A380A3
:104EA000E3800023238163810720F0BD072905D11A
:104EB000002323806380A380E380F3E70DB201EB3E
:104EC000410103EB8111072000230C2642FA03F76E
:104ED000FF0705D506FB03F7CF59002F08BF0620B3
:104EE0000133102BF2D124F81520DEE70620DCE791
:104EF000024B034A0349FFF743BC00BF400D0300C8
:104F000020FD971D60BAD71C114B124930B50246DF
:104F100051250024136003F5433303F5A0738B423E
:104F20001572547202F10C02F4D10B4B0B4A51244E
:104F30000021C0F8803103F5433303F5A073934299
:104F400080F8884180F8891100F10C00F1D130BD62
:104F50006035081C60DD691CE0CC021EE074641E34
:104F60004FF6FF73038043808380C3800023038157
:104F700043817047202834BF002220220449054B7A
:104F8000A0EB0200044A28BF0B4602FB003070472A
:104F90006062391D60BAD71C400D0300FFF7EABFFD
:104FA000F0B50A4D06460F460FCD89B06C460FC4CA
:104FB00095E80F0084E80F0037B108AB03EB8606D5
:104FC00056F8200C09B0F0BD0148FBE7A0B6030875
:104FD0002081051D0048704720937F1D00207047E9
:104FE000F0B50446481F02282CD903290AD14FF6F0
:104FF000FF7323806380A380E38000232381638188
:105000000720F0BD042905D1002323806380A380FD
:10501000E380F3E70DB201EB410103EB81110720BF
:1050200000230C2642FA03F7FF0705D506FB03F71A
:10503000CF59002F08BF06200133102BF2D124F8DE
:105040001520DEE70620DCE7024B034A0349FFF7A1
:1050500097BB00BF400D0300E0857C1D2055361D29
:10506000084B094A10B500215124036003F543336E
:1050700003F5A07393420472417200F10C00F4D165
:1050800010BD00BF6035081C60B19A1C4FF6FF735D
:105090000380438083800023C38003814381704762
:1050A0001823B0FBF3F202FB1300C3B2024A034819
:1050B00000FB0320704700BF2055361D400D030044
:1050C0000048704720F45A1D400100F0E00070478E
:1050D000FFF7DABE38B5084A084B09490546FFF71D
:1050E0004FFB064B074A084904462846FFF748FB92
:1050F000002C18BF204638BD6085CB1C400D030036
:10510000A0EA6C1C60B2FC1DA0179E1D114B124939
:1051100030B5024651250024136003F5433303F5EF
:10512000A0738B421572547202F10C02F4D10B4B36
:105130000B4A51240021C0F8803103F5433303F5B5
:10514000A073934280F8884180F8891100F10C0027
:10515000F1D130BDA0EA6C1CA092CE1CA0179E1D00
:10516000A0BFFF1DFFF7FCBE202834BF0022202275
:105170000449054BA0EB0200044A28BF0B4602FB82
:1051800000307047A0179E1DA0EA6C1C400D030064
:105190000AB1FFF7E9BF034B0348082918BF1846B7
:1051A000704700BF6048E41D601BB31C064A0346FD
:1051B000064882B0CDE9002021B102AA02EB8303A8
:1051C00053F8280C02B070476047821C6074B31D0E
:1051D00000487047A029181E00207047FFF700BF45
:1051E000024B034A0349FFF7CBBA00BF400D03004F
:1051F000601C151EA0EBCE1D084B094A10B50021FE
:105200005124036003F5433303F5A0739342047202
:10521000417200F10C00F4D110BD00BFE0CBA01C26
:10522000E047331DFFF732BF1823B0FBF3F202FB58
:105230001300C3B2024A034800FB0320704700BFBB
:10524000A0EBCE1D400D030000487047A08AF31D5F
:1052500030B50B4B85B00C460A491D5601F056FD82
:10526000082201460020CDE90020074A0123E4B2CC
:1052700002940393546A18462A46A04705B030BDED
:1052800060BD030810BD0308D0B90308064B10B574
:105290001B6A0446984728B1044B20461B69BDE8A9
:1052A0001040184710BD00BFD0B90308805A002035
:1052B0001FB5002300930378013B362B3AD8DFE873
:1052C00013F0370037003900390039003700390052
:1052D00039003900390051005300550039005A0097
:1052E0005D006000630066006900390071003700EE
:1052F000810086008B008D00390039009000390054
:105300003C003900390039003900390039003900D2
:105310003900390039003900390039009300A30001
:10532000AB00AD00B600C300AB00D000DA00DE0079
:1053300001230093009804B010BD43788DF8043029
:1053400005238DF8053046F20103ADF806304F4BCA
:105350001B6801A803F59062CDE9022301F0B6FCB9
:105360000090E7E74023E4E72023E2E790F90130EB
:10537000474AD35CDDE740F6B833DAE74FF47A7397
:10538000D7E74FF4FA63D4E741F28833D1E741F22B
:105390007073CEE73F484FF47A71F7F731FB00F5B1
:1053A000FA60DDE73C4B0093384B1B6893F8982478
:1053B000002ABFD0394A93F89A14126A93F89904D4
:1053C0009047CDE7314B1B6803F59063B1E72F4B56
:1053D0001B6803F28C43ACE76023AAE72B4B1B68E6
:1053E000A7E72F4B0093A5E72B4B0093274B1B6898
:1053F00093F89824002A9DD0284A5468002293F8F4
:1054000099140079A047ABE740F21323ADF80030C0
:1054100001238DF802308DE702238AE71B4B1B68BE
:1054200093F89834002B85D01C4B9B7881E7174B61
:105430001B6893F89824002A3FF47CAF174A93F82E
:105440009904926890478BE7134B00930F4B1B68AE
:1054500093F89824002A3FF46DAF104A5468012253
:10546000CDE70A4B1B6893F89834002B3FF462AFEA
:105470000A4BDB785DE790F901300A4A79E70A497F
:1054800090F9010001F042FC6AE700BFAC5A00202D
:1054900068BD030818FCFFFF2081051D805A00200D
:1054A0003333994160BD030810BD030837B50B4B7A
:1054B00002781B680C2101FB02335B7A03EB430487
:1054C000074B1D6803690093C3684278816805EB48
:1054D000C40001F0F8F903B030BD00BFAC5A0020A1
:1054E000A45A0020F0B587B0047B00230127CDE942
:1054F0000133CDE90333ADF800708DF802308DF83B
:10550000143024B1013CBC4241D907B0F0BD02685F
:10551000002AFAD04368002BF7D02A4D2A4E2B6080
:105520002A4B80683260694618221860F7F775FACE
:105530002868274B80F89A44264CA0F8987423607A
:10554000254B6360254BA360254BE360254B23610E
:10555000254B6361254BA361254BE361254B2362FA
:10556000FFF7D2FC2868A36900F28C4098472868AE
:10557000062200F28C4100F5906001F095F929684F
:105580003068062201F5906101F08EF9BDE70D4CFF
:105590002068062200F28C4100F5906001F084F949
:1055A000094B21681B6801F590619A1E0A3332F895
:1055B000024F31F8020B9A4200EA04001080F6D143
:1055C000A3E700BFAC5A0020A85A0020A45A00202C
:1055D00004040808805A00209D4F0308814E0308E8
:1055E000894E0308F14E0308094F0308614F030871
:1055F000754F0308A14F0308072908B504D80429EB
:105600000DD839B1002013E009390129FAD8072251
:10561000002106E0BDE808400068FFF737BE05221C
:10562000012190F9000001F0FFF8003818BF0120B7
:1056300008BD0000F0B5484B01781A68474B82F866
:1056400099140124072982F89A4413D8444919600F
:1056500044495960444999604449D96044491961B1
:1056600044495961444999614449D96182F898444F
:1056700043491EE0A1F10805012D43D9A1F10A0516
:10568000042D2AD90F390429E0D8042182F898146E
:105690003C4919603C4959603C4999603C49D96092
:1056A0003C4919613C4959613C4999613C49D9617E
:1056B0003C491962017A10290ED14168C97B012940
:1056C0000AD13949D1F800C000265978F5B26C00EA
:1056D000A9425FFA84FE2AD8F0BD032182F898140B
:1056E0002849196031495960314999603149D96077
:1056F0003149196131495961314999613149D9615A
:105700003149D6E7022182F89814304919603049AE
:105710005960304999603049D96030491961304940
:105720005961304999613049D9613049C1E74168CF
:10573000144411F80E10A4F8801447687744013619
:105740007F7841EA0721A4F880143CF815402140F5
:105750002CF81510B9E700BFAC5A0020805A002081
:10576000040408089D4F0308814E0308894E03086E
:10577000F14E0308094F0308614F0308754F0308F2
:10578000A14F030803030101D1510308D9510308B4
:10579000DD510308E1510308F951030825520308BC
:1057A0002952030849520308A85A0020D54F03087C
:1057B000DD4F0308E14F0308495003086150030817
:1057C0008D500308A1500308C150030804040120B0
:1057D00091510308C9500308D1500308D55003085C
:1057E0000D5103086551030869510308AD510308C1
:1057F00010B504791CB1012C1BD0002010BD124C37
:1058000001682368062203F5906001F04DF80F4B04
:1058100021681B6801F590619A1E0A3332F8024F25
:1058200031F8020B9A4200EA04001080F6D1012000
:10583000E4E7054B01681B68062203F28C4001F087
:1058400033F82046DAE700BFAC5A0020A85A0020FF
:10585000F7B50528114DA8BF05201C460E46587007
:105860002946174601F052FA94F901300C4A55F8CE
:105870002310A070D05C01F011F90A4BDB6D0546D6
:10588000984704F10C0208340346019200943A460A
:105890003146284601F00FF903B0F0BD10BD0308F2
:1058A00060BD0308D0B903082DE9F047294E90F9EF
:1058B0000190736845688AB0044688469847002876
:1058C00046D1E37C002B3CD0A37C002B2DD1224B76
:1058D0002078DB6998470546204B284613F909A034
:1058E000F3689847637C228909930125002302927B
:1058F0000822CDE90032CDE90735CDE90533CDE900
:105900000333A178B7692B4652462846B847144B53
:1059100013F80910736D0D312846C9B2984788F8FD
:10592000009028460AB0BDE8F087012BD4D10D4B7A
:10593000094A1B68126A93F89A1493F899049047DD
:10594000C9E72278084B0C2101FB02335D68C3E7ED
:105950000020E7E7D0B90308805A002060BD0308A3
:1059600068BD0308AC5A0020C00100202DE9F04FAB
:10597000384E90F90130DFF8E0B09246374A894658
:10598000D356017832680C2505FB01223449527A3E
:10599000096802EB420201EBC2028DB0044692F9A3
:1059A000021090F902000B9301F0ABF92D49074664
:1059B00094F9010001F0AAF96168A26880463846AE
:1059C00001F0A2F822780A9055433068DBF80C20E9
:1059D0004059904794F90120DBF81C300025072A34
:1059E0004FF47A629C46CDE90752DDE90A13CDE90E
:1059F000055521D10122CDE903520522CDE90152FD
:105A00004FF47A72534300932846434646F2A81255
:105A10006646B0472846DBF85430217B9847A18979
:105A200094F90100FFF714FCCAF80000012089F87E
:105A300000700DB0BDE8F08F01260822CDE90356B5
:105A4000CDE9016200932A46304643466546A847A1
:105A50003046E0E7AC5A0020D0B9030860BD030827
:105A6000A45A002010BD03082DE9F04FDFF86C8127
:105A7000DFF86CB193B08A46D8F80010019307AEF6
:105A800000240546914601F5906106223046C6E99C
:105A900001440594ADF81840079400F005FF07276E
:105AA0002B7AA34207D9686805A9204400F090FF2B
:105AB000002840F081809BF800200021304600F053
:105AC000D5FE002800F0868002238DF80C3003A854
:105AD0006B7A8DF80E30FFF7EBFBAB7A8DF82D303B
:105AE0009DF815308DF82E309DF816308DF82F303A
:105AF0009DF814308DF83030EB7A8DF831302B7BF7
:105B00008DF832306B7B8DF8333060238DF8343074
:105B100005238DF83D30D8F8003010930723ADF8F9
:105B200044302B6802908DF83C000A930DF1160268
:105B300005AB0DF115010AA88DF82C700E9600F03A
:105B400061FF0728054625D1D8F800000622314616
:105B500000F5906000F0A8FE224BD8F800201B68EA
:105B6000B2F88004198801401980B2F8820459887B
:105B700001405980B2F88404998801409980B2F8B4
:105B80008604D9880140D980B2F888141981B2F806
:105B90008A245A819DF815308AF80030019A9DF8C0
:105BA000163089F800309DF8143013701C9B28467D
:105BB0001C7013B0BDE8F08FDBF80C70D8F8003023
:105BC000BDF818209DF8171004443046B847E4B2D9
:105BD000074665E707F0FE0776E700BFAC5A0020EE
:105BE000805A0020A85A002038B505464068FFF7C3
:105BF0004DFB052200284FF0010195F9000014BF6C
:105C00000724062400F010FE08B904F0050495F9F5
:105C100001000522002100F007FE08B904F0FB0492
:105C2000204638BD4FF0FF3070474FF0FF307047CF
:105C30004FF0FF30704770472DE9F0470025AAB0BC
:105C400004468846924629465C2213A899468DF858
:105C50000A508DF80B50129505F064FC384B394F03
:105C6000394E1868039029463A783068374D00F06D
:105C7000FDFD70B929683A7830684FF0FF33C1F8FC
:105C80008034C1F88434C1F8883401F5906100F0A3
:105C90000BFE31680591296806912D49627A0968E1
:105CA0000791602194F90830ADF8201000218DF89B
:105CB00010208DF8113009913AB92649069103AAAE
:105CC00014210592ADF82010099222680A926268A8
:105CD0000B92D4E90301A27A8DF8302001228DF8CD
:105CE00031200DAA82E80300227DE18A8DF83C2054
:105CF0001846FFF7ADFA04AB11930DF10B031090AA
:105D00000093CDF804A00DF10A0312AA49460AA88F
:105D100000F098FF044670B99DF80A100139F6F7B3
:105D20006FFE2AAB184410F8601C88F800103A780F
:105D3000306800F082FD20462AB0BDE8F08700BF41
:105D4000C0B60308805A0020A85A0020AC5A002090
:105D5000A45A0020C0010020032070470120704792
:105D6000044B062000FB0133985620EAE070C0B2D5
:105D7000704700BF30BD030810B586B00B4B0193D0
:105D80008368029340F21323ADF80C3000238DF8A2
:105D90000E30436804930388ADF8143001A80C4614
:105DA00000F0C8FE0223237006B010BD60BD0308DA
:105DB000064B10B51B6A0446984730B10448054BA2
:105DC000204498428CBF0020012010BDD0B90308A8
:105DD00020C689D1C0CF6A00F0B5114B85B00C4602
:105DE00010491F56054600F091FF0F4BE4B25E6A62
:105DF000072D4FF00103CDE9024301460AD10522E8
:105E00000023CDE900234FF47A727A431846B04755
:105E100005B0F0BD08220020CDE900203A46F5E7A4
:105E200097BD030870BD0308D0B903081FB5002350
:105E3000009303780B3B2C2B63D8DFE803F02C2F67
:105E40003136383B3E414447624F6251565B5D629A
:105E5000626062176262626262626262626262626F
:105E60006266686D6262666D626F730043788DF87A
:105E7000043007238DF805304FF48053ADF8063019
:105E80002B4B1B6801A803F59062CDE9022300F0BB
:105E90001DFF009035E04023009332E02023FBE714
:105EA00090F90130234AD35CF6E70123F4E740F68A
:105EB000B833F1E74FF47A73EEE74FF4FA63EBE7A8
:105EC00041F28833E8E741F27073E5E71A484FF48E
:105ED0007A71F6F795FD00F5FA60DAE7174BDBE724
:105EE000134B1B6803F59063D6E7114B1B6803F255
:105EF0008C43D1E71023CFE70D4B1B68CCE7104B49
:105F00000093009805B05DF804FB0E4BC4E740F227
:105F10001113ADF80030F4E70323BDE790F9013029
:105F2000094AC0E7094990F9010000F0EFFEB0E727
:105F3000B45A00209FBD030818FCFFFF8068D92ECB
:105F4000666642414026CA2E97BD030870BD03080D
:105F500037B50B4B02781B680C2101FB02335B7ACF
:105F600003EB4304074B1D6803690093C368427841
:105F7000816805EBC40000F0A6FC03B030BD00BF93
:105F8000B45A0020B05A002030B587B0027B642399
:105F9000ADF80030012A4FF00003CDE90133CDE91F
:105FA00003338DF802308DF814302FD0022A37D009
:105FB00052BB036843B3436833B31E4C806823600D
:105FC0001D4B182269461860F6F727FD1B4B246805
:105FD00093E8070084E8070003F10C0207CA04F104
:105FE0000C05183385E8070093E8070004F118054D
:105FF000072385E80700A4F88C34012204F28C41C1
:1060000004F5906000F050FC07B030BD0949086805
:1060100043600361C36100F28C4100F59060F1E7D9
:10602000044B1B68B3F88024B3F88C140A43A3F81C
:106030008024E9E7B45A0020B05A0020C4B603080F
:1060400008B50E2909D8DFE801F00A080808080F8A
:10605000190F0819190808081B00002008BDBDE821
:1060600008400068FFF7A4BE072290F90000002155
:1060700000F0DAFB003818BF0120EFE70522F4E753
:106080000120EBE710B504791CB1012C0BD00020E6
:1060900010BD0A4B01681B68012203F5906000F0F7
:1060A00003FC0120F4E7054B01681B68224603F25C
:1060B0008C4000F0F9FB2046EAE700BFB45A00200C
:1060C000F7B50728144D1C46A8BF072058700E4688
:1060D0002946174600F01AFE94F90130A070072BEC
:1060E00013D1322000F0E2FC0C4BDB6D05469847E3
:1060F00004F10C0208340346019200943A463146FA
:10610000284600F0D8FC03B0F0BD054A55F823102E
:10611000D05C00F0C3FCE7E770BD0308D0B903080A
:1061200097BD03082DE9F04FDFF8CC9090F901807E
:10613000D9F8043046688BB005468A46984704462D
:10614000002856D1AB7C63B92C4A2B78126803EB3C
:10615000430302EB830152F823604B68002B18BF06
:106160001E46274B304613F908B0D9F80C30984733
:10617000D9F81830AF689C46B8F1070F6B7C0993CB
:1061800025D100230121CDE904311E4906930522C2
:10619000CDE90733CDE90012BFB24FF47A72039311
:1061A000029702FB0BF24CF2503118466546A847A5
:1061B000154B13F80810D9F854300D312046C9B2E8
:1061C00098478AF8008001200BB0BDE8F08F0026C8
:1061D00001240823CDE90063CDE90764CDE9056614
:1061E000CDE90366BFB20297A97823465A462046F6
:1061F000DCE70020E8E700BFD0B90308B45A00206C
:1062000097BD0308854501009FBD03082DE9F04FA8
:10621000DFF8EC9090F9013092463A4A12F903B057
:106220000278D9F800300C2505FB0233364A5B7A38
:10623000126803EB43038DB002EBC30304460B91DA
:1062400090F9020093F9021000F05BFD2F49064619
:1062500094F9010000F05AFDA2686168804630465A
:1062600000F052FC2378D9F80020DFF8A4905D43B9
:106270000746D9F80C3050599847D9F81C309C463D
:1062800094F901300025072B4FF47A63CDE90753C9
:10629000CDE9055523D10123CDE903530523CDE9EC
:1062A00001534FF47A7303FB0BF3009339464346D3
:1062B00046F2A81228466746B847A18994F901001A
:1062C000FFF78AFDCAF80000D9F85430217B284630
:1062D00098470B9B01201E700DB0BDE8F08F012088
:1062E0000823CDE90350CDE901032A46CDF800B0DB
:1062F000654643463946A84701200546DDE700BF0D
:10630000B45A002097BD0308B05A002070BD03089E
:10631000D0B903082DE9F04F8DB00024DFF840B16B
:1063200002940546894690461F46ADF80C40ADF8EC
:10633000064007264FF00C0A2B7AA34206D968685C
:1063400002A9204400F044FB002853D1AB7A8DF819
:1063500015309DF809308DF816309DF80A308DF80B
:1063600017309DF808308DF81830EB7A8DF8193019
:106370002B7B8DF81A306B7B8DF81B3010238DF83A
:1063800014608DF81C30364E0DF1060308934FF45F
:10639000E063ADF8243033680A930523ADF82C3060
:1063A0002B6804930DF10A0202AB0DF1090104A858
:1063B00000F028FB072805460BD130680C2200218D
:1063C00000F59060F6F73DFB3368BDF80620A3F8B2
:1063D00080249DF8093089F800309DF80A3088F84B
:1063E00000309DF808303B70169B28461C700DB09D
:1063F000BDE8F08F9DF80B20BDF80C30ADF80630ED
:106400000444E4B2C2B9E3B1DBF80010002007266F
:106410004FF0010C062A16D10AFB00F3CB583BB112
:10642000BDF806E00CFA00F343EA0E03ADF80630BF
:1064300001301028EED17FE7531E042B01D9062A24
:10644000E2D0062678E7BDF806300341DB07EFD53A
:106450000AFB00F3CB58002B08BF0626E8E700BF75
:10646000B45A002038B505464068FFF7A1FC072262
:1064700000284FF0000195F9000014BF07240624FE
:1064800000F0D2F908B904F0050495F901000522DD
:10649000002100F0C9F908B904F0FB04204638BD1A
:1064A0004FF0FF307047000010B503780F2B044603
:1064B0001AD84068FFF77CFC22780C4902EB4202B4
:1064C0000968002801EB820051F8222014BF032341
:1064D00002231AB903F0010358B210BD032B06BF03
:1064E000626842600223F7E70020F6E7B45A002012
:1064F000704700002DE9F041394D0446286896B0F8
:106500000E46904600211F460122072300F59060A9
:10651000CDE90411CDE906118DF80C108DF80D10A0
:10652000ADF80E3000F0A2F930B92A68B2F8803424
:1065300043F00703A2F880342A68637A8DF820308C
:1065400002F59061CDE90912264A94F908301268E3
:106550000B921022ADF830200DF10E020D92226840
:106560000E9262680F92D4E90301A27A8DF840205E
:1065700001228DF8412011AA82E80300227DE18AE0
:106580008DF8213018468DF84C20FFF725FC08AB1C
:1065900015930DF10D0314900093CDF8048003AB17
:1065A00004AA39460EA800F04DFB044668B99DF8D0
:1065B0000C100139F6F724FA16AB184410F8483CD1
:1065C0003370204616B0BDE8F0810C2801BF2A6860
:1065D000B2F8803443F00703A2F88034F1E700BF3B
:1065E000B45A0020B05A0020F8B50679022E0546AC
:1065F00001D80620F8BD0F2E2BD80368187A40F377
:1066000003000722002140B200F00EF92B68044677
:10661000187A40F303100722002140B200F004F979
:10662000A8B1B4FA84F4640929680B7A086843F3C2
:10663000030243F3031352B25BB29A42C8BF012470
:10664000FFF7B6FB48B9002CD3D10420D2E70124D0
:10665000EAE70320CEE70520CCE7002CFBD10C4F66
:1066600029683B6806EB460003EB80000C22F6F736
:10667000D4F93A680C2303FB062320465C720123FD
:1066800003FA06F6B2F880341E43A2F88064B1E73C
:10669000B45A002010B4017802290ED9084B1868AA
:1066A0000C234B43C4180022C250C4E9012200F558
:1066B000906010BC102200F0C0B8002010BC7047E1
:1066C000B45A00202DE9F04186B050238DF81430E3
:1066D000037A102B074630D14368DD7B6DBB032462
:1066E000A8466426072C14D87A68535D03932A447D
:1066F000517843EA01230393927843EA02437343B8
:10670000CDE9033863B968468DF80040FFF7C2FF52
:106710000DE0CDF80C808DF81480CDF81080F2E7F4
:1067200003AB01A801938DF80840FFF75DFF01342A
:10673000E4B2102C05F10305D4D106B0BDE8F08118
:106740001FB502680379116851B901A88DF80430AA
:10675000FFF7A0FF78B9002040B205B05DF804FB58
:1067600002A802928DF80C30FFF73EFF0628F2D8FF
:10677000024B185CF0E70320EEE700BF90BD030872
:10678000881A40B220EAE070C0B2704710B586B0F7
:106790000B4B01938368029340F21133ADF80C3038
:1067A00000238DF80E30436804930388ADF814304D
:1067B00001A80C4600F0BEF90323237006B010BDFB
:1067C00097BD0308F0B59A42069E03DB9DF914308D
:1067D0009A4225DD0020F0BD03EB430331F814E0BD
:1067E00006EB830300274EFA07F5ED070CD593F867
:1067F00008C04CF303150CF00F0C62456DB203DBBF
:1068000005F00F05AA420DDD0137102F03F10C032F
:10681000E9D10134E4B22301DBB29842DCD8D9E7F4
:106820000024F8E70120D6E7884204DB9042CCBF81
:106830000020012070470020704710B51409B4EB08
:10684000111F03464FEA11100ED391420CD202B22F
:1068500001F00F0133F81240012000FA01F124EA9F
:10686000010123F8121010BD0020FCE7F0B528B19B
:1068700000EB410501260020914200D3F0BD002429
:1068800035F8027B234606FA04FC3CEA070C08BFF5
:10689000013304F1010408BFDBB2102CF3D118441A
:1068A0000131C0B2C9B2E7E710B500B149B910BDB6
:1068B00031F8134020F813400133DCB2A242F7D87C
:1068C000F5E70023F9E782B00193038812B9642B3E
:1068D00038BF6423012BC26838BF01234B439A425F
:1068E0008CBFD31A0023C36002B070472DE9F74F65
:1068F00092460C4606469846EEF7CCFA304FDFF843
:10690000C4B00190182212FB0A4A00254FF0FF394B
:10691000A24507D1002D14BF48464FF0FF3003B009
:10692000BDE8F08F6068EEF7BFFA0D9B228816B9BC
:10693000642A38BF6422012A38BF01225EBB224983
:1069400049F6AF2C634598BF394621614EBBB3F57C
:10695000616F26D3DFF874C049F6AF2E734588BF48
:10696000DC46604504D2A3689C4501D163681BB92D
:10697000019BE160C4E9013C0F9B5A43E3689342E9
:1069800003D8B8F1000F0ED16EB1012323751D4459
:10699000EDB21834BCE7B8F1000F00D1E76039461A
:1069A000D3E7BC46DDE700238A422375F1D2A26813
:1069B000824228BF131A994528BF99460135E7E757
:1069C00080EE3600809B820770460D00803F5C029F
:1069D0000378032B14D1437803F00F021B098A704C
:1069E0004B7083788B80C27843EA02238B800379D3
:1069F000C3F3021203F00F03CA700B700520704737
:106A0000002070472DE9F34798464379057990F9BE
:106A10000770067A9146044690F906208A467BB1B3
:106A200076B275B30F2A12D194F909200F2F1ED117
:106A300094F90A70072D24D1002E08BF012620E00A
:106A400090F90B6090F9092090F90A70E9E7A369C1
:106A5000019394F915300093216994F91430207B47
:106A6000FFF7B0FE0028E1D105F0FD05DEE794F95F
:106A70001D3094F91C10BB420DDCB942DADA05F086
:106A8000FB0528468AF8002089F8007088F8006025
:106A900002B0BDE8F0871F46CCE70000024B03FAC6
:106AA00000F0B0FBF1F0704740420F004FF4FA5392
:106AB000B3FBF0F0704730B54FF47A750C1F6A43A2
:106AC00000FB042252001EBF00F1FF341219B2FB7A
:106AD000F0F28A4238BF0A468400504318BF0130A2
:106AE000039918BF40080A60201A4FF47A7202FB1B
:106AF00013000028049BD2BF90FBF2F000F2E730B5
:106B0000B0FBF2F0186030BD38B5400014460D46B9
:106B1000E7F7A0FD01462846E7F7EAFC2146E7F73C
:106B2000E7FCE7F7D9FB04F007FDE7F7B5FC40B257
:106B300038BD000070B5154D04468AB0EB6A984721
:106B4000EB68606898476B6D217A01209847637AFB
:106B50002268AE69D25CE368B3FA83F35B090993F8
:106B6000237A0493002101230A20CDE90213CDE901
:106B70000010CDE90711CDE905111846A17AB047FB
:106B80006B6BE0680AB0BDE870401847D0B90308E5
:106B90002DE9F74F019300231F469C461C01058AEF
:106BA0005FFA84FE04F0F004A54206D8019B82F847
:106BB00000C01F7003B0BDE8F08F0EEB4E054FEA2A
:106BC0004309AD000024466836F809602641F607FF
:106BD00027D5866806EB050A765916B3067836B9C6
:106BE000466926B136F809602641F60719D59AF8A4
:106BF000086090F901B046F303084FFA88F8D845C9
:106C00000FDC46F3031676B25E450ADB9AF809609C
:106C100006EB4608C66806EBC806367D4EB9013756
:106C2000FFB20134102C05F10C05CCD10133DBB2DD
:106C3000B4E70CF101060EEB040801F80C805FFAD2
:106C400086FCEEE72DE9FF4704464068DDE90C6766
:106C50001D468A469146EEF727F923681B1A3B60CA
:106C60004FF000080123337085F80080636813B18A
:106C70002368834224D8CAF80080D4F81CC0A369D2
:106C80009CF800E00393D4E9030101AB83E803001F
:106C9000237D0093DCF80C10237A627A7046FFF7AC
:106CA00025FE38603346E0692A464946FFF770FF03
:106CB0002B782BB1C7F80080002004B0BDE8F08726
:106CC0003378002B14BF0B200C20F6E737B590F972
:106CD000002090F90250954204460FD0013A52B27A
:106CE00095420BD0A368019394F901300093616839
:106CF000E0782B46FFF766FD0028EFD0104603B082
:106D000030BD8842B8BF08467047000051F82000E7
:106D1000054B984205D0054B98420CBF022000203D
:106D200070470120704700BF90D0030020A10700EA
:106D3000064B10B51B6A0446984730B10448054B12
:106D4000204498428CBF0020012010BDD0B9030818
:106D500028462EE650BC1600F0B5114B85B00C4607
:106D600010491F560546FFF7D1FF0F4BE4B25E6A8C
:106D7000072D4FF00103CDE9024301460AD1052258
:106D80000023CDE900234FF47A727A431846B047C6
:106D900005B0F0BD08220020CDE900203A46F5E715
:106DA000CFBD0308A8BD0308D0B903081FB5002351
:106DB000009303780B3B2C2B63D8DFE803F02C2FD8
:106DC0003136383B3E414447624F6251565B5D620B
:106DD00062606217626262626262626262626262E0
:106DE000624F666B62624F6B626D710043788DF823
:106DF000043007238DF805304FF48053ADF806308A
:106E00002A4B1B6801A803F59062CDE90223FFF726
:106E10005DFF009035E04023009332E02023FBE744
:106E200090F90130224AD35CF6E70123F4E740F6FB
:106E3000B833F1E74FF47A73EEE74FF4FA63EBE718
:106E400041F28833E8E741F27073E5E719484FF4FF
:106E50007A71F5F7D5FD00F5FA60DAE7164BDBE756
:106E6000124B1B6803F59063D6E7104B1B6803F2C7
:106E70008C43D1E71023CFE70C4B1B68CCE70F4BBB
:106E80000093009805B05DF804FB40F21113ADF8D3
:106E90000030F6E70323BFE790F90130084AC2E764
:106EA000084990F90100FFF731FFB2E7BC5A002012
:106EB000D7BD030818FCFFFF2876E8196666424133
:106EC000CFBD0308A8BD030837B50B4B02781B687C
:106ED0000C2101FB02335B7A03EB4304074B1D6873
:106EE00003690093C3684278816805EBC400FFF72B
:106EF000EAFC03B030BD00BFBC5A0020B85A0020E5
:106F000030B587B0027B6423ADF80030012A4FF022
:106F10000003CDE90133CDE903338DF802308DF85C
:106F200014302FD0022A37D052BB036843B34368D2
:106F300033B31E4C806823601D4B182269461860CD
:106F4000F5F76BFD1B4B246893E8070084E8070006
:106F500003F10C0207CA04F10C05183385E8070099
:106F600093E8070004F11805072385E80700A4F853
:106F70008C34012204F28C4104F59060FFF794FCFC
:106F800007B030BD0949086843600361C36100F27E
:106F90008C4100F59060F1E7044B1B68B3F8802446
:106FA000B3F88C140A43A3F88024E9E7BC5A002004
:106FB000B85A0020E8B6030808B50E2909D8DFE85A
:106FC00001F00A080808080F190F0819190808081D
:106FD0001B00002008BDBDE808400068FFF7A8BE00
:106FE000072290F900000021FFF71EFC003818BFAF
:106FF0000120EFE70522F4E70120EBE710B5047963
:107000001CB1012C0BD0002010BD0A4B01681B687D
:10701000012203F59060FFF747FC0120F4E7054BE0
:1070200001681B68224603F28C40FFF73DFC2046B6
:10703000EAE700BFBC5A0020F7B50728144D1C46EC
:10704000A8BF072058700E4629461746FFF75EFE78
:1070500094F90130A070072B13D13220FFF726FDE1
:107060000C4BDB6D0546984704F10C0208340346CF
:10707000019200943A4631462846FFF71CFD03B0C2
:10708000F0BD054A55F82310D05CFFF707FDE7E790
:10709000A8BD0308D0B90308CFBD03082DE9F04F00
:1070A000DFF8CC9090F90180D9F8043046688BB0B5
:1070B00005468A4698470446002856D1AB7C63B9FA
:1070C0002C4A2B78126803EB430302EB830152F83E
:1070D00023604B68002B18BF1E46274B304613F920
:1070E00008B0D9F80C309847D9F81830AF689C46EA
:1070F000B8F1070F6B7C099325D100230121CDE95D
:1071000004311E4906930522CDE90733CDE900126B
:10711000BFB24FF47A720393029702FB0BF24CF268
:10712000503118466546A847154B13F80810D9F892
:1071300054300D312046C9B298478AF800800120AA
:107140000BB0BDE8F08F002601240823CDE90063D1
:10715000CDE90764CDE90566CDE90366BFB20297C4
:10716000A97823465A462046DCE70020E8E700BF1E
:10717000D0B90308BC5A0020CFBD030885450100E3
:10718000D7BD03082DE9F04FDFF8EC9090F90130FE
:1071900092463A4A12F903B00278D9F800300C2529
:1071A00005FB0233364A5B7A126803EB43038DB06A
:1071B00002EBC30304460B9190F9020093F902100D
:1071C000FFF79FFD2F49064694F90100FFF79EFD4A
:1071D000A268616880463046FFF796FC2378D9F8AC
:1071E0000020DFF8A4905D430746D9F80C305059D1
:1071F0009847D9F81C309C4694F901300025072B9C
:107200004FF47A63CDE90753CDE9055523D1012326
:10721000CDE903530523CDE901534FF47A7303FB02
:107220000BF300933946434646F2A81228466746B8
:10723000B847A18994F90100FFF78EFDCAF8000054
:10724000D9F85430217B284698470B9B01201E70AB
:107250000DB0BDE8F08F01200823CDE90350CDE942
:1072600001032A46CDF800B0654643463946A84793
:1072700001200546DDE700BFBC5A0020CFBD030852
:10728000B85A0020A8BD0308D0B903082DE9F04F73
:107290008DB00024DFF840B102940546894690463F
:1072A0001F46ADF80C40ADF8064007264FF00C0A1B
:1072B0002B7AA34206D9686802A92044FFF788FB0D
:1072C000002853D1AB7A8DF815309DF809308DF830
:1072D00016309DF80A308DF817309DF808308DF87B
:1072E0001830EB7A8DF819302B7B8DF81A306B7BC8
:1072F0008DF81B3010238DF814608DF81C30364E3D
:107300000DF1060308934FF4E063ADF824303368C1
:107310000A930523ADF82C302B6804930DF10A0273
:1073200002AB0DF1090104A8FFF76CFB0728054625
:107330000BD130680C22002100F59060F5F781FB3D
:107340003368BDF80620A3F880249DF8093089F839
:1073500000309DF80A3088F800309DF808303B7006
:10736000169B28461C700DB0BDE8F08F9DF80B20D1
:10737000BDF80C30ADF806300444E4B2C2B9E3B154
:10738000DBF80010002007264FF0010C062A16D16A
:107390000AFB00F3CB583BB1BDF806E00CFA00F352
:1073A00043EA0E03ADF8063001301028EED17FE736
:1073B000531E042B01D9062AE2D0062678E7BDF831
:1073C00006300341DB07EFD50AFB00F3CB58002B57
:1073D00008BF0626E8E700BFBC5A002038B50546BE
:1073E0004068FFF7A5FC072200284FF0000195F93F
:1073F000000014BF07240624FFF716FA08B904F0AA
:10740000050495F9010005220021FFF70DFA08B9DE
:1074100004F0FB04204638BD4FF0FF3070470000F9
:1074200010B503780F2B04461AD84068FFF780FC8C
:1074300022780C4902EB42020968002801EB820025
:1074400051F8222014BF032302231AB903F00103C9
:1074500058B210BD032B06BF626842600223F7E7F3
:107460000020F6E7BC5A0020704700002DE9F041EB
:10747000394D0446286896B00E46904600211F46B6
:107480000122072300F59060CDE90411CDE9061132
:107490008DF80C108DF80D10ADF80E30FFF7E6F9F1
:1074A00030B92A68B2F8803443F00703A2F8803478
:1074B0002A68637A8DF8203002F59061CDE90912CF
:1074C000264A94F9083012680B921022ADF8302049
:1074D0000DF10E020D9222680E9262680F92D4E9AD
:1074E0000301A27A8DF8402001228DF8412011AAD3
:1074F00082E80300227DE18A8DF8213018468DF85C
:107500004C20FFF729FC08AB15930DF10D031490E7
:107510000093CDF8048003AB04AA39460EA8FFF708
:1075200091FB044668B99DF80C100139F5F768FA2B
:1075300016AB184410F8483C3370204616B0BDE82E
:10754000F0810C2801BF2A68B2F8803443F00703A9
:10755000A2F88034F1E700BFBC5A0020B85A0020DE
:10756000F8B50679022E054601D80620F8BD0F2E83
:107570002BD80368187A40F303000722002140B299
:10758000FFF752F92B680446187A40F303100722DC
:10759000002140B2FFF748F9A8B1B4FA84F46409B5
:1075A00029680B7A086843F3030243F3031352B2CA
:1075B0005BB29A42C8BF0124FFF7BAFB48B9002C5E
:1075C000D3D10420D2E70124EAE70320CEE7052047
:1075D000CCE7002CFBD10C4F29683B6806EB46003A
:1075E00003EB80000C22F5F718FA3A680C2303FB32
:1075F000062320465C72012303FA06F6B2F88034B3
:107600001E43A2F88064B1E7BC5A002010B4017890
:1076100002290ED9084B18680C234B43C4180022CA
:10762000C250C4E9012200F5906010BC1022FFF79F
:1076300004B9002010BC7047BC5A00202DE9F0416D
:1076400086B050238DF81430037A102B074630D1C2
:107650004368DD7B6DBB0324A8466426072C14D841
:107660007A68535D03932A44517843EA01230393D4
:10767000927843EA02437343CDE9033863B968461D
:107680008DF80040FFF7C2FF0DE0CDF80C808DF8BB
:107690001480CDF81080F2E703AB01A801938DF8B8
:1076A0000840FFF75DFF0134E4B2102C05F103053B
:1076B000D4D106B0BDE8F0811FB502680379116826
:1076C00051B901A88DF80430FFF7A0FF78B9002068
:1076D00040B205B05DF804FB02A802928DF80C30B0
:1076E000FFF73EFF0628F2D8024B185CF0E70320B4
:1076F000EEE700BFC8BD0308881A40B220EAE07078
:10770000C0B2704710B586B00B4B019383680293EB
:1077100040F21133ADF80C3000238DF80E30436881
:1077200004930388ADF8143001A80C46FFF702FA61
:107730000323237006B010BDCFBD0308F0B5114B75
:1077400085B00C4610491F560546FFF7DFFA0F4B70
:10775000E4B25E6A072D4FF00103CDE90243014612
:107760000AD105220023CDE900234FF47A727A432F
:107770001846B04705B0F0BD08220020CDE9002032
:107780003A46F5E707BE0308E0BD0308D0B9030891
:1077900038B5194B1B6A05460C46984730B1174B54
:1077A000174A2B44934202D80223237038BD154B4D
:1077B000154A2B44934201D80023F6E7134B144A91
:1077C0002B44934201D80123EFE7124B124A2B447A
:1077D000934201D80523E8E7104B114A2B4493420A
:1077E00001D80323E1E70F4B0F4A2B44934201D802
:1077F0000423DAE70020D9E7D0B9030840AA8FCCE8
:107800007F841E00C02571CCC0C62D00FF5E43CC16
:10781000BF270900A0B038CC20A1070040022ECC21
:1078200090D00300606E29CCE09304001FB50023C4
:10783000009303780B3B2C2B64D8DFE803F02C2F4C
:107840003136383B3E414447634F6351565B5D637D
:107850006360631763636363636363636363636347
:10786000634F676C63634F6C636E720043788DF88F
:10787000043007238DF805304FF48053ADF80630FF
:107880002B4B1B6801A803F59062CDE90223FFF79B
:107890001DFA009036E04023009333E02023FBE7FD
:1078A00090F90130234AD35CF6E70123F4E740F670
:1078B000B833F1E74FF47A73EEE74FF4FA63EBE78E
:1078C00041F28833E8E741F27073E5E71A484FF474
:1078D0007A71F5F795F800F5FA60DAE7174BDBE710
:1078E000134B1B6803F59063D6E7114B1B6803F23B
:1078F0008C43D1E71023CFE70D4B1B68CCE74FF04B
:1079000083430093009805B05DF804FB40F2111327
:10791000ADF80030F6E70323BEE790F90130084ADE
:10792000C1E7084990F90100FFF7F0F9B1E700BF9E
:10793000C45A00200FBE030818FCFFFF08E6D3332B
:1079400007BE0308E0BD030837B50B4B02781B6880
:107950000C2101FB02335B7A03EB4304074B1D68E8
:1079600003690093C3684278816805EBC400FEF7A1
:10797000AAFF03B030BD00BFC45A0020C05A002087
:1079800030B5A5B0044690220021684603F0CAFD38
:107990004FF47A72ADF83020ADF87820227B642362
:1079A0000A21012AADF80030ADF81830ADF84810C2
:1079B000ADF860302FD0022A38D052BB236843B3D1
:1079C000636833B31E4DA0682B601E4B902269463E
:1079D0001860F5F722F81C4B2C6893E8070084E840
:1079E000070003F10C0207CA04F10C05183385E8FF
:1079F000070093E8070004F11805072385E807004E
:107A0000A4F88C34012204F28C4104F59060FEF756
:107A10004BFF25B030BD0A4B18680023436003615B
:107A2000C36100F28C4100F59060F0E7044B1B68E5
:107A3000B3F88024B3F88C140A43A3F88024E8E751
:107A4000C45A0020C05A00200CB7030807B50E29FD
:107A500009D8DFE801F00C080808081F151F081FE7
:107A60001F0808082100002003B05DF804FB002374
:107A70000DF1070100688DF80730FFF789FEF3E785
:107A8000052290F900000021FEF7CEFE003818BF55
:107A90000120E9E70722F4E70120E5E710B50479C2
:107AA0001CB1012C0BD0002010BD0A4B01681B68D3
:107AB000012203F59060FEF7F7FE0120F4E7054B85
:107AC00001681B68224603F28C40FEF7EDFE20465B
:107AD000EAE700BFC45A0020F7B50728144D1C463A
:107AE000A8BF072058700E4629461746FFF70EF923
:107AF00094F90130A070072B13D13220FEF7D6FF86
:107B00000C4BDB6D0546984704F10C020834034624
:107B1000019200943A4631462846FEF7CCFF03B066
:107B2000F0BD054A55F82310D05CFEF7B7FFE7E734
:107B3000E0BD0308D0B9030807BE03082DE9F04FE4
:107B4000DFF8CC9090F90180D9F8043046688BB00A
:107B500005468A4698470446002856D1AB7C63B94F
:107B60002C4A2B78126803EB430302EB830152F893
:107B700023604B68002B18BF1E46274B304613F975
:107B800008B0D9F80C309847D9F81830AF689C463F
:107B9000B8F1070F6B7C099325D100230121CDE9B2
:107BA00004311E4906930522CDE90733CDE90012C1
:107BB000BFB24FF47A720393029702FB0BF24CF2BE
:107BC000503118466546A847154B13F80810D9F8E8
:107BD00054300D312046C9B298478AF80080012000
:107BE0000BB0BDE8F08F002601240823CDE9006327
:107BF000CDE90764CDE90566CDE90366BFB202971A
:107C0000A97823465A462046DCE70020E8E700BF73
:107C1000D0B90308C45A002007BE030885450100F7
:107C20000FBE03082DE9F04FDFF8EC9090F901301A
:107C300092463A4A12F903B00278D9F800300C257E
:107C400005FB0233364A5B7A126803EB43038DB0BF
:107C500002EBC30304460B9190F9020093F9021062
:107C6000FFF74FF82F49064694F90100FFF74EF849
:107C7000A268616880463046FEF746FF2378D9F84F
:107C80000020DFF8A4905D430746D9F80C30505926
:107C90009847D9F81C309C4694F901300025072BF1
:107CA0004FF47A63CDE90753CDE9055523D101237C
:107CB000CDE903530523CDE901534FF47A7303FB58
:107CC0000BF300933946434646F2A812284667460E
:107CD000B847A18994F90100FFF730FDCAF8000008
:107CE000D9F85430217B284698470B9B01201E7001
:107CF0000DB0BDE8F08F01200823CDE90350CDE998
:107D000001032A46CDF800B0654643463946A847E8
:107D100001200546DDE700BFC45A002007BE030866
:107D2000C05A0020E0BD0308D0B903082DE9F04F88
:107D30008DB00024DFF840B1029405468946904694
:107D40001F46ADF80C40ADF8064007264FF00C0A70
:107D50002B7AA34206D9686802A92044FEF738FEB0
:107D6000002853D1AB7A8DF815309DF809308DF885
:107D700016309DF80A308DF817309DF808308DF8D0
:107D80001830EB7A8DF819302B7B8DF81A306B7B1D
:107D90008DF81B3010238DF814608DF81C30364E92
:107DA0000DF1060308934FF4E063ADF82430336817
:107DB0000A930723ADF82C302B6804930DF10A02C7
:107DC00002AB0DF1090104A8FEF71CFE07280546C9
:107DD0000BD130680C22002100F59060F4F731FEE1
:107DE0003368BDF80620A3F880249DF8093089F88F
:107DF00000309DF80A3088F800309DF808303B705C
:107E0000169B28461C700DB0BDE8F08F9DF80B2026
:107E1000BDF80C30ADF806300444E4B2C2B9E3B1A9
:107E2000DBF80010002007264FF0010C062A16D1BF
:107E30000AFB00F3CB583BB1BDF806E00CFA00F3A7
:107E400043EA0E03ADF8063001301028EED17FE78B
:107E5000531E042B01D9062AE2D0062678E7BDF886
:107E600006300341DB07EFD50AFB00F3CB58002BAC
:107E700008BF0626E8E700BFC45A002073B50026F5
:107E800005460DF1070140688DF80760FFF780FC9B
:107E90000722B042314695F9000014BF072406249A
:107EA000FEF7C2FC08B904F0050495F901000522AB
:107EB0000021FEF7B9FC08B904F0FB04204602B02B
:107EC00070BD4FF0FF30704713B5027800230F2AC2
:107ED00004468DF807301DD80DF107014068FFF703
:107EE00057FC22780C4902EB42020968002801EB9A
:107EF000820051F8222014BF0323022322B903F089
:107F0000010358B202B010BD032B06BF6268426085
:107F10000223F6E71846F5E7C45A00207047000030
:107F20002DE9F041394D0446286896B00E4690463A
:107F300000211F460122072300F59060CDE90411BE
:107F4000CDE906118DF80C108DF80D10ADF80E303E
:107F5000FEF78CFC30B92A68B2F8803443F007038E
:107F6000A2F880342A68637A8DF8203002F5906197
:107F7000CDE90912264A94F9083012680B921022B2
:107F8000ADF830200DF10E020D9222680E9262685B
:107F90000F92D4E90301A27A8DF8402006228DF8D1
:107FA000412011AA82E80300227DE18A8DF8213068
:107FB00018468DF84C20FFF7C1FB08AB15930DF167
:107FC0000D0314900093CDF8048003AB04AA394646
:107FD0000EA8FEF737FE044668B99DF80C1001396B
:107FE000F4F70EFD16AB184410F8483C33702046E9
:107FF00016B0BDE8F0810C2801BF2A68B2F88034C1
:1080000043F00703A2F88034F1E700BFC45A002010
:10801000C05A0020F7B506790027022E05468DF8D4
:10802000077002D8062003B0F0BD0F2E2DD80368CC
:10803000187A40F303000722394640B2FEF7F4FBFA
:108040002B680446187A40F303100722394640B2E1
:10805000FEF7EAFBB8B1B4FA84F464092868037A3D
:10806000006843F3030243F3031352B25BB20DF112
:1080700007019A42C8BF0124FFF78AFB48B9002CC8
:10808000D0D10420CFE70124E8E70320CBE7052087
:10809000C9E7002CFBD10D4F29683B6806EB460071
:1080A00003EB80000C22F4F7B8FC3A689DF8071047
:1080B0000C2303FB062320465972012303FA06F61C
:1080C000B2F880341E43A2F88064ACE7C45A0020A2
:1080D00010B4017802290ED9084B18680C234B43C1
:1080E000C4180022C250C4E9012200F5906010BCFF
:1080F0001022FEF7A2BB002010BC7047C45A00201B
:108100002DE9F04186B050238DF81430037A102BFE
:10811000074630D14368DD7B6DBB0324A846642647
:10812000072C14D87A68535D03932A44517843EAA4
:1081300001230393927843EA02437343CDE9033862
:1081400063B968468DF80040FFF7C2FF0DE0CDF837
:108150000C808DF81480CDF81080F2E703AB01A8F5
:1081600001938DF80840FFF755FF0134E4B2102C5D
:1081700005F10305D4D106B0BDE8F0811FB5026852
:108180000379116851B901A88DF80430FFF7A0FFF9
:1081900078B9002040B205B05DF804FB02A8029255
:1081A0008DF80C30FFF736FF0628F2D8024B185C2A
:1081B000F0E70320EEE700BF00BE0308881A40B2D4
:1081C00020EAE070C0B2704710B586B00B4B019347
:1081D0008368029340F21133ADF80C3000238DF820
:1081E0000E30436804930388ADF8143001A80C46A0
:1081F000FEF7A0FC0323237006B010BD07BE0308E2
:10820000064B10B51B6A0446984730B10448054B2D
:10821000204498428CBF0020012010BDD0B9030833
:10822000C02571CC80841E00F0B5114B85B00C4682
:1082300010491F560546FEF769FD0F4BE4B25E6A12
:10824000072D4FF00103CDE9024301460AD1052273
:108250000023CDE900234FF47A727A431846B047E1
:1082600005B0F0BD08220020CDE900203A46F5E730
:108270003FBE030818BE0308D0B903081FB500238A
:10828000009303780B3B2C2B63D8DFE803F02C2FF3
:10829000316236393C3F4245624D4F51565B5D621B
:1082A00062606217626262626262626262626262FB
:1082B000624D666D62624D6D626F730043788DF83A
:1082C000043007238DF805304FF48053ADF80630A5
:1082D0002B4B1B6801A803F59062CDE90223FEF742
:1082E000F5FC009035E04023009332E02023FBE7CB
:1082F00090F90130234AD35CF6E740F6B833F3E750
:108300004FF47A73F0E74FF4FA63EDE741F2883304
:10831000EAE741F27073E7E71B484FF47A71F4F72C
:108320006FFB00F5FA60DCE7184BDDE70223DBE7C3
:10833000134B1B6803F59063D6E7114B1B6803F2E0
:108340008C43D1E71023CFE70D4B1B68CCE7104BD4
:108350000093009805B05DF804FB13238DF80030FE
:1083600003238DF80230F4E70423BDE790F90130D0
:10837000084AC0E7084990F90100FEF7C7FCB0E7DA
:10838000CC5A002087BE030818FCFFFFF080A633FC
:108390000000F0413FBE030818BE030837B50B4B81
:1083A00002781B680C2101FB02335B7A03EB430468
:1083B000074B1D6803690093C3684278816805EB29
:1083C000C400FEF780FA03B030BD00BFCC5A0020D5
:1083D000C85A002070B5027B86B001260023B24245
:1083E000CDE90133CDE90333ADF800608DF80230FB
:1083F0008DF814302FD0022A37D052BB036843B314
:10840000436833B31E4C806823601E4B18226946B4
:108410001860F4F702FB1C4B246893E8070084E81B
:10842000070003F10C0207CA04F10C05183385E8B4
:10843000070093E8070004F11805072385E8070003
:10844000A4F88C34324604F28C4104F59060FEF7B7
:108450002BFA06B070BD0A49086843600361C36126
:1084600000F28C4100F59060F1E7054B1B68B3F812
:108470008024B3F88C140A43A3F88024E9E700BFF2
:10848000CC5A0020C85A002030B7030808B50A2982
:108490001FD8DFE801F0061E1E1E1E100B101E1C4A
:1084A0001C00BDE808400068FFF7AABE052290F94D
:1084B0000000002105E090F90000062809D00722FD
:1084C0000021FEF7B1F9003818BF012008BD0A22CB
:1084D000EDE70020FAE7000010B504791CB1012C8B
:1084E0000BD0002010BD0A4B01681B68012203F568
:1084F0009060FEF7D9F90120F4E7054B01681B688D
:10850000224603F28C40FEF7CFF92046EAE700BF8F
:10851000CC5A0020F7B50728144D1C46A8BF0720E9
:1085200058700E4629461746FEF7F0FB94F90130C5
:10853000A070072B13D13220FEF7B8FA0C4BDB6D7D
:108540000546984704F10C02083403460192009452
:108550003A4631462846FEF7AEFA03B0F0BD054A6A
:1085600055F82310D05CFEF799FAE7E718BE030828
:10857000D0B903083FBE03082DE9F04FDFF8CC90D7
:1085800090F90180D9F8043046688BB005468A46D8
:1085900098470446002856D1AB7C63B92C4A2B7807
:1085A000126803EB430302EB830152F823604B682C
:1085B000002B18BF1E46274B304613F908B0D9F8D8
:1085C0000C309847D9F81830AF689C46B8F1070FBF
:1085D0006B7C099325D100230121CDE904311E498B
:1085E00006930522CDE90733CDE90012BFB24FF45F
:1085F0007A720393029702FB0BF24CF25031184649
:108600006546A847154B13F80810D9F854300D31BA
:108610002046C9B298478AF8008001200BB0BDE817
:10862000F08F002601240823CDE90063CDE907641B
:10863000CDE90566CDE90366BFB20297A978234666
:108640005A462046DCE70020E8E700BFD0B903081F
:10865000CC5A00203FBE03088545010087BE0308B1
:108660002DE9F04FDFF8EC9090F9013092463A4A4C
:1086700012F903B00278D9F800300C2505FB02335B
:10868000364A5B7A126803EB43038DB002EBC303F7
:1086900004460B9190F9020093F90210FEF731FBAA
:1086A0002F49064694F90100FEF730FBA268616885
:1086B00080463046FEF728FA2378D9F80020DFF804
:1086C000A4905D430746D9F80C3050599847D9F823
:1086D0001C309C4694F901300025072B4FF47A6337
:1086E000CDE90753CDE9055523D10123CDE9035346
:1086F0000523CDE901534FF47A7303FB0BF3009389
:108700003946434646F2A81228466746B847A1892B
:1087100094F90100FFF788FDCAF80000D9F8543039
:10872000217B284698470B9B01201E700DB0BDE8A9
:10873000F08F01200823CDE90350CDE901032A463B
:10874000CDF800B0654643463946A84701200546A6
:10875000DDE700BFCC5A00203FBE0308C85A002006
:1087600018BE0308D0B903082DE9F04F8DB00025DD
:10877000DFF850B102950646894690461F46ADF88F
:108780000C50ADF8065007244FF00C0A337AAB4278
:1087900006D9706802A92844FEF71AF9002849D1C1
:1087A0009DF90930062B7AD08DF81630F37A8DF8C2
:1087B0001930337B8DF81A30737B8DF81B30102302
:1087C0008DF81C30DFF8FCA09DF90A109DF80820F8
:1087D000B07A8DF815000DF1060308934FF4E063AD
:1087E000ADF82430DAF800300A930A23ADF82C30C3
:1087F00033688DF817108DF8182004930DF10A02D4
:1088000002AB0DF1090104A88DF81440FEF7FAF847
:108810000728044645D1DAF800000C22002100F5B3
:108820009060F4F70EF9DAF80030BDF80620A3F8EE
:10883000802436E09DF80B20BDF80C30ADF80630F2
:108840000544EDB2C2B9E3B1DBF800100020072403
:108850004FF0010C062A16D10AFB00F3CB583BB1AE
:10886000BDF806E00CFA00F343EA0E03ADF806305B
:1088700001301028EED189E7531E042B01D9062AB6
:10888000E2D0062482E7BDF806300341DB07EFD5CE
:108890000AFB00F3CB58002B08BF0624E8E704F0DE
:1088A000FD049DF8093089F800309DF80A3088F8F9
:1088B00000309DF808303B70169B20461D700DB0AF
:1088C000BDE8F08FCC5A002038B504464068FFF769
:1088D00097FC072200284FF0000194F9000014BF14
:1088E00007250625FDF7A0FF18B194F90030062BE7
:1088F00001D105F0FD0594F9010007220021FDF7E3
:1089000093FF08B905F0FB05284638BD4FF0FF304E
:108910007047000010B503780F2B04461AD8406842
:10892000FFF76EFC22780C4902EB4202096800282E
:1089300001EB820051F8222014BF032302231AB94D
:1089400003F0010358B210BD032B06BF62684260FA
:108950000223F7E70020F6E7CC5A0020704700001A
:108960002DE9F041394D0446286896B00E469046F0
:1089700000211F460122072300F59060CDE9041174
:10898000CDE906118DF80C108DF80D10ADF80E30F4
:10899000FDF76CFF30B92A68B2F8803443F0070362
:1089A000A2F880342A68637A8DF8203002F590614D
:1089B000CDE90912264A94F9083012680B92102268
:1089C000ADF830200DF10E020D9222680E92626811
:1089D0000F92D4E90301A27A8DF8402001228DF88C
:1089E000412011AA82E80300227DE18A8DF821301E
:1089F00018468DF84C20FFF717FC08AB15930DF1C6
:108A00000D0314900093CDF8048003AB04AA3946FB
:108A10000EA8FEF717F9044668B99DF80C10013945
:108A2000F3F7EEFF16AB184410F8483C33702046BD
:108A300016B0BDE8F0810C2801BF2A68B2F8803476
:108A400043F00703A2F88034F1E700BFCC5A0020BE
:108A5000C85A0020F8B50679022E054601D806202E
:108A6000F8BD0F2E2BD80368187A40F303000722B5
:108A7000002140B2FDF7D8FE2B680446187A40F377
:108A800003100722002140B2FDF7CEFEA8B1B4FAD0
:108A900084F4640929680B7A086843F3030243F3FA
:108AA000031352B25BB29A42C8BF0124FFF7A8FB7E
:108AB00048B9002CD3D10420D2E70124EAE70320EF
:108AC000CEE70520CCE7002CFBD10C4F29683B6892
:108AD00006EB460003EB80000C22F3F79EFF3A689A
:108AE0000C2303FB062320465C72012303FA06F6DF
:108AF000B2F880341E43A2F88064B1E7CC5A00205B
:108B000010B4017802290ED9084B18680C234B4386
:108B1000C4180022C250C4E9012200F5906010BCC4
:108B20001022FDF78ABE002010BC7047CC5A0020EE
:108B30002DE9F04186B050238DF81430037A102BC4
:108B4000074630D14368DD7B6DBB0324A84664260D
:108B5000072C14D87A68535D03932A44517843EA6A
:108B600001230393927843EA02437343CDE9033828
:108B700063B968468DF80040FFF7C2FF0DE0CDF8FD
:108B80000C808DF81480CDF81080F2E703AB01A8BB
:108B900001938DF80840FFF75DFF0134E4B2102C1B
:108BA00005F10305D4D106B0BDE8F0811FB5026818
:108BB0000379116851B901A88DF80430FFF7A0FFBF
:108BC00078B9002040B205B05DF804FB02A802921B
:108BD0008DF80C30FFF73EFF0628F2D8024B185CE8
:108BE000F0E70320EEE700BF38BE0308064B03EBB7
:108BF000C1039856002804DB062908BF0020C0B234
:108C000070470020FBE700BF47BE030810B586B0E1
:108C10000B4B01938368029340F21343ADF80C3081
:108C200000238DF80E30436804930388ADF81430A8
:108C300001A80C46FDF77EFF0423237006B010BD8B
:108C40003FBE030830B50B4B85B00C460A491D5694
:108C5000FEF75CF8082201460020CDE90020074A13
:108C60000123E4B202940393546A18462A46A047AB
:108C700005B030BDAFBE030890BE0308D0B90308ED
:108C80000B4B10B51B6A0446984768B1094B0A4A5A
:108C90002344934209D8094A534345F2E232B2EBE6
:108CA000B31F2CBF0120002010BD0020FCE700BF37
:108CB000D0B90308602E1CC9009F24001DE6CB0B11
:108CC0001FB50023009303780B3B2C2B61D8DFE802
:108CD00003F02C2F316036393C3F4245604D604FE8
:108CE00054595B60605E60176060606060606060E7
:108CF000606060606064666B6060646B606D710092
:108D000043788DF8043005238DF805304FF48053F7
:108D1000ADF806302A4B1B6801A803F59062CDE937
:108D20000223FDF7D3FF009033E04023009330E0AF
:108D30002023FBE790F90130224AD35CF6E74FF499
:108D40007A63F3E74FF47A73F0E74FF4FA63EDE7F1
:108D500041F28833EAE741F27073E7E71A484FF4CB
:108D60007A71F3F74DFE00F5FA60DCE7174BDDE7AB
:108D7000134B1B6803F59063D8E7114B1B6803F294
:108D80008C43D3E71023D1E70D4B1B68CEE7104B84
:108D90000093009805B05DF804FB0E4BC6E740F267
:108DA0001113ADF80030F4E70323BFE790F9013069
:108DB000094AC2E7094990F90100FDF7A7FFB2E7A8
:108DC000D45A0020B5BE030818FCFFFFE013F336A9
:108DD0000000604160630537AFBE030890BE030822
:108DE00037B50B4B02781B680C2101FB02335B7A11
:108DF00003EB4304074B1D6803690093C368427883
:108E0000816805EBC400FDF75EFD03B030BD00BF17
:108E1000D45A0020D05A0020F0B5027B87B0012739
:108E20000023BA42CDE90133CDE90333ADF8007038
:108E30008DF802308DF8143037D0022A41D092BB21
:108E4000036883B3436873B3234D80682B60234B5F
:108E5000182269461860F3F7E0FD214B2C6893E86F
:108E6000070084E8070003F10C0207CA04F10C06AE
:108E7000183386E8070093E8070004F11806072373
:108E800086E80700A4F88C343A4604F28C4104F5D5
:108E90009060FDF709FD2B684FF6BF72A3F89C2484
:108EA0000622C3F8A02407B0F0BD0B490868436050
:108EB0000361C36100F28C4100F59060FDF7F4FCA2
:108EC000F1E7054B1B68B3F88024B3F88C140A4310
:108ED000A3F88024E7E700BFD45A0020D05A00202E
:108EE00054B70308072908B504D804290CD831B1B0
:108EF000002012E009390129FAD8072205E0BDE86F
:108F000008400068FFF7BCBE052290F90000002170
:108F1000FDF78AFC003818BF012008BD10B50479A0
:108F20001CB1012C0BD0002010BD0A4B01681B683E
:108F3000012203F59060FDF7B7FC0120F4E7054B33
:108F400001681B68224603F28C40FDF7ADFC204609
:108F5000EAE700BFD45A0020F7B50528114DA8BF95
:108F600005201C460E46587029461746FDF7CEFED2
:108F700094F901300C4A55F82310A070D05CFDF72D
:108F80008DFD0A4BDB6D0546984704F10C02083451
:108F90000346019200943A4631462846FDF78BFD80
:108FA00003B0F0BD90BE0308AFBE0308D0B90308FC
:108FB0002DE9F047224E90F90190736845688AB018
:108FC000044688469847002837D1A37C63B91D4AD8
:108FD0002378126803EB430302EB830152F823501A
:108FE0004B68002B18BF1D46174B284613F909A0E4
:108FF000F3689847637C2289099301250023029234
:109000000822CDE90032CDE90735CDE90533CDE9B8
:109010000333A178B7692B4652462846B8470B4B15
:1090200013F80910736D0D312846C9B2984788F8B6
:10903000009028460AB0BDE8F0870020FAE700BF9C
:10904000D0B90308D45A0020AFBE0308B5BE030848
:109050002DE9F04FDFF8E0A090F901309146374A52
:10906000D7560278DAF800300C2505FB0233344A73
:109070005B7A126803EB430302EBC3038DB0044633
:10908000884690F9020093F90210FDF73AFE2D4947
:10909000064694F90100FDF739FE2378DAF800203E
:1090A0006B438346D058284B984294BF0A200E2029
:1090B000E5F7D4FA63680B93054601461846E5F7D1
:1090C0006FFB08B10B9B1D462946A2683046FDF791
:1090D0001BFD23780B900C225343DAF80000DFF8D5
:1090E0006CA0C058DAF80C20904700224FF47A6345
:1090F0000125CDE907230823CDE90522CDE9032584
:10910000CDE901530B9900975B462846DAF81C70AD
:10911000B847DAF85430217B28469847A18994F95A
:109120000100FFF78FFDC9F80000284688F80060AD
:109130000DB0BDE8F08F00BFD45A0020AFBE0308C9
:10914000D05A002090BE03081F21F636D0B903087C
:109150002DE9F04F8DB00024DFF840B102940546B0
:10916000894690461F46ADF80C40ADF806400726EC
:109170004FF00C0A2B7AA34206D9686802A9204452
:10918000FDF726FC002853D1AB7A8DF815309DF8F9
:1091900009308DF816309DF80A308DF817309DF89B
:1091A00008308DF81830EB7A8DF819302B7B8DF85C
:1091B0001A306B7B8DF81B3010238DF814608DF8FE
:1091C0001C30364E0DF1060308934FF4A063ADF842
:1091D000243033680A930723ADF82C302B680493AE
:1091E0000DF10A0202AB0DF1090104A8FDF70AFC1A
:1091F000072805460BD130680C22002100F590604D
:10920000F3F71FFC3368BDF80620A3F880249DF80F
:10921000093089F800309DF80A3088F800309DF850
:1092200008303B70169B28461C700DB0BDE8F08FCF
:109230009DF80B20BDF80C30ADF806300444E4B2C4
:10924000C2B9E3B1DBF80010002007264FF0010C93
:10925000062A16D10AFB00F3CB583BB1BDF806E055
:109260000CFA00F343EA0E03ADF806300130102883
:10927000EED17FE7531E042B01D9062AE2D0062641
:1092800078E7BDF806300341DB07EFD50AFB00F3B2
:10929000CB58002B08BF0626E8E700BFD45A0020B1
:1092A00038B505464068FFF7EBFC052200284FF073
:1092B000000195F9000014BF07240624FDF7B4FA55
:1092C00008B904F0050495F9010005220021FDF715
:1092D000ABFA08B904F0FB04204638BD4FF0FF306C
:1092E0007047000010B503780F2B04461AD8406869
:1092F000FFF7C6FC22780C4902EB420209680028FD
:1093000001EB820051F8222014BF032302231AB973
:1093100003F0010358B210BD032B06BF6268426020
:109320000223F7E70020F6E7D45A00207047000038
:109330002DE9F04F544F0446386899B0884691465D
:1093400000211D460122072300F59060CDE906119A
:10935000CDE908118DF814108DF81510ADF8163000
:10936000FDF784FA30B93A68B2F8803443F0070365
:10937000A2F880343A68637A8DF8283002F590615B
:10938000CDE90B12414A94F9083012680D920DF1A3
:1093900016020F922268109262681192D4E90301BA
:1093A000A27A8DF8482001228DF8492013AA82E87C
:1093B00003001026227DE18A8DF8293018468DF8A9
:1093C0005420ADF83860FFF73DFC0AAB17930DF160
:1093D0001503294606AA1690CDF80490009310A80C
:1093E00005ABFDF72FFC0546E5F7A9FF8346E5F73A
:1093F000AAFF8146002D3DD1E5F79DFF9DF8141091
:10940000012801F1FF3128462BD1F3F7F9FA204B5F
:1094100020491B690393C4B218AB23449DF8140080
:1094200013F848AC0134B4FBF0F300FB13440C23F5
:1094300003FB0AFC38684B4650F80C00DDF80CC002
:109440005A46E047E4B2134928B188F800A02846FC
:1094500019B0BDE8F08F013E16F0FF06DCD10D25F6
:10946000F5E7F3F7CDFA18AB184410F8483C88F844
:109470000030ECE70C2D01BF3A68B2F8803443F0BD
:109480000703A2F88034E2E7D45A0020D05A002023
:10949000D0B90308400D0300F8B50679022E054641
:1094A00001D80620F8BD0F2E2BD80368187A40F398
:1094B00003000522002140B2FDF7B6F92B680446EF
:1094C000187A40F303100522002140B2FDF7ACF9F1
:1094D000A8B1B4FA84F4640929680B7A086843F3E4
:1094E000030243F3031352B25BB29A42C8BF012492
:1094F000FFF7C6FB48B9002CD3D10420D2E70124E2
:10950000EAE70320CEE70520CCE7002CFBD10C4F87
:1095100029683B6806EB460003EB80000C22F3F75A
:109520007CFA3A680C2303FB062320465C72012375
:1095300003FA06F6B2F880341E43A2F88064B1E75D
:10954000D45A002010B4017802290ED9084B1868AB
:109550000C234B43C4180022C250C4E9012200F579
:10956000906010BC1022FDF768B9002010BC704755
:10957000D45A00202DE9F04186B050238DF81430E4
:10958000037A102B074630D14368DD7B6DBB032483
:10959000A8466426072C14D87A68535D03932A449E
:1095A000517843EA01230393927843EA02437343D9
:1095B000CDE9033863B968468DF80040FFF7C2FF74
:1095C0000DE0CDF80C808DF81480CDF81080F2E716
:1095D00003AB01A801938DF80840FFF75DFF01344C
:1095E000E4B2102C05F10305D4D106B0BDE8F0813A
:1095F0001FB502680379116851B901A88DF80430CC
:10960000FFF7A0FF78B9002040B205B05DF804FB79
:1096100002A802928DF80C30FFF73EFF0628F2D820
:10962000024B185CF0E70320EEE700BFA8BE03087A
:10963000881A40B220EAE070C0B2704710B586B018
:109640000B4B01938368029340F21133ADF80C3059
:1096500000238DF80E30436804930388ADF814306E
:1096600001A80C46FDF766FA0323237006B010BD6F
:10967000AFBE030830B50B4B85B00C460A491D56EA
:10968000FDF744FB082201460020CDE90020074AEF
:109690000123E4B202940393546A18462A46A04771
:1096A00005B030BD26BF0308BCBE0308D0B903080F
:1096B0000B4B10B51B6A0446984768B1094B0A4A20
:1096C0002344934209D8094A534341F6F632B2EB98
:1096D000B31F2CBF0120002010BD0020FCE700BFFD
:1096E000D0B90308608FF7C8401640005FF74359B0
:1096F00007B5002300930378013B332B31D8DFE813
:1097000003F01A1E303030303030303E40424430AA
:109710004D5053505356305F1C616365673030695C
:109720003023303030303030303030303030303046
:109730006C741C303074C3781BB9082302E0837842
:109740007BB1022300930CE0827890F9013062B97A
:109750002BB1082B1ABF03F1FF33DAB2062252B243
:109760000092009803B05DF804FB022B05D0082B93
:109770001ABF03F1FF33DBB206235BB2E2E7052336
:10978000E0E74023DEE72023DCE7827890F9013030
:1097900012B9174AD35CD5E7164AFBE74FF47A7340
:1097A000D0E741F28833CDE741F27073CAE712483F
:1097B0004FF47A71F3F724F900F5FA600090D0E7DE
:1097C0000E4BBFE70E4BBDE70E4BBBE74823B9E797
:1097D0000D4BB7E70D4B0093C3E740F21333ADF8E1
:1097E000003001238DF80230BBE70A23AAE700BF4F
:1097F00036BF030846BF030818FCFFFFA0700837F8
:10980000505E0020685E0020D85A00200000F04121
:1098100013B50A4B02780C2101FB0232547A18224C
:1098200002FB043403690093C3684278816804F53D
:109830005870FDF748F802B010BD00BFD85A00209C
:1098400070B5044686B018220021684601F06AFE11
:10985000247B0123ADF8003024B1013C9C423BD96C
:1098600006B070BD2648274D18226946F3F7D5F893
:10987000254B264A1946184650260A6002F54332FF
:1098800002F5A072AA420E724C7201F10C01F4D1E1
:109890001F4A204C66250021C3F8002302F5C3129D
:1098A00002F52062A24283F8085383F8091303F1FA
:1098B0000C03F1D1FF23C0E9E431C0F89813164935
:1098C0000622A1F11800FCF7EFFF1449062201F16E
:1098D0000C00FCF7E9FFC3E70F490622A1F11800CD
:1098E000FCF7E2FF0E4A062332F8021B32F80E0C98
:1098F000013B014013F0FF0322F8021CF4D1AFE753
:10990000385E002000285037D85A002000D88C3606
:109910006086973660D65A37685E0020505E002019
:109920005C5E002008B503460A2925D8DFE801F06F
:1099300006242424240B0B16241F1F00BDE8084016
:109940000068FFF7B5BE997890F90000052261B96B
:10995000FCF76AFF003818BF012008BD9B7890F91A
:1099600000000D220BB90821F2E70221F0E790F97F
:1099700000000A220021EBE70020EEE7037A102B1B
:1099800030B520D14368DB7B012B1CD10E4B00216D
:10999000A3F55E75426812F811201A80446804EB42
:1099A00041040429647842EA042223F8022B04BF0C
:1099B000D2B2A5F880235A8933F8024C01312240F3
:1099C00005295A81E6D130BD505E002038B50579B1
:1099D0001DB1012D1ED0002038BD124C0168062299
:1099E00004F55E70FCF760FF94F89833A4F89833A0
:1099F000A4F89A53062304F5617434F8022B34F862
:109A00000E1C013B0A4013F0FF0324F8022CF4D192
:109A10000120E1E7016804480622FCF745FF2846DB
:109A2000DAE700BFD85A0020685E00200D28F7B59D
:109A3000A8BF0D201746144A58700E461C461349FD
:109A400052F820308B421CD011498B420CBF0223AC
:109A50000023A3700F4B52F82010185CFDF71EF87E
:109A60000D4BDB6D0546984704F10C0208340346A4
:109A7000019200943A4631462846FDF71CF803B09F
:109A8000F0BD0123E5E700BFBCBE030890D0030092
:109A900020A1070026BF0308D0B903082DE9F0472D
:109AA0001C4E90F90190736845688AB00446884658
:109AB000984768BBA37C33B92578174A05F007039C
:109AC000164D02FB0355164B284613F909A0F368FF
:109AD0009847637C2289099301250023029208227A
:109AE000CDE90032CDE90735CDE90533CDE90333C2
:109AF000A178B7692B4652462846B8472846736D69
:109B00000D21984788F8009028460AB0BDE8F087F4
:109B10000020FAE7D0B90308C0270900A070083771
:109B200026BF03082DE9F04F2C4B2D4D924690F99E
:109B300001209F56037889460C2101FB035318210D
:109B40005B7A01FB03538DB093F9628390F9023085
:109B50009845B8BF9846234B53F82260224B9E424B
:109B6000044639D0214B9E420CBF02260026616874
:109B7000A268DFF87CB04046FCF7C6FF22780B9065
:109B80000C235A43DBF80C30A858984700224FF4B6
:109B90007A630125CDE907230823CDE90522CDE924
:109BA0000325CDE901530B99009733462846DBF88E
:109BB0001C70B847DBF85430217B28469847A189B0
:109BC00094F90100FFF756FDCAF80000284689F80D
:109BD00000800DB0BDE8F08F0126C8E726BF03085E
:109BE000D85A0020BCBE030890D0030020A1070073
:109BF000D0B903082DE9F04F93B007AF0024CDE9A9
:109C00000023054688460622794907943846C7E965
:109C10000144FCF749FE4FF0010AA1462B7AA3420A
:109C200006D9686805A92044FCF7D2FE002874D143
:109C30009DF91530052B07DC042200213846FCF77E
:109C400015FE012840F2D280072602238DF80C3041
:109C500003A86B7A8DF80E30FFF74AFDAB7A8DF8CA
:109C60002D309DF815308DF82E309DF816308DF87A
:109C70002F309DF814308DF83030EB7A8DF831307C
:109C80002B7B8DF832306B7B8DF8333048238DF889
:109C9000343005238DF83D300A23ADF844302B686D
:109CA0008DF82C608DF83C000A93524E0E9705AB50
:109CB0000DF116020DF115010AA81096FCF7A2FE8F
:109CC0000728054617D10622394606F55E70FCF7CF
:109CD000EBFDD6F88433D6F878231340C6F88433E6
:109CE000D6F87C23D6F888331340C6F88833D6F8E4
:109CF0008033C6F88C339DF81530009A88F8003010
:109D00009DF816301370019A9DF8143013701C9B47
:109D100028461C7013B0BDE8F08F9DF81730BDF8D1
:109D200018200444062BE4B20DD14FF6FF73ADF8B2
:109D30001C30ADF81E30ADF82030ADF82230D2B274
:109D4000ADF824206AE7072B08D1ADF81C90ADF8D8
:109D50001E90ADF82090ADF82290F0E7052B3FD192
:109D60000021D2B2084612AB0AFA01FE03EB400C06
:109D700012EA0E0F3CF82C3C01F0010B0FFA8EF6A4
:109D80001BD0BBF1000F0CD143F0FF032CF82C3C8F
:109D9000BDF824301E43ADF8246001310829E2D11A
:109DA0003CE763F0FF032CF82C3CBDF824301E4345
:109DB0000130ADF82460C0B2EFE7F643BBF1000F0D
:109DC00007D123F0FF032CF82C3CBDF824301E40B3
:109DD000E1E7DBB22CF82C3CBDF824301E40E7E76D
:109DE00012A901EB430323F82C2C17E706262CE7D6
:109DF000505E0020D85A002038B505464068FFF76D
:109E000057FC0D2200284FF0080195F9000014BFFF
:109E100007240624FCF708FD08B904F0050495F9A9
:109E20000030072B01D00D2B01DD04F0FD0495F966
:109E3000010003220021FCF7F7FC08B904F0FB0441
:109E4000204638BD00207047002070470020704732
:109E5000074BFF22A3F88023064A137813F0010F63
:109E600003F10103137014BF06200220704700BFE6
:109E7000D85A0020745E00202DE9F04F9BB00024DA
:109E8000069106462146914609A844221F46089499
:109E900001F048FB5048DFF8448104222146FCF7DA
:109EA000E5FC30B9042208F55E7108F56170FCF735
:109EB000FBFC96F90830052B06DD98F88C331BB9AE
:109EC000B8F88033A8F88C337068EAF7EDFF736850
:109ED00013B13568854273D800243C60F18A96F945
:109EE0000800757AB77A96F814A0FFF7C3FB0390C1
:109EF000D6E9030101AA82E803003B462846384917
:109F0000CDF800A00122FCF7F1FC96F9083004938B
:109F1000324B054627462646E2B205920C2202FB4A
:109F2000048B4FF0000AB3F8842342FA0AF2D207F6
:109F30001CD5DBF80020CAB19BF8081004980793E1
:109F400041F3031241F3030152B249B2FCF76CFC36
:109F5000079B58B19BF80920204902EB420201EB14
:109F6000C20292F8742312BB0137FFB20AF1010A50
:109F7000BAF1100F0BF10C0BD5D11034502C03F1AA
:109F80000203C9D10EB3711E0020F2F739FD1AABDE
:109F90001844069B10F8481C19700F484022FCF723
:109FA0004CFC0020C9F800001BB0BDE8F08F1AA9D6
:109FB000721C0E440599514406F8481CD6B2D5E7E8
:109FC0002D1AC9F800500B20EEE7002FF9D1C9F87F
:109FD00000700C20E8E700BF5C5E0020D85A00202B
:109FE000385E00200320704701207047064B10B5F3
:109FF000062404FB01339B56002B03DA00280CBF18
:10A0000000230223D8B210BDFCBE030810B586B0F1
:10A010000B4B01938368029340F61323ADF80C3089
:10A0200002238DF80E30436804930388ADF8143092
:10A0300001A80C46FCF77EFD0A23237006B010BD74
:10A0400026BF0308064B10B51B6A0446984730B17B
:10A050000448054B204498428CBF0020012010BDCD
:10A06000D0B90308006880CC808D5B00F0B5114B3F
:10A0700085B00C4610491F560546FCF747FE0F4BAE
:10A08000E4B25E6A072D4FF00103CDE902430146B9
:10A090000AD105220023CDE900234FF47A727A43D6
:10A0A0001846B04705B0F0BD08220020CDE90020D9
:10A0B0003A46F5E77FBF030858BF0308D0B9030845
:10A0C0001FB50023009303780B3B2C2B64D8DFE8EB
:10A0D00003F02C2F3136383B3E414447634F6351E8
:10A0E000565B5D63636063176363636363636363AA
:10A0F00063636363634F676C63636E6C6370740068
:10A1000043788DF8043007238DF805304FF48053E1
:10A11000ADF806302C4B1B6801A803F59062CDE921
:10A120000223FCF7D3FD009036E04023009333E098
:10A130002023FBE790F90130244AD35CF6E70123A2
:10A14000F4E740F6B833F1E74FF47A73EEE74FF4F3
:10A15000FA63EBE741F28833E8E741F27073E5E731
:10A160001B484FF47A71F2F74BFC00F5FA60DAE71E
:10A17000184BDBE7144B1B6803F59063D6E7124BD3
:10A180001B6803F28C43D1E71023CFE70E4B1B680B
:10A19000CCE74FF083430093009805B05DF804FBD3
:10A1A00040F21113ADF80030F6E70323BEE70A4B87
:10A1B000BCE790F90130094ABFE7094990F901006D
:10A1C000FCF7A4FDAFE700BF7C5E002087BF03085B
:10A1D00018FCFFFFE069CD33A05CCA337FBF0308E2
:10A1E00058BF030837B50B4B02781B680C2101FBE5
:10A1F00002335B7A03EB4304074B1D68036900934A
:10A20000C3684278816805EBC400FCF75CFB03B0CF
:10A2100030BD00BF7C5E0020785E002030B587B086
:10A22000027B6423ADF80030012A4FF00003CDE932
:10A230000133CDE903338DF802308DF8143028D086
:10A24000022A2FD01ABB03680BB34368FBB11A4C28
:10A2500080682360194B182269461860F2F7DDFB0D
:10A26000174B246893E807000C3384E8070093E851
:10A27000070004F10C05032385E80700A4F88C34DB
:10A28000012204F28C4104F59060FCF70DFB07B04D
:10A2900030BD094908684360036100F28C4100F554
:10A2A0009060F2E7044B1B68B3F88024B3F88C1479
:10A2B0000A43A3F88024EAE77C5E0020785E002051
:10A2C00078B7030808B50E2909D8DFE801F00A08B5
:10A2D000080808190F190819190808081B00002098
:10A2E00008BDBDE808400068FFF7ACBE052290F944
:10A2F00000000021FCF798FA003818BF0120EFE7B2
:10A300000722F4E70120EBE710B504791CB1012C1A
:10A310000BD0002010BD0A4B01681B68012203F519
:10A320009060FCF7C1FA0120F4E7054B01681B6857
:10A33000224603F28C40FCF7B7FA2046EAE700BF5A
:10A340007C5E0020F7B50728144D1C46A8BF0720E7
:10A3500058700E4629461746FCF7D8FC94F9013090
:10A36000A070072B13D13220FCF7A0FB0C4BDB6D48
:10A370000546984704F10C02083403460192009404
:10A380003A4631462846FCF796FB03B0F0BD054A35
:10A3900055F82310D05CFCF781FBE7E758BF0308B2
:10A3A000D0B903087FBF03082DE9F04FDFF8CC9048
:10A3B00090F90180D9F8043046688BB005468A468A
:10A3C00098470446002856D1AB7C63B92C4A2B78B9
:10A3D000126803EB430302EB830152F823604B68DE
:10A3E000002B18BF1E46274B304613F908B0D9F88A
:10A3F0000C309847D9F81830AF689C46B8F1070F71
:10A400006B7C099325D100230121CDE904311E493C
:10A4100006930522CDE90733CDE90012BFB24FF410
:10A420007A720393029702FB0BF24CF250311846FA
:10A430006546A847154B13F80810D9F854300D316C
:10A440002046C9B298478AF8008001200BB0BDE8C9
:10A45000F08F002601240823CDE90063CDE90764CD
:10A46000CDE90566CDE90366BFB20297A978234618
:10A470005A462046DCE70020E8E700BFD0B90308D1
:10A480007C5E00207FBF03088545010087BF03086D
:10A490002DE9F04FDFF8EC9090F9013092463A4AFE
:10A4A00012F903B00278D9F800300C2505FB02330D
:10A4B000364A5B7A126803EB43038DB002EBC303A9
:10A4C00004460B9190F9020093F90210FCF719FC75
:10A4D0002F49064694F90100FCF718FCA268616850
:10A4E00080463046FCF710FB2378D9F80020DFF8CF
:10A4F000A4905D430746D9F80C3050599847D9F8D5
:10A500001C309C4694F901300025072B4FF47A63E8
:10A51000CDE90753CDE9055523D10123CDE90353F7
:10A520000523CDE901534FF47A7303FB0BF300933A
:10A530003946434646F2A81228466746B847A189DD
:10A5400094F90100FFF792FDCAF80000D9F85430E1
:10A55000217B284698470B9B01201E700DB0BDE85B
:10A56000F08F01200823CDE90350CDE901032A46ED
:10A57000CDF800B0654643463946A8470120054658
:10A58000DDE700BF7C5E00207FBF0308785E00200F
:10A5900058BF0308D0B903082DE9F04F8DB000244F
:10A5A000DFF840B102940546894690461F46ADF853
:10A5B0000C40ADF8064007264FF00C0A2B7AA34258
:10A5C00006D9686802A92044FCF702FA002853D192
:10A5D000AB7A8DF815309DF809308DF816309DF85E
:10A5E0000A308DF817309DF808308DF81830EB7A66
:10A5F0008DF819302B7B8DF81A306B7B8DF81B3062
:10A6000010238DF814608DF81C30364E0DF10603C2
:10A6100008934FF4E063ADF8243033680A930723BE
:10A62000ADF82C302B6804930DF10A0202AB0DF14A
:10A63000090104A8FCF7E6F9072805460BD13068A4
:10A640000C22002100F59060F2F7FBF93368BDF8A9
:10A650000620A3F880249DF8093089F800309DF881
:10A660000A3088F800309DF808303B70169B284669
:10A670001C700DB0BDE8F08F9DF80B20BDF80C30BC
:10A68000ADF806300444E4B2C2B9E3B1DBF800101F
:10A69000002007264FF0010C062A16D10AFB00F312
:10A6A000CB583BB1BDF806E00CFA00F343EA0E03C9
:10A6B000ADF8063001301028EED17FE7531E042B91
:10A6C00001D9062AE2D0062678E7BDF80630034114
:10A6D000DB07EFD50AFB00F3CB58002B08BF06269B
:10A6E000E8E700BF7C5E002038B505464068FFF70C
:10A6F000A9FC072200284FF0000195F9000014BFC3
:10A7000007240624FCF790F808B904F0050495F92D
:10A71000010005220021FCF787F808B904F0FB04CA
:10A72000204638BD4FF0FF307047000010B5037869
:10A730000F2B04461AD84068FFF784FC22780C4996
:10A7400002EB42020968002801EB820051F8222046
:10A7500014BF032302231AB903F0010358B210BD3A
:10A76000032B06BF626842600223F7E70020F6E78A
:10A770007C5E0020704700002DE9F041394D044611
:10A78000286896B00E46904600211F4601220323FA
:10A7900000F59060CDE90411CDE906118DF80C109B
:10A7A0008DF80D10ADF80E30FCF760F830B92A685E
:10A7B000B2F8803443F00303A2F880342A68637A45
:10A7C0008DF8203002F59061CDE90912264A94F9FE
:10A7D000083012680B921022ADF830200DF10E02F5
:10A7E0000D9222680E9262680F92D4E90301A27A58
:10A7F0008DF8402001228DF8412011AA82E8030043
:10A80000227DE18A8DF8213018468DF84C20FFF723
:10A810002DFC08AB15930DF10D0314900093CDF8AA
:10A82000048003AB04AA39460EA8FCF70BFA0446D1
:10A8300068B99DF80C100139F2F7E2F816AB18442C
:10A8400010F8483C3370204616B0BDE8F0810C2863
:10A8500001BF2A68B2F8803443F00303A2F88034C1
:10A86000F1E700BF7C5E0020785E0020F8B5067935
:10A87000012E054601D80620F8BD0F2E2BD80368FF
:10A88000187A40F303000722002140B2FBF7CCFF07
:10A890002B680446187A40F303100722002140B2C7
:10A8A000FBF7C2FFA8B1B4FA84F4640929680B7AF3
:10A8B000086843F3030243F3031352B25BB29A42B4
:10A8C000C8BF0124FFF7BEFB48B9002CD3D1042038
:10A8D000D2E70124EAE70320CEE70520CCE7002CED
:10A8E000FBD10C4F29683B6806EB460003EB800068
:10A8F0000C22F2F792F83A680C2303FB0623204659
:10A900005C72012303FA06F6B2F880341E43A2F803
:10A910008064B1E77C5E002010B4017801290ED973
:10A92000084B18680C234B43C4180022C250C4E9DA
:10A93000012200F5906010BC1022FBF77EBF0020C2
:10A9400010BC70477C5E00202DE9F04186B050239A
:10A950008DF81430037A102B074630D14368DD7B25
:10A960006DBB0224A8466426062C14D87A68535D71
:10A9700003932A44517843EA01230393927843EAEC
:10A9800002437343CDE9033863B968468DF800404C
:10A99000FFF7C2FF0DE0CDF80C808DF81480CDF8E4
:10A9A0001080F2E703AB01A801938DF80840FFF790
:10A9B0005DFF0134E4B2102C05F10305D4D106B0DB
:10A9C000BDE8F0811FB502680379116851B901A88B
:10A9D0008DF80430FFF7A0FF78B9002040B205B031
:10A9E0005DF804FB02A802928DF80C30FFF73EFFE1
:10A9F0000628F2D8024B185CF0E70320EEE700BF10
:10AA000078BF0308881A40B220EAE070C0B27047ED
:10AA100010B586B00B4B01938368029340F211335B
:10AA2000ADF80C3000238DF80E3043680493038892
:10AA3000ADF8143001A80C46FCF77CF80323237012
:10AA400006B010BD7FBF030830B50B4B85B00C4678
:10AA50000A491D56FCF75AF9082201460020CDE9A3
:10AA60000020074A0123E4B202940393546A184673
:10AA70002A46A04705B030BDE4BF030890BF0308D5
:10AA8000D0B903080B4B10B51B6A0446984768B150
:10AA9000094B0A4A2344934209D8094A534341F6D1
:10AAA000F632B2EBB31F2CBF0120002010BD0020F6
:10AAB000FCE700BFD0B90308608FF7C8401640001C
:10AAC0005FF743591FB5002300930378013B362BF2
:10AAD0001FD8DFE803F01C1E1E1E1E1E1E1E1E1E9B
:10AAE00037393B1E404346494C4F1E571C595E6345
:10AAF000651E1E681E221E1E1E1E1E1E1E1E1E1EE1
:10AB00001E1E1E6B711C1C1E6B1C1C797D000823F5
:10AB10000093009805B05DF804FB43788DF804308D
:10AB200004238DF805304FF49043ADF806302B4BDD
:10AB30001B6801A803F59062CDE90223FCF7C6F873
:10AB40000090E6E74023E3E72023E1E790F90130B6
:10AB5000234AD35CDCE740F6B833D9E74FF47A7385
:10AB6000D6E74FF4FA63D3E741F28833D0E741F2F6
:10AB70007073CDE71B484FF47A71F1F741FF00F590
:10AB8000FA60DDE7184BC3E7144B1B6803F59063CD
:10AB9000BEE7124B1B6803F28C43B9E74823B7E7C3
:10ABA0000E4B1B68B4E7114B0093B2E7104A0E49F5
:10ABB0000079F9F7F4FDC3E740F21743ADF8003030
:10ABC00003238DF80230A4E790F90130094AC0E769
:10ABD000094990F90100FCF799F8B1E7885E002077
:10ABE000F4BF030818FCFFFFA07008379A990042D1
:10ABF000C0270900E4BF030890BF030837B50B4B1B
:10AC000002781B680C2101FB02335B7A03EB4304DF
:10AC1000074B1D6803690093C3684278816805EBA0
:10AC2000C400FBF750FE03B030BD00BF885E0020BB
:10AC3000805E0020F0B587B00123047BADF80030C2
:10AC40000023CDE90133CDE903338DF802308DF8CF
:10AC5000143024B1013C012C50D907B0F0BD036879
:10AC6000002BFAD04268002AF7D0314E806832605B
:10AC7000304A314D10609C81182269462B60F1F7F3
:10AC8000CCFE30682D4B2E4F024601464FF0300C63
:10AC90000B6003F5433303F5A073BB4281F808C092
:10ACA0004C7201F10C01F3D1264B274944270024B3
:10ACB000C2F8003303F5C31303F520638B4282F817
:10ACC000087382F8094302F10C02F1D14FF0FF330F
:10ACD000C0F88C34C0F89034FF23C0F8943400F2EC
:10ACE0008C41062200F59060FBF7DEFD3168286894
:10ACF000062201F59061FBF7D7FDAEE70C4C20680A
:10AD0000062200F28C4100F59060FBF7CDFD0A4B66
:10AD100021681B6801F590619A1E0A3332F8024FD0
:10AD200031F8020B9A4200EA04001080F6D194E751
:10AD3000885E0020805E0020845E00206001C835AF
:10AD400060518B36C0AFD235C0FF953608B50A29A1
:10AD50001DD8DFE801F0061C1C1C1C0B0E101C1A71
:10AD60001A00BDE808400068FFF78CBE04220021ED
:10AD700003E00522FBE70D22082190F90000FBF714
:10AD800053FD003818BF012008BD0E22EFE7002058
:10AD9000FAE70000F8B51C4B1B68044683BB237A16
:10ADA000102B30D16368DB7B012B2CD1174B18683B
:10ADB000174B1D6800F59066023D0022314663681E
:10ADC00013F812303380676807EB4207042A7F7854
:10ADD00043EA072326F8023B04BFDBB2A0F888341D
:10ADE00035F8023F36F8027C01323B40052A2B80C1
:10ADF000E5D1BDE8F840062200F28C40FBF754BDD7
:10AE000098470028CBD0F8BD8C5E0020885E0020DB
:10AE1000845E002070B50546042200680021FBF71F
:10AE200025FD2C791CB1012C21D0002070BD154EC0
:10AE300029683068062200F59060FBF735FD33681D
:10AE400093F89424A3F894240F4AA3F89644126824
:10AE500003F59063911E0A3231F8024F33F8020B6A
:10AE6000914200EA04000880F6D10120DEE7054B9C
:10AE700029681868062200F28C40FBF715FD204671
:10AE8000D4E700BF885E0020845E0020F7B50D285F
:10AE9000114DA8BF0D201C460E4658702946174676
:10AEA000FBF734FF94F901300C4A55F82310A070D9
:10AEB000D05CFBF7F3FD0A4BDB6D0546984704F1C8
:10AEC0000C0208340346019200943A463146284663
:10AED000FBF7F1FD03B0F0BD90BF0308E4BF03082A
:10AEE000D0B903082DE9F0471F4E90F9019073681F
:10AEF00045688AB0044688469847002831D1A37C2B
:10AF000033B92578194A05F00703194D02FB03559B
:10AF1000184B284613F909A0F3689847637C2289E7
:10AF200009930125002302920822CDE90032CDE9E0
:10AF30000735CDE90533CDE90333A178B7692B4651
:10AF400052462846B8470C4B13F80910736D0D3163
:10AF50002846C9B2984788F8009028460AB0BDE84C
:10AF6000F0870020FAE700BFD0B90308C027090026
:10AF7000A0700837E4BF0308F4BF03082DE9F04FC1
:10AF8000374B384E90F902A0D6F800B0914690F9B0
:10AF900001209F56037888460C2101FB03B33249F8
:10AFA0005B7A096803EB430301EBC3038DB093F9AC
:10AFB00002100B9204465046FBF7A3FE0B9A042A9C
:10AFC00005463FD15546022DB8BF0225274994F9C1
:10AFD0000100DFF89CA0FBF799FE2649834600227A
:10AFE0002846FBF791FD22780B900C235A433068DA
:10AFF000DAF80C308058984700224FF47A63012623
:10B00000CDE907230823CDE90522CDE90326CDE9C3
:10B0100001630B9900975B463046DAF81C70B8471D
:10B02000DAF85430217B30469847A18994F9010021
:10B03000FFF70AFDC9F80000304688F800500DB04F
:10B04000BDE8F08F042200210BF59060FBF70EFCA9
:10B050003128BBD85546052DB8BF0525B6E700BF3A
:10B06000E4BF0308885E0020805E002090BF0308D4
:10B07000D0B903080000F0412DE9F04F844F93B0A0
:10B08000CDE901123968039307AE00240546062274
:10B0900001F590613046C6E901440594ADF81840C9
:10B0A0000794FBF701FCA0464FF6FF792B7AA342E9
:10B0B00006D9686805A92044FBF78AFC002876D1E8
:10B0C0009DF91530032B07DC0422002107A8FBF7AC
:10B0D000CDFB012840F2DA8007238DF82C30AB7AC3
:10B0E0008DF82D309DF815308DF82E309DF81630E6
:10B0F0008DF82F309DF814308DF83030EB7A8DF8C4
:10B1000031302B7B8DF832306B7B8DF83330482318
:10B110008DF834304FF48063ADF83C303B681093C9
:10B120000E23ADF844302B680A930DF1160205ABDF
:10B130000DF115010AA80E96FBF764FC07280546D9
:10B1400023D138680622314600F59060FBF7ACFB4E
:10B15000504B3A681B68B2F8800419880140198086
:10B16000B2F88204598801405980B2F88404998861
:10B1700001409980B2F88604D9880140D980B2F89C
:10B1800088141981B2F88A245A81019A9DF81530E1
:10B190001370029A9DF816301370039A9DF81430BC
:10B1A00013701C9B28461C7013B0BDE8F08F9DF8EF
:10B1B0001730BDF818200444062BE4B20BD1ADF8CB
:10B1C0001C90ADF81E90ADF82090ADF82290D2B250
:10B1D000ADF824206AE7072B08D1ADF81C80ADF844
:10B1E0001E80ADF82080ADF82280F0E7052B47D116
:10B1F0004FF0000CD2B26146012303FA0CFA0CEABC
:10B20000030B12AB03EB410E12EA0A0F3EF82C3C83
:10B210000FFA8AF01DD0BBF1000F0ED143F0FF03EF
:10B220002EF82C3CBDF824300343ADF824300CF14B
:10B23000010CBCF1080FDFD138E763F0FF032EF8F3
:10B240002C3CBDF824300343ADF824300131C9B2A1
:10B25000EDE7C043BBF1000F09D123F0FF032EF847
:10B260002C3CBDF824301840ADF82400DFE7DBB2F9
:10B270002EF82C3CBDF824301840ADF82400E5E74A
:10B2800012A901EB430323F82C2C0FE7062324E734
:10B29000885E0020845E002038B505464068FFF7D0
:10B2A000F1FB0D2200284FF0080195F9000014BFB2
:10B2B00007240624FBF7B8FA08B904F0050495F949
:10B2C000000007220521FBF7AFFA012803D095F90A
:10B2D00000300D2B01DD04F0FD0495F9010003227F
:10B2E0000021FBF7A1FA08B904F0FB04204638BDA1
:10B2F0004FF0FF3070474FF0FF3070474FF0FF3096
:10B300007047000010B50E4B5B680C462BB90D4B17
:10B310001A68537B34B1013B05E0984740B20028DE
:10B32000F5D010BD01335373537BC3EBC30203EB62
:10B33000C203DBB21D2B34BF04200020F1E700BFA5
:10B340008C5E0020845E00202DE9F0470025A4B02B
:10B35000494E8DF80E5004460F4691462946442228
:10B3600013A898468DF80F50129500F0DBF8294687
:10B370003068DFF808A10422FBF778FA054648B9DF
:10B38000DAF800103068042201F59061FBF78CFABE
:10B3900033681D7394F908203368DAF80010032A23
:10B3A00004DD1A7A12B9B1F888241A81CDE9053181
:10B3B000334B627A1B6807934823ADF82030002393
:10B3C000099323680A9363680B93A37A8DF830304E
:10B3D000D4E9030101238DF810208DF8313094F960
:10B3E00008208DF8112004AB11930DAB83E8030006
:10B3F000237DE18A8DF83C301046FFF725FB0DF1E7
:10B400000F0310900093CDF804900DF10E0312AAD3
:10B4100041460AA8FBF716FC054680B9637A93B14A
:10B420009DF80E100139F1F7EBFA24AB184410F82F
:10B43000483C3B70397830684822FBF7FEF92846D3
:10B4400024B0BDE8F08794F90830306853B1007A31
:10B450002A46D3B240FA03F1C90702F10102F8D536
:10B460004033E6E73A4600F10C01F9F745F90328C5
:10B47000E0D10546E3E700BF845E0020885E00203F
:10B48000805E00200320704701207047034B03EBD0
:10B490008103985620EAE070C0B27047D0BF03081D
:10B4A00010B586B00B4B01938368029340F61703E7
:10B4B000ADF80C3002238DF80E30436804930388F6
:10B4C000ADF8143001A80C46FBF734FB08232370B9
:10B4D00006B010BDE4BF030803C8024B83E80300B5
:10B4E000704700BF8C5E002010B5013902449042C5
:10B4F00001D1002005E0037811F8014FA34201D0EB
:10B50000181B10BD0130F2E70A44914200F1FF33ED
:10B5100000D1704710B511F8014B03F8014F91426B
:10B52000F9D110BD02440346934200D1704703F89D
:10B53000011BF9E700000000C1F30A52F8B5A2F2BE
:10B54000FF35132D0B4684460C46064630DC002D95
:10B550001EDB354F2F4101EA0702024315D030A30D
:10B56000D3E90023E2F75AFD00220023E2F78AFF25
:10B5700048B1002C04DA4FF4801343FA05F52C444B
:10B5800024EA070400262346B44660461946F8BD5F
:10B5900023A3D3E90023E2F741FD00220023E2F7D1
:10B5A00071FF0028EFD0002C24DB00263446EAE7A8
:10B5B000332D08DDB5F5806FE7D10246E2F72EFDA9
:10B5C00084460B46E1E7A2F213424FF0FF37D74023
:10B5D0000742DAD012A3D3E90023E2F71FFD0022CD
:10B5E0000023E2F74FFF0028CDD0002C0BDB26EA2A
:10B5F0000706C8E724F000430C4A1E43002E18BF7C
:10B6000014460026BFE7142D08D00123C5F13405E8
:10B6100003FA05F5AE1928BFE418E8E70134E6E7B8
:10B620009C7500883CE4377EFFFF0F000000F0BFF0
:10B63000C194C10000000000B2270000000000001B
:10B6400000000000000000000000000000000000FA
:10B650000000000050554400A0AA9900A0AA99003B
:10B66000A0AA9900000000000100000002000000F4
:10B6700000000000000000FF0000FFFF00FFFFFFD0
:10B680000000000000FF0000FFFF0000FFFF00FFC0
:10B6900000000000FF000000FFFF0000FFFFFF00B0
:10B6A0002017ED1C2081051D20EB1D1D2055361D8A
:10B6B00020BF4E1D2029671D80D7711D20FD971DBD
:10B6C000FFFF0F00E039762E000000005000000060
:10B6D0002047792E000000005000000060547C2EAE
:10B6E0000000000050000000D8B9D119000000008F
:10B6F0005000000018C7D4190000000050000000DE
:10B7000058D4D7190000000050000000A027BE3315
:10B710000000000050010000E034C13300000000D0
:10B72000500100002042C43300000000500100001E
:10B7300064CE8F33000000005000000084FE94337C
:10B740000000000050000000E8E19D330000000010
:10B75000500000002021F6360000000050000000DC
:10B76000602EF9360000000050000000A03BFC36BF
:10B770000000000050000000A05CCA330000000080
:10B7800070000000E069CD33000000007000000090
:10B790005255495F352E302E325F52414B3331378F
:10B7A000322D450072616B333137320073746D3363
:10B7B00032776C6535787800323032353033313756
:10B7C0000000000030323438343900006538353339
:10B7D000363863383A36323764303630313A66625A
:10B7E0003731303861343A30386265363037643A50
:10B7F00034346436373436323A64663162626638DD
:10B80000323A38323736323961373A353933346281
:10B810003131653A31646534336261393A62376295
:10B8200065643662313A36613364363834323A62AE
:10B83000396433396162363A643563366538386461
:10B840003A61323961616136653A64613534353760
:10B8500039643A64316537353231343A313336350B
:10B86000666230633A37313439343665623A62663B
:10B870003031313365383A3365636662316465006F
:10B88000312E352E31330000332E322E3900000098
:10B89000B5ED010859EE0108C5ED010865EE010896
:10B8A00025EE010871EE010800000000D5ED010849
:10B8B0008DED010815ED010829ED010835ED0108B0
:10B8C0004DED010865ED010869ED01087DED010808
:10B8D0002530326468253032646D2530326473203F
:10B8E0006F6E20253032642F253032642F2530349E
:10B8F00064000000010000000300000005000000DB
:10B900000100000001000000060000000A00000025
:10B9100020000000020000000400000008000000F9
:10B920001000000040000000800000000001000046
:10B930000002000000000000000000000000000005
:10B9400000000000010000000200000003000000F1
:10B9500004000000A0860100400D0300801A0600CC
:10B9600000350C0040420F0080841E0000093D009D
:10B9700000127A000024F40000366E010048E8014D
:10B98000006CDC020000000000000000000000006D
:10B990000000000004050600080109020A03000077
:10B9A000841E0000093D0000127A000024F400000B
:10B9B00048E8010090D0030020A10700000000002B
:10B9C000B128000061510000C3A200000201000381
:10B9D000313E020875310208E9340208E5330208F5
:10B9E000B53D0208993D0208C13A020835390208FE
:10B9F000A53002087D400208D93E02086D340208D5
:10BA00006D31020811340208E9330208AD3302082F
:10BA1000A3330208D5300208D13002089F33020850
:10BA20009B33020881340208AD34020891330208C6
:10BA30009131020811310208ED3002086941020813
:10BA4000D9300208213702082D3502089941020831
:10BA50009F410208C01200001F000000A81600004D
:10BA600017000000841C00000F000000E425000007
:10BA70001E000000B42D0000160000000839000070
:10BA80000E0000002C4C00001D000000685B000050
:10BA900015000000747200000D00000058980000AE
:10BAA0001C00000034B7000014000000E8E40000AF
:10BAB0000C000000783101001B000000686E0100DE
:10BAC0001300000034CA01000B00000028620200CD
:10BAD0001A00000040DB0200120000003C9303004B
:10BAE0000A000000C0C204001900000060B3050095
:10BAF00011000000382007000900000020A1070005
:10BB0000000000003C4E554C4C3E00303132333486
:10BB100035363738394142434445464748494A4B10
:10BB20004C4D4E4F505152535455565758595A0038
:10BB300030313233343536373839616263646566A3
:10BB40006768696A6B6C6D6E6F707172737475760D
:10BB50007778797A0053756E004D6F6E0054756575
:10BB6000005765640054687500467269005361743B
:10BB7000002B7E151628AED2A6ABF7158809CF4F3D
:10BB80003C00080A0C0D0E10121415181A1B1D1E6D
:10BB9000212400010101020305020501060202053C
:10BBA0000202060302010504040000000000000078
:10BBB000000000000002000048E8010048E8010021
:10BBC00048E8010048E8010048E8010048E80100B1
:10BBD00090D0030000000000030000000201000CF0
:10BBE0000B0A0908070732000000000000010201EB
:10BBF0000000000000020302010000000003040333
:10BC0000020100000004050403020100000506050E
:10BC100004030201000607060504030201070707E3
:10BC200006050403020707020202020202020202E0
:10BC300002020202020203020202020202030403DF
:10BC400002020202020405040302020202050605C2
:10BC5000040302020206070605040302020707079F
:10BC60000605040302070733337373F2F2F2F2009E
:10BC7000000B357DF2F2F20048E8010048E80100CF
:10BC800048E8010048E8010048E8010048E80100F0
:10BC900020A107000000000020A1070020A107004C
:10BCA00020A1070020A1070020A1070020A1070074
:10BCB0000000000000000000080808080808090843
:10BCC000080808080A09080808080B0A09080808EB
:10BCD0000C0B0A0908080D0C0B0A09080D0D0C0BBA
:10BCE0000A090C0B0A09080708000C0B0A090807C7
:10BCF000000033333373F2F2F2003581F2F2F2F2E4
:10BD000000000B357DF2F2003581F2F2F2F2000014
:10BD100048E8010048E8010048E8010048E801005F
:10BD200048E8010048E8010020A1070000000000E9
:10BD300000000000000001010101010102010101F8
:10BD400001010302010101010403020101010504D3
:10BD500003020101060504030201070605040302AC
:10BD60000C0B0A0908070732001756B8F2F2F2F274
:10BD700048E8010048E8010048E8010048E80100FF
:10BD800048E8010048E8010090D0030000000000EE
:10BD9000030000000201000C0B0A090807073233F8
:10BDA000333373F2F2F2F20048E8010048E8010090
:10BDB00048E8010048E8010048E8010048E80100BF
:10BDC00090D0030000000000030000000201000CFE
:10BDD0000B0A090807073233333373F2F2F2F20029
:10BDE00048E8010048E8010048E8010048E801008F
:10BDF00048E8010048E8010090D00300000000007E
:10BE0000030000000201000C0B0A09080707323387
:10BE1000333373F2F2F2F20048E8010048E801001F
:10BE200048E8010048E8010048E8010048E801004E
:10BE300090D0030000000000030000000201000C8D
:10BE40000B0A090807073200000000000001020188
:10BE500000000000000203020100000000030403D0
:10BE600002010000000405040302010000050505AD
:10BE700004030201000507000000000000000007A5
:10BE80000505040302070733333373F2F2F2F200BD
:10BE900048E8010048E8010048E8010048E80100DE
:10BEA00048E8010048E80100030000000201000C1E
:10BEB0000B0A09080733333373F2F20048E8010034
:10BEC00048E8010048E8010048E8010048E80100AE
:10BED00048E8010020A107000000000020A10700A1
:10BEE00020A1070020A1070020A1070020A1070032
:10BEF00020A107000000000000000000080808085A
:10BF000008080908080808080A09080808080B0AA8
:10BF1000090808080C0B0A0908080D0C0B0A090887
:10BF20000D0D0C0B0A090C0B0A09080708000C0B75
:10BF30000A090807000033333373F2F2F200358147
:10BF4000F2F2F2F2000000000B357DF2F2003581D2
:10BF500081F2F2F2F200000048E8010048E8010036
:10BF600048E8010048E8010048E8010048E801000D
:10BF700090D0030000000000030000000201000C4C
:10BF80000B0A090807073233333373F2F2F2F20077
:10BF900048E8010048E8010048E8010048E80100DD
:10BFA00020A10700000000000000000000000000C9
:10BFB00020A1070020A1070020A1070020A1070061
:10BFC00020A1070020A107000000000000000000E1
:10BFD0000A0908080B0A09080C0B0A090D0C0B0AC0
:10BFE0000D0D0C0B0A090807080000000C0B0A09CC
:10BFF000080700000B357DF2F20000003581F2F2F7
:10C00000F2F2000000000000B828FE7F01000000EE
:10C01000010000000000000000000000000000001F
:10C020000000000000000000000000000000000010
:10C03000CA000000810202089D020208A90202084B
:10C040001105020809040208B502020800000000F8
:10C0500000000000000000000000000000000000E0
:10C060000000000000000000C800000045050208B4
:10C070002D050208390502086109020800000000C8
:10C08000F1050208000000000000000000000000B0
:10C0900000000000000000000000000000000000A0
:10C0A000C9000000150A0208FD090208090A020871
:10C0B000AD0D020800000000850A02080000000023
:10C0C0000000000000000000000000000000000070
:10C0D000000000000000000000093D001000FF000B
:10C0E00055BB030859BB03085DBB030861BB0308CC
:10C0F00065BB030869BB03086DBB030801000000B2
:10C10000100000000100000000818280018485830E
:10C1100002878886038A8B890407058D40F70937D3
:10C1200040F709370080EE360042A53660F0AF36A2
:10C1300040F7093740F709370080EE360042A53650
:10C1400060F0AF3600EA063700EA0637C072EB3619
:10C15000C034A23620E3AC3600EA06370000000007
:10C160005000000000EA0637000000005000000008
:10C17000C072EB360000000050000000C034A23650
:10C18000000000005000000020E3AC36000000007A
:10C190005000000040F70937000000005000000088
:10C1A00040F7093700000000500000000080EE3624
:10C1B00000000000500000000042A5360000000012
:10C1C0005000000060F0AF3600000000500000009A
:10C1D000205D111C20E2E01C5100000020C7291C3A
:10C1E000204CF91C510000002031421C20B6111DCA
:10C1F00051000000209B5A1C20202A1D51000000E5
:10C20000A0F40B1E208A421D51000000A05E241ED7
:10C2100020F45A1D51000000A0C83C1E205E731D72
:10C2200051000000A032551E20C88B1D5100000097
:10C2300060B19A1C60B19A1C5100000060DECB1DF9
:10C2400060DECB1D510000006035081C20F45A1D33
:10C2500051000000E0B9261C20F45A1D51000000D6
:10C26000603E451C20F45A1D51000000E0C2631CD2
:10C2700020F45A1D510000006047821C20F45A1D12
:10C2800051000000E0CBA01CA08AF31D510000006B
:10C290006050BF1CA08AF31D51000000E0D4DD1CDB
:10C2A000A08AF31D510000006059FC1CA08AF31DF8
:10C2B00051000000E0DD1A1DA08AF31D51000000AE
:10C2C00090B70308A4B70308ACB70308B8B70308CE
:10C2D000C4B70308CCB7030880B8030888B80308BC
:00000001FF
